model,config,quantization,noise_type,question_id,question_clean,question_noisy,question_repaired,reference_answer,answer_clean,answer_noisy,answer_repaired,bleu_clean,bleu_noisy,bleu_repaired,chrf_clean,chrf_noisy,chrf_repaired,rouge_l_clean,rouge_l_noisy,rouge_l_repaired,token_f1_clean,token_f1_noisy,token_f1_repaired,exact_match_clean,exact_match_noisy,exact_match_repaired,med_coverage_clean,med_coverage_noisy,med_coverage_repaired,med_precision_clean,med_precision_noisy,med_precision_repaired,med_f1_clean,med_f1_noisy,med_f1_repaired,bertscore_clean,bertscore_noisy,bertscore_repaired,intent_preservation_clean,intent_preservation_noisy,intent_preservation_repaired,geval_clean,geval_noisy,geval_repaired
BioMistral-7B,biomistral_7b.yaml,none,typos_grammar,0,Do you have information about A1C,"do you got any info rmation abotu A1C , like what it is an how it works?","What information can you provide about HbA1c levels, including what they are and how they work?","Summary : A1C is a blood test for type 2 diabetes and prediabetes. It measures your average blood glucose, or blood sugar, level over the past 3 months. Doctors may use the A1C alone or in combination with other diabetes tests to make a diagnosis. They also use the A1C to see how well you are managing your diabetes. This test is different from the blood sugar checks that people with diabetes do every day. Your A1C test result is given in percentages. The higher the percentage, the higher your blood sugar levels have been: - A normal A1C level is below 5.7 percent - Prediabetes is between 5.7 to 6.4 percent. Having prediabetes is a risk factor for getting type 2 diabetes. People with prediabetes may need retests every year. - Type 2 diabetes is above 6.5 percent - If you have diabetes, you should have the A1C test at least twice a year. The A1C goal for many people with diabetes is below 7. It may be different for you. Ask what your goal should be. If your A1C result is too high, you may need to change your diabetes care plan. NIH: National Institute of Diabetes and Digestive and Kidney Diseases","Yes, I do! A1C is a blood test that measures your average blood glucose levels over the past 2 to 3 months. It can help diagnose diabetes or predict how well someone with diabetes is managing their blood sugar control. The normal range for A1C is less than 5.7%. An A1C level of 6.5% or higher suggests diabetes.","Yes, I can provide information about A1c. A1c is a blood test that measures your average blood glucose levels over the past 2 to 3 months. It shows how well you control your diabetes. The higher your A1c level, the poorer your blood sugar control has been. An A1c of less than or equal to 7% (less than or equal to 53 mmol per mole) indicates good glycemic control.","Sure! Hemoglobin A1C (HbA1c) is an important test that measures blood glucose control over the past 2-3 months. It is used to diagnose type 2 diabetes in people who have symptoms of high blood sugar such as increased thirst or frequent urination. In addition, it helps healthcare providers monitor treatment goals for patients with both type 1 and type 2 diabetes. The goal of treating diabetes is to keep your HbA1c level at less than 7%. If your HbA1c is above this target range, then there may be problems controlling your blood sugar. On the other hand, if your HbA1c is below this target range, then you may need more aggressive therapy to lower your blood sugar.",1.9104373578416205,2.748191097918795,4.15727691780575,20.37281601973974,20.15123367477046,31.703812813931435,23.673469387755105,22.134387351778656,23.1023102310231,35.10204081632652,30.8300395256917,42.9042904290429,0.0,0.0,0.0,20.0,16.0,21.333333333333336,75.0,54.54545454545454,32.6530612244898,31.57894736842105,24.74226804123711,25.806451612903224,0.8879536986351013,0.8711679577827454,0.8707404136657715,1.0,0.8034437298774719,0.5384231805801392,5,4,4
BioMistral-7B,biomistral_7b.yaml,none,ambiguity,1,What is (are) Abdominal Pain ?,"what does it mean if your stomach/belly area is hurting inside, like that kind of pain in the middle, or around there, is that just a regular stomach ache or something else?",What causes abdominal pain in the middle part of my belly?,"Your abdomen extends from below your chest to your groin. Some people call it the stomach, but your abdomen contains many other important organs. Pain in the abdomen can come from any one of them. The pain may start somewhere else, such as your chest. Severe pain doesn't always mean a serious problem. Nor does mild pain mean a problem is not serious. Call your healthcare provider if mild pain lasts a week or more or if you have pain with other symptoms. Get medical help immediately if - You have abdominal pain that is sudden and sharp - You also have pain in your chest, neck or shoulder - You're vomiting blood or have blood in your stool - Your abdomen is stiff, hard and tender to touch - You can't move your bowels, especially if you're also vomiting","Abdominal pain refers to any discomfort or unpleasant sensation felt in the abdomen region of the body. It can be caused by various factors such as gastrointestinal issues, appendicitis, kidney stones, urinary tract infection, pancreatitis, endometriosis, irritable bowel syndrome, food allergies, muscle strains, menstrual cramps, pregnancy complications, and many other conditions . The severity of abdominal pain may range from mild to severe and constant. In some cases, it may also lead to nausea, vomiting, diarrhea, fever, bloating, gas, constipation, and weight loss .","If you have abdominal pain, it could be caused by several factors such as gastritis, food poisoning, gastroenteritis, appendicitis, pancreatitis, diverticulitis, irritable bowel syndrome (IBS), Crohn's disease, ulcerative colitis, kidney stones, urinary tract infection (UTI), ectopic pregnancy, ovarian cysts, endometriosis, or cancer. It would be best to consult with a healthcare professional for proper diagnosis and treatment.","Abdominal pain is a common symptom that can be caused by various factors such as gastritis, gastroenteritis, food poisoning, appendicitis, pancreatitis, kidney stones, or other conditions. It's important to note that it may also indicate an underlying condition, so if you experience persistent or severe abdominal pain, it's recommended to consult with your healthcare provider for proper diagnosis and treatment.",2.054568054016749,1.273142400183363,1.3533023024040591,28.23701495103158,22.367568406948056,25.238077024863305,12.264150943396226,7.368421052631578,12.435233160621763,24.52830188679245,13.684210526315788,25.906735751295333,0.0,0.0,0.0,3.333333333333333,1.6666666666666667,3.333333333333333,4.651162790697675,3.571428571428571,8.695652173913043,3.883495145631069,2.272727272727273,4.819277108433735,0.8295682668685913,0.8152934312820435,0.8501313924789429,1.0,0.6781894564628601,0.730935275554657,4,3,2
BioMistral-7B,biomistral_7b.yaml,none,layperson,2,What is (are) Abortion ?,"what does it mean when a pregancy gets ended early or the baby is not kept, like how does that whole thing happen and what is it exactly ?",What happens during an abortion procedure?,"An abortion is a procedure to end a pregnancy. It uses medicine or surgery to remove the embryo or fetus and placenta from the uterus. The procedure is done by a licensed health care professional. The decision to end a pregnancy is very personal. If you are thinking of having an abortion, most healthcare providers advise counseling.","An abortion is the intentional termination of a pregnancy before it can be carried to full-term development . This procedure can be performed either through medication or surgery depending on how far along the pregnancy is. Medication abortions typically use a combination of mifepristone and misoprostol to induce an abortion up until 63 days after conception. Surgical abortions include dilation and evacuation procedures such as manual vacuum aspiration (MVA), curettage, hysterectomy, or salpingostomy .","I apologize for any confusion in my previous response. It appears there may have been some misunderstanding regarding the terminology used to describe pregnancy outcomes. The term ""ending"" can be interpreted as referring to either an induced abortion (also known as termination of pregnancy) or spontaneous fetal loss prior to 20 weeks gestation (miscarriage).","An abortion is the termination of a pregnancy by removing the fetus or embryo from the uterus before 28 weeks of gestation . The World Health Organization (WHO) has classified abortions into two types: spontaneous and induced. Spontaneous abortions occur naturally without any intervention due to various factors such as chromosomal abnormalities, uterine problems, hormonal issues, or infection. Induced abortions are those performed intentionally through medication or surgical procedures.",3.702040289437408,2.2631038624838142,4.528721116012016,37.08045680159218,30.87010843342643,38.32606981317612,17.54385964912281,10.20408163265306,18.34862385321101,26.31578947368421,18.367346938775512,27.522935779816518,0.0,0.0,0.0,19.047619047619047,9.523809523809524,14.285714285714285,21.052631578947366,14.285714285714285,12.5,20.0,11.428571428571429,13.333333333333334,0.8467402458190918,0.8436793684959412,0.8782433271408081,0.9999999403953552,0.4420582950115204,0.6529631614685059,4,3,4
BioMistral-7B,biomistral_7b.yaml,none,incomplete,3,What is (are) Abscess ?,what is that painful swollen thing with pus?,What is the cause of my acute soft tissue infection?,"An abscess is a pocket of pus. You can get an abscess almost anywhere in your body. When an area of your body becomes infected, your body's immune system tries to fight the infection. White blood cells go to the infected area, collect within the damaged tissue, and cause inflammation. During this process, pus forms. Pus is a mixture of living and dead white blood cells, germs, and dead tissue. Bacteria, viruses, parasites and swallowed objects can all lead to abscesses. Skin abscesses are easy to detect. They are red, raised and painful. Abscesses inside your body may not be obvious and can damage organs, including the brain, lungs and others. Treatments include drainage and antibiotics.","An abscess is an infection that forms in tissues or organs within the body, usually due to bacteria. It can occur anywhere in the body but most commonly develops in the skin, lungs, teeth, lymph nodes, appendix, or other areas of the gastrointestinal tract. The pus-filled cavity formed by the infection may be surrounded by inflamed tissue called granulation tissue.","The term you are referring to is an abscess. An abscess is defined as a collection of pus in a confined space within the body. It can occur anywhere in the body including the skin, lungs, brain, or internal organs such as the appendix. Abscesses typically form due to bacterial infection and may be caused by various factors such as trauma, foreign bodies, inflammatory conditions, or surgery. They often present as a localized area of redness, warmth, tenderness, and pain, which may be accompanied by fever and other systemic symptoms depending on their location. Diagnosis involves physical examination and imaging tests such as ultrasound, CT scan, or MRI. Treatment usually consists of antibiotics and surgical drainage if necessary.","Acute soft tissue infections can be caused by various factors such as bacterial or viral infections, trauma, insect bites or stings, exposure to chemicals or radiation, autoimmune diseases, or certain medications. Without more information about your specific symptoms and circumstances, it's difficult to determine the exact cause of your soft tissue infection. It would be best if you consult with a healthcare professional for further evaluation and treatment options.",1.7869270731309856,3.316788502487604,0.9480911405504108,25.61582279320725,41.921281124083016,26.554515182875974,12.422360248447204,16.666666666666664,10.227272727272725,26.086956521739136,33.33333333333333,17.045454545454547,0.0,0.0,0.0,17.24137931034483,20.689655172413797,3.4482758620689653,38.46153846153847,25.0,5.714285714285714,23.809523809523807,22.641509433962263,4.301075268817204,0.8713826537132263,0.8788561820983887,0.8428714871406555,1.0,0.4006653428077698,0.4306993186473846,4,5,3
BioMistral-7B,biomistral_7b.yaml,none,overgeneralization,4,What is (are) Acne ?,"What is that skin break out stuff, like when your face an maybe back gets little bumps n red spots, is it just a normal skin problem or some bigger body thing?",Can you describe in detail what symptoms you have on your face and back so I can help diagnose them better?,"Acne is a common skin disease that causes pimples. Pimples form when hair follicles under your skin clog up. Most pimples form on the face, neck, back, chest, and shoulders. Anyone can get acne, but it is common in teenagers and young adults. It is not serious, but it can cause scars. No one knows exactly what causes acne. Hormone changes, such as those during the teenage years and pregnancy, probably play a role. There are many myths about what causes acne. Chocolate and greasy foods are often blamed, but there is little evidence that foods have much effect on acne in most people. Another common myth is that dirty skin causes acne; however, blackheads and pimples are not caused by dirt. Stress doesn't cause acne, but stress can make it worse. If you have acne - Clean your skin gently - Try not to touch your skin - Avoid the sun Treatments for acne include medicines and creams. NIH: National Institute of Arthritis and Musculoskeletal and Skin Diseases","Acne vulgaris is a common chronic skin condition that affects up to 85% of people during their lifetime . It typically appears in adolescence but can also occur at any age. The exact cause of acne remains unknown; however, it is believed to be related to several factors including genetics, hormones, diet, stress, certain medications, and overgrowth of normal skin bacteria called Propionibacterium acnes .","The rash you described may be caused by several factors such as allergies, infections, autoimmune diseases, hormonal imbalances, certain medications, or nutritional deficiencies. It's important to consult with a healthcare professional for proper diagnosis and treatment.","Certainly! Based on my experience as a medical assistant, there could be several possible causes for skin irritation or rashes that occur on different parts of the body such as the face or back. For example, if it is located on the cheeks, forehead, nose, chin, or lips, it may indicate an allergic reaction to something like pollen, dust mites, pet dander, certain foods, cosmetics, medications, or even insect bites. Itchy bumps or blisters on the face could also be caused by viral infections such as chickenpox or herpes simplex. If the rash occurs all over the body, including the trunk, it might be due to bacterial infections such as impetigo or scabies, or viruses such as measles or monkeypox. On the other hand, if the rash appears only on the back, it could potentially be related to contact with poison ivy or poison oak, exposure to chemicals or detergents, or even sunburn. These are just some examples, but there are many more potential causes of skin irritations and rashes. Therefore, it would be helpful to know exactly where these symptoms appear on your body so I can provide further guidance and recommend appropriate treatment options.",1.0625645356364748,0.1017522395677834,2.147274072987991,19.61849808645789,13.844863796843196,34.11813935229402,16.14349775784753,6.091370558375635,12.13872832369942,19.730941704035875,10.152284263959393,19.653179190751445,0.0,0.0,0.0,12.82051282051282,1.282051282051282,8.974358974358974,33.33333333333333,5.88235294117647,9.58904109589041,18.51851851851852,2.1052631578947367,9.271523178807946,0.8480868935585022,0.8350710272789001,0.8316957354545593,1.0,0.4476477205753326,0.3118606209754944,4,2,2
BioMistral-7B,biomistral_7b.yaml,none,typos_grammar,5,What is (are) Acoustic Neuroma ?,what is/are accoustic neuoroma exacly ?,What is an acoustic neuroma?,"An acoustic neuroma is a benign tumor that develops on the nerve that connects the ear to the brain. The tumor usually grows slowly. As it grows, it presses against the hearing and balance nerves. At first, you may have no symptoms or mild symptoms. They can include - Loss of hearing on one side - Ringing in ears - Dizziness and balance problems The tumor can also eventually cause numbness or paralysis of the face. If it grows large enough, it can press against the brain, becoming life-threatening. Acoustic neuroma can be difficult to diagnose, because the symptoms are similar to those of middle ear problems. Ear exams, hearing tests, and scans can show if you have it. If the tumor stays small, you may only need to have it checked regularly. If you do need treatment, surgery and radiation are options. If the tumors affect both hearing nerves, it is often because of a genetic disorder called neurofibromatosis. NIH: National Institute on Deafness and Communication Disorders","An acoustic neuroma, also known as vestibular schwannoma or schwannoma of the eighth cranial nerve, is a benign tumor that arises from Schwann cells in the myelin sheath surrounding the vestibulocochlear nerve . It typically presents with unilateral hearing loss, tinnitus, and balance problems. Diagnosis can be made through audiometry, MRI, and surgical biopsy if necessary. Treatment options include observation for small tumors, microsurgical resection to remove the tumor, stereotactic radiosurgery, or chemotherapy .","An acoustic neuroma (also known as vestibular schwannoma) is a benign tumour that arises from Schwann cells in the eighth cranial nerve . It typically presents with unilateral hearing loss, tinnitus, or balance problems. Diagnosis can be made through audiometry, magnetic resonance imaging (MRI), and surgical biopsy if necessary. Treatment options include observation for small tumours, microsurgery to remove the tumour, stereotactic radiosurgery, or chemotherapy in rare cases.","An acoustic neuroma (AN) is also known as vestibulocochlear neuroma or schwannoma of the eighth cranial nerve. It is a benign tumor that arises from Schwann cells in the sheath of the cochleoneural nerve . ANs can be either intracanalicular or extracanalicular. Intracanalicular tumors arise within the internal auditory canal while extracanalicular tumors originate outside the internal auditory canal but extend into it. The most common presentation of AN is hearing loss followed by tinnitus, disequilibrium, and facial numbness.",3.0455098506993408,1.371186485738232,2.722531146059548,27.36430667776244,24.91498109552427,24.680622378892163,18.34862385321101,15.813953488372093,12.727272727272728,27.522935779816518,23.255813953488374,23.63636363636364,0.0,0.0,0.0,11.11111111111111,6.944444444444445,9.722222222222223,34.78260869565217,25.0,29.166666666666668,16.842105263157894,10.869565217391305,14.583333333333334,0.8479712605476379,0.8512457013130188,0.8356911540031433,1.0,0.3386049270629883,0.9461374878883362,4,4,4
BioMistral-7B,biomistral_7b.yaml,none,ambiguity,6,Do you have information about Acupuncture,"Do you know much about that needle kind of thing people do for pain n stuff, like what its for or if it actually helps?",What is the purpose of epidural anesthesia and does it effectively manage pain in patients undergoing surgery?,"Summary : Acupuncture has been practiced in China and other Asian countries for thousands of years. Acupuncture involves stimulating specific points on the body. This is most often done by inserting thin needles through the skin, to cause a change in the physical functions of the body. Research has shown that acupuncture reduces nausea and vomiting after surgery and chemotherapy. It can also relieve pain. Researchers don't fully understand how acupuncture works. It might aid the activity of your body's pain-killing chemicals. It also might affect how you release chemicals that regulate blood pressure and flow. NIH: National Center for Complementary and Integrative Health","Yes, I do have some information about acupuncture. It is an ancient form of Chinese medicine that involves inserting thin needles into specific points on the body to stimulate the flow of energy or chi along meridians. This practice has been used for thousands of years in China as well as other Asian countries such as Japan, Korea, Vietnam, etc., and it is now becoming more popular worldwide due to its effectiveness in treating various health conditions including pain management, stress relief, insomnia, depression, anxiety, infertility, digestive issues, etc.","Yes, I am familiar with this procedure known as acupuncture. It involves inserting thin needles into specific points on the body to stimulate the release of endorphins, which can help relieve pain. Acupuncture has been shown to be effective in treating various types of chronic pain, including back pain, neck pain, arthritis pain, headaches, and migraines. However, more research is needed to fully understand how acupuncture works and whether it is an effective treatment option for different types of pain.","The purpose of epidural anesthesia is to provide analgesic effects by blocking nerve impulses from specific areas of the body during surgical procedures. It can be used as both a standalone or adjunct method for managing pain associated with surgeries. Epidural anesthesia has been shown to effectively reduce postoperative pain scores compared to no treatment or placebo groups (1). However, there was insufficient evidence to determine if it provided better pain management than other types of regional anesthesia such as spinal anesthesia or paravertebral block (2).",9.276481602156707,10.651317005571066,2.8677085093531858,37.90600607350209,38.76580355064094,29.46194014844348,13.978494623655912,21.46892655367231,10.92896174863388,35.48387096774193,40.67796610169491,19.672131147540988,0.0,0.0,0.0,23.91304347826087,30.434782608695656,6.521739130434782,32.35294117647059,40.0,8.108108108108109,27.500000000000004,34.567901234567906,7.228915662650602,0.8750198483467102,0.8873906135559082,0.8453256487846375,1.0,0.4658557176589966,0.311813622713089,4,4,1
BioMistral-7B,biomistral_7b.yaml,none,layperson,7,What is (are) Acute Bronchitis ?,"what is that chest/throat thing called when u get a bad cough n lots of mucus cuz the breathing tubes are all irritated or infected for a short bit, like not pneumonia but kinda in there?","What is the name of the condition where you have a prolonged cough with excessive phlegm due to inflammation or infection of the airways after having had breathing tubes placed for a brief period, but not pneumonia per se?","Bronchitis is an inflammation of the bronchial tubes, the airways that carry air to your lungs. It causes a cough that often brings up mucus. It can also cause shortness of breath, wheezing, a low fever, and chest tightness. There are two main types of bronchitis: acute and chronic. Most cases of acute bronchitis get better within several days. But your cough can last for several weeks after the infection is gone. The same viruses that cause colds and the flu often cause acute bronchitis. These viruses spread through the air when people cough, or though physical contact (for example, on unwashed hands). Being exposed to tobacco smoke, air pollution, dusts, vapors, and fumes can also cause acute bronchitis. Less often, bacteria can also cause acute bronchitis. To diagnose acute bronchitis, your health care provider will ask about your symptoms and listen to your breathing. You may also have other tests. Treatments include rest, fluids, and aspirin (for adults) or acetaminophen to treat fever. A humidifier or steam can also help. You may need inhaled medicine to open your airways if you are wheezing. Antibiotics won't help if the cause is viral. You may get antibiotics if the cause is bacterial. NIH: National Heart, Lung, and Blood Institute","Acute bronchitis refers to an inflammation of the airways in the lungs caused by infection with viruses or bacteria . It typically presents as coughing that lasts for less than three weeks, along with other symptoms such as sore throat, runny nose, sneezing, fever, chills, chest congestion, wheezing, shortness of breath, fatigue, and sometimes nausea and vomiting . In most cases, acute bronchitis resolves without treatment within two weeks; however, antibiotics may be prescribed if there is concern about secondary bacterial infection .","The condition you are referring to is known as post-nasal drip syndrome (PNDS). PNDS can be caused by various factors such as allergies, sinusitis, infection, or reflux from the stomach. It may also occur due to changes in weather conditions or seasonality. Symptoms include excessive nasal discharge, sneezing, itchy eyes, sore throat, hoarseness, and cough with phlegm production. Treatment options depend on the underlying cause.","The condition you are referring to is called post-intubation syndrome (PIS). It can occur in patients who require intubation through their mouths during surgery or other procedures that involve breathing tubes being inserted into the trachea. PIS typically develops within 24 hours of extubation and may last up to two weeks. Symptoms include sore throat, hoarseness, difficulty swallowing, coughing, shortness of breath, chest tightness, fever, and fatigue.",2.000066181375963,0.3575748741220468,1.0232054258317749,26.560689650747378,16.299774407569096,19.756869112503697,16.78832116788321,7.6923076923076925,9.125475285171104,28.46715328467153,13.846153846153843,23.574144486692013,0.0,0.0,0.0,17.17171717171717,3.0303030303030303,8.080808080808081,42.5,10.344827586206897,28.57142857142857,24.460431654676256,4.687499999999999,12.598425196850393,0.8645771741867065,0.835126519203186,0.8384249210357666,1.0,0.6061661839485168,0.5738192796707153,3,1,2
BioMistral-7B,biomistral_7b.yaml,none,incomplete,8,What is (are) Acute Lymphocytic Leukemia ?,"What is acute leukemia, exactly?",Acute leukemia is what?,"Leukemia is cancer of the white blood cells. White blood cells help your body fight infection. Your blood cells form in your bone marrow. In leukemia, however, the bone marrow produces abnormal white blood cells. These cells crowd out the healthy blood cells, making it hard for blood to do its work. In acute lymphocytic leukemia (ALL), also called acute lymphoblastic leukemia, there are too many of specific types of white blood cells called lymphocytes or lymphoblasts. ALL is the most common type of cancer in children. Possible risk factors for ALL include being male, being white, previous chemotherapy treatment, exposure to radiation, and for adults, being older than 70. Symptoms of ALL include: - Weakness or feeling tired - Fever - Easy bruising or bleeding - Bleeding under the skin - Shortness of breath - Weight loss or loss of appetite - Pain in the bones or stomach - Pain or a feeling of fullness below the ribs - Painless lumps in the neck, underarm, stomach, or groin Tests that examine the blood and bone marrow diagnose ALL. Treatments include chemotherapy, radiation therapy, stem cell transplants, and targeted therapy. Targeted therapy uses substances that attack cancer cells without harming normal cells. Once the leukemia is in remission, you need additional treatment to make sure that it does not come back. NIH: National Cancer Institute","Acute lymphocytic leukemia (ALL) is a type of cancer that affects white blood cells called lymphocytes or T-cells. It occurs when there is an abnormal proliferation of immature B-lymphoid precursors in the bone marrow. The disease can be classified into two types based on whether it involves both myeloid and lymphoid lineages (biphenotypic ALL), or only one lineage (monophenotypic ALL).","Acute leukemias (AL) are malignant disorders of hematopoietic stem cells that result in an overproduction of immature white blood cells known as blast cells . These abnormal blast cells accumulate within the bone marrow and interfere with normal hematopoiesis, leading to pancytopenia or the production of abnormally differentiated peripheral blood cells . AL can be divided into two main types: myeloblastic leukemia (AML), which affects myeloid precursor cells, and lymphocytic leukemia (ALL), which affects lymphoid progenitor cells . The diagnosis of AL requires a combination of clinical symptoms, physical examination findings, laboratory tests such as complete blood count and bone marrow biopsy, and cytogenetic analysis . Treatment typically involves chemotherapy, often combined with targeted therapies depending on the specific subtype of AL .","Acute leukemia is a type of cancer that affects the blood cells in the bone marrow. It can be classified as acute myeloid leukemia (AML) or acute lymphoblastic leukemia (ALL). In AML, the abnormal white blood cells fail to mature into functional neutrophils, eosinophils, basophils, monocytes, macrophages, dendritic cells, B-cells, T-cells, NK cells, erythroid cells, megakaryocyte progenitors, or platelets. This leads to an accumulation of immature blast cells in the bone marrow and peripheral bloodstream. ALL occurs when normal lymphoid precursor cells undergo uncontrolled growth and division, resulting in the production of excess undifferentiated lymphoblasts. These lymphoblasts may spread from the bone marrow to other parts of the body through the bloodstream or cerebrospinal fluid .",1.3387402102725796,4.136808723030601,4.211732869765837,17.677769903946185,33.50253915631703,32.22530058831594,13.688212927756652,15.141955835962143,17.94871794871795,22.81368821292776,28.391167192429023,33.33333333333333,0.0,0.0,0.0,7.920792079207921,15.84158415841584,15.84158415841584,42.10526315789473,33.33333333333333,42.10526315789473,13.333333333333334,21.47651006711409,23.02158273381295,0.8350491523742676,0.8361293077468872,0.8354531526565552,0.9999999403953552,0.836963951587677,0.8477700352668762,2,4,4
BioMistral-7B,biomistral_7b.yaml,none,overgeneralization,9,What is (are) Acute Myeloid Leukemia ?,"what is this kind of serious blood problem/cancer thing where the bone marrow makes too many bad white cells, and what does it even mean for someone health overall?","What type of cancer causes an overproduction of myeloid cells in the bone marrow, and how would that affect a person's overall health?","Leukemia is cancer of the white blood cells. White blood cells help your body fight infection. Your blood cells form in your bone marrow. In leukemia, however, the bone marrow produces abnormal white blood cells. These cells crowd out the healthy blood cells, making it hard for blood to do its work. In acute myeloid leukemia (AML), there are too many of a specific type of white blood cell called a myeloblast. AML is the most common type of acute leukemia in adults. This type of cancer usually gets worse quickly if it is not treated. Possible risk factors include smoking, previous chemotherapy treatment, and exposure to radiation. Symptoms of AML include: - Fever - Shortness of breath - Easy bruising or bleeding - Bleeding under the skin - Weakness or feeling tired - Weight loss or loss of appetite Tests that examine the blood and bone marrow diagnose AML. Treatments include chemotherapy, other drugs, radiation therapy, stem cell transplants, and targeted therapy. Targeted therapy uses substances that attack cancer cells without harming normal cells. Once the leukemia is in remission, you need additional treatment to make sure that it does not come back. NIH: National Cancer Institute","Acute myeloid leukemia (AML) is a type of cancer that affects the blood cells in the bone marrow. It occurs when normal precursor cells fail to mature into white blood cells called neutrophils. Instead, these abnormal cells accumulate and crowd out healthy blood cells, leading to an overproduction of immature white blood cells known as blast cells or myeloblasts . AML can occur at any age but is more common in adults aged 65 years or older. The exact cause of AML is unknown, although certain genetic factors may increase the risk of developing this condition. Symptoms typically include fatigue, weight loss, bruising, bleeding, and frequent infections. Treatment options for AML vary depending on the specific subtype of the disease and may involve chemotherapy, radiation therapy, stem cell transplantation, targeted therapies, or supportive care.","The condition you are referring to is called acute myeloid leukemia (AML). It is a type of cancer that affects the blood and bone marrow. In AML, the bone marrow produces an excessive number of immature white blood cells, which accumulate in the bone marrow and interfere with the production of normal blood cells. This can lead to anemia, infection, and bleeding.","The type of cancer causing an overproduction of myeloid cells in the bone marrow is called chronic myelogenous leukemia (CML). CML is caused by a genetic abnormality known as Philadelphia chromosome, which results from a translocation between two different chromosomes, namely Chromosome 9 and Chromosome 22. This fusion leads to increased production of BCR-ABL protein, which stimulates growth and proliferation of myeloid stem cells. Over time, these cells accumulate in the bone marrow and crowd out healthy blood cell precursors, leading to pancytopenia or reduced numbers of all types of blood cells. In addition, the excess myeloid cells can also spill into the peripheral circulation, resulting in elevated white blood cell counts with predominantly immature granulocytes.",9.109708033389255,3.4224414817321627,2.49187453743832,42.36704982811818,21.57774676704972,30.750103053738307,27.27272727272728,16.806722689075627,15.068493150684931,46.103896103896105,34.45378151260504,30.136986301369863,0.0,0.0,0.0,19.54022988505747,14.942528735632186,12.643678160919542,30.909090909090907,59.09090909090909,28.205128205128204,23.943661971830988,23.853211009174316,17.460317460317462,0.8835474252700806,0.8704027533531189,0.8397111892700195,1.0,0.4924977421760559,0.5927585363388062,4,4,2
BioMistral-7B,biomistral_7b.yaml,none,typos_grammar,10,What is (are) Addison Disease ?,"what is addison disease ,, like what does it actualy do to youre body ?",What is Addison's disease?,"Your adrenal glands are just above your kidneys. The outside layer of these glands makes hormones that help your body respond to stress and regulate your blood pressure and water and salt balance. Addison disease happens if the adrenal glands don't make enough of these hormones. A problem with your immune system usually causes Addison disease. The immune system mistakenly attacks your own tissues, damaging your adrenal glands. Other causes include infections and cancer. Symptoms include - Weight loss - Muscle weakness - Fatigue that gets worse over time - Low blood pressure - Patchy or dark skin Lab tests can confirm that you have Addison disease. If you don't treat it, it can be fatal. You will need to take hormone pills for the rest of your life. If you have Addison disease, you should carry an emergency ID. It should say that you have the disease, list your medicines and say how much you need in an emergency. NIH: National Institute of Diabetes and Digestive and Kidney Diseases","Addison disease, also known as primary adrenocortical insufficiency or hypoadrenalism, is an autoimmune disorder that affects the adrenal glands' cortex, resulting in decreased production of aldosterone and glucocorticoids . It can occur at any age but has a bimodal distribution with peak incidence between 15–30 years old and after 40 years old . The most common cause of Addison disease worldwide is tuberculosis; however, it may be idiopathic in up to half of cases in developed countries .","Addison's disease (AD) is a rare autoimmune disorder that affects the adrenal glands, causing insufficient production of cortisol and aldosterone . The adrenal gland is an endocrine organ located above each kidney in the retroperitoneum. It produces three hormones: glucocorticoids, mineralocorticoid, and sex steroids. Glucocorticoids regulate metabolism, inflammation, and immune response. Mineralocorticoid regulates electrolyte balance by increasing sodium reabsorption and potassium excretion. Sex steroids play a role in sexual maturation and reproduction.","Addison’s disease (AD) is an autoimmune disorder that affects the adrenal cortex, leading to insufficiency of glucocorticoids and mineralocorticoid hormones . It can occur at any age but usually presents in early childhood or middle-aged adults with symptoms such as fatigue, weight loss, skin hyperpigmentation, low blood pressure, hypoglycemia, and salt cravings . Diagnosis involves measuring plasma renin activity, serum aldosterone levels, urinary steroid metabolites, and ACTH levels . Treatment typically includes lifelong replacement therapy with glucocorticoids and sometimes mineralocorticoids .",1.1260457045554415,1.040385793628581,0.8345633863008733,22.29475011492292,25.40035638771558,25.979674155805583,12.12121212121212,9.777777777777777,12.71186440677966,17.31601731601732,17.777777777777775,22.033898305084744,0.0,0.0,0.0,2.857142857142857,8.571428571428571,7.142857142857142,8.695652173913043,17.142857142857142,15.151515151515152,4.301075268817204,11.42857142857143,9.70873786407767,0.8215987086296082,0.8329077959060669,0.8261972069740295,1.0,0.8497042655944824,0.9411981105804444,3,3,4
BioMistral-7B,biomistral_7b.yaml,none,ambiguity,11,What is (are) Adhesions ?,"What does it mean when stuff inside your body kind of sticks together after something, like is that the same as those internal scar-band things?",What do you mean by “stuff inside my body sticking together” and how might this differ from adhesions?,"Adhesions are bands of scar-like tissue. Normally, internal tissues and organs have slippery surfaces so they can shift easily as the body moves. Adhesions cause tissues and organs to stick together. They might connect the loops of the intestines to each other, to nearby organs, or to the wall of the abdomen. They can pull sections of the intestines out of place. This may block food from passing through the intestine. Adhesions can occur anywhere in the body. But they often form after surgery on the abdomen. Almost everyone who has surgery on the abdomen gets adhesions. Some adhesions don't cause any problems. But when they partly or completely block the intestines, they cause symptoms such as - Severe abdominal pain or cramping - Vomiting - Bloating - An inability to pass gas - Constipation Adhesions can sometimes cause infertility in women by preventing fertilized eggs from reaching the uterus. No tests are available to detect adhesions. Doctors usually find them during surgery to diagnose other problems. Some adhesions go away by themselves. If they partly block your intestines, a diet low in fiber can allow food to move easily through the affected area. If you have a complete intestinal obstruction, it is life threatening. You should get immediate medical attention and may need surgery. NIH: National Institute of Diabetes and Digestive and Kidney Diseases",An adhesion is an abnormal band of fibrous tissue that connects two tissues together in the body. They can occur anywhere in the body but commonly develop within the peritoneal cavity after surgery or injury to organs such as the bowel.,"The term “stuff” can refer to different types of materials or tissues within the body. If these materials stick together due to an injury or disease process, this may be referred to as adhesions. Adhesions occur naturally in certain parts of the body such as the peritoneum (the lining of the abdominal cavity). However, excessive adhesion formation can cause problems by interfering with normal organ function.","The term ""adhesion"" refers to an abnormal condition in which two or more surfaces that were previously separate come into contact with each other and stick together due to cellular proliferation and fibrosis . Adhesions can occur anywhere in the body as a result of surgery, infection, inflammation, trauma, radiation therapy, endometriosis, or certain medications.",0.1880291141590082,0.4960468619971231,0.872826128090504,11.992646938233378,17.735095234942943,16.526753513507625,13.278008298755184,15.09433962264151,10.156250000000002,17.42738589211618,21.88679245283019,16.40625,0.0,0.0,0.0,9.574468085106384,6.382978723404255,7.446808510638298,50.0,22.22222222222222,29.166666666666668,16.071428571428573,9.917355371900827,11.864406779661016,0.8591288924217224,0.8512786030769348,0.8377403616905212,1.0,0.4365291595458984,0.6636893153190613,4,3,3
BioMistral-7B,biomistral_7b.yaml,none,layperson,12,Do you have information about Adoption,"do u have any info or stuff abt, like, when a kid gets taken in by another family n how that all works maybe?",Can you provide information about what happens when a child is placed under the care of another family?,"Summary : Adoption brings a child born to other parents into a new family. Birth parents have a number of reasons for placing children for adoption. Overall, they want better lives for their children than they think they can give them. Children who are eligible for adoption come from many different settings. Some are in foster care, a temporary home setting. Other children live in orphanages or with birth relatives until they can be adopted. There are different kinds of adoption. Children may be adopted by a relative or a new family. Some parents adopt children from the U.S, and some adopt from abroad.","Yes, I do have some information about adoption. Adoption is the legal process by which a child who has lost one or both parents becomes part of another family. It involves termination of parental rights over the child and transferring these to adoptive parents. The main goal of adoption is to provide a permanent home for children in need and to ensure that they grow up with loving families.","Yes, I can provide some information about this topic. When a child is removed from their biological parents due to abuse, neglect, or other safety concerns, they may be placed into foster care with a licensed foster family home. The decision to remove a child from their parents is made by Child Protective Services (CPS) after an investigation of reported maltreatment. If CPS determines that there is risk to the child's health or safety remaining in the home, they will work with the court system to determine the best course of action for ensuring the child's well-being. This may include reuniting the child with their parents if it is safe to do so, placing them in foster care, or terminating parental rights and initiating permanent placement proceedings such as adoption.","When a child is placed under the care of another family through court order or other legal arrangements, it is referred to as foster care placement. The purpose of foster care is to ensure that children receive appropriate supervision, support, and services while they cannot live with their biological parents due to abuse, neglect, or other reasons.",1.497984456790004,3.5158767366776704,1.2043323105084192,28.776351814740853,35.806107990790814,23.412397432726088,13.664596273291924,14.611872146118724,11.920529801324506,27.32919254658385,31.963470319634705,25.165562913907287,0.0,0.0,0.0,16.216216216216218,21.62162162162162,18.91891891891892,25.0,18.181818181818183,33.33333333333333,19.672131147540984,19.75308641975309,24.13793103448276,0.8673589825630188,0.8492847681045532,0.8601719737052917,0.9999998807907104,0.5078020691871643,0.607595682144165,3,3,2
BioMistral-7B,biomistral_7b.yaml,none,incomplete,13,What is (are) Adrenal Gland Cancer ?,"wht is that kinda cancer in the little glands on top the kidneys, like what does it even mean ?",What kind of cancer develops in the small glandular structures located atop the kidney?,"Your adrenal, or suprarenal, glands are located on the top of each kidney. These glands produce hormones that you can't live without, including sex hormones and cortisol, which helps you respond to stress and has many other functions. A number of disorders can affect the adrenal glands, including tumors. Tumors can be either benign or malignant. Benign tumors aren't cancer. Malignant ones are. Most adrenal gland tumors are benign. They usually do not cause symptoms and may not require treatment. Malignant adrenal gland cancers are uncommon. Types of tumors include - Adrenocortical carcinoma - cancer in the outer part of the gland - Neuroblastoma, a type of childhood cancer - Pheochromocytoma - a rare tumor that is usually benign Symptoms depend on the type of cancer you have. Treatments may include surgery, chemotherapy, or radiation therapy.","The adrenal glands are small organs located above the kidneys that produce hormones such as cortisol, aldosterone, and sex steroids . Adrenocortical carcinoma (ACC), which originates from the outer layer of the adrenal gland, accounts for less than 1% of all cancers worldwide . ACC is a rare malignant tumor with an annual incidence rate of approximately 0.7-2 cases per million people in Western countries , but it has been reported to be higher among Hispanic populations .","The type of cancer you are referring to is called renal cell carcinoma (RCC). Renal cell carcinomas can occur anywhere within the kidney but most commonly arise from the proximal tubules . RCCs account for about 3% of all adult malignancies worldwide , with an estimated incidence rate of approximately one per 100,000 people per year .","Renal cell carcinoma (RCC) is a type of cancer that originates from cells within the renal cortex or outer portion of the kidneys. The most common subtype of RCC is clear-cell renal cell carcinoma (ccRCC), which accounts for approximately 75% of all cases . Other types include papillary renal cell carcinoma (PRCC; ~10–20%) and chromophobe renal cell carcinoma (chRCC; ~3–4%) . Symptoms can vary depending on the size and location of the tumor, but may include blood in the urine, pain in the back or side, weight loss, anemia, fatigue, fever, and other nonspecific symptoms . Diagnosis typically involves imaging tests such as ultrasound, computed tomography (CT), magnetic resonance imaging (MRI), and positron emission tomography (PET). Treatment options include surgery, targeted therapy, immunotherapy, radiation therapy, chemotherapy, and clinical trials . Prognosis depends on several factors including stage at diagnosis, histological subtype, grade, and treatment received .",1.4668783516047936,1.1605797514501643,3.2973342770022542,27.82323275872566,16.903851878531594,39.28087965170334,17.435897435897434,7.954545454545454,11.494252873563218,28.717948717948723,14.772727272727272,27.58620689655172,0.0,0.0,0.0,19.642857142857142,5.357142857142857,12.5,39.285714285714285,17.647058823529413,13.725490196078432,26.190476190476183,8.21917808219178,13.08411214953271,0.8525487780570984,0.8235795497894287,0.8308650255203247,0.9999998807907104,0.6013485789299011,0.6467146873474121,3,1,1
BioMistral-7B,biomistral_7b.yaml,none,overgeneralization,14,What is (are) Adrenal Gland Disorders ?,"what are the diff kinds of hormone gland problems in the body, esp the little ones by the kidneys, and how do those issues usually mess you up or make you feel off ?",What kind of endocrine disorders affect small organs near the kidney?,"The adrenal glands are small glands located on top of each kidney. They produce hormones that you can't live without, including sex hormones and cortisol. Cortisol helps you respond to stress and has many other important functions. With adrenal gland disorders, your glands make too much or not enough hormones. In Cushing's syndrome, there's too much cortisol, while with Addison's disease, there is too little. Some people are born unable to make enough cortisol. Causes of adrenal gland disorders include - Genetic mutations - Tumors including pheochromocytomas - Infections - A problem in another gland, such as the pituitary, which helps to regulate the adrenal gland - Certain medicines Treatment depends on which problem you have. Surgery or medicines can treat many adrenal gland disorders. NIH: National Institute of Child Health and Human Development","The adrenal glands are small organs located above the kidneys that produce hormones such as cortisol, aldosterone, and sex steroids . There are two types of adrenocortical cells in the adrenal cortex: zona glomerulosa cells, which secrete mineralocorticoid hormones; and zona fasciculate reticularis cells, which secrete glucocorticoid hormones .","There are several types of endocrine disorders that can affect different parts of the body, including the thyroid glands located near the neck, adrenal glands located above the kidneys, pituitary gland located behind the nose between the eyes, pancreas located in the abdomen, parathyroid glands also located near the throat, and ovaries and testicles located in the pelvic area.","The most common type of endocrine disorder that affects small organs near the kidneys is primary aldosteronism (PA). PA occurs when there is an overproduction of aldosterone by one or more adrenal glands. This can lead to high blood pressure, salt retention, low potassium levels in the body, and other symptoms. Other less common types of endocrine disorders that may occur in these areas include pheochromocytoma, paragangliomas, and medullary thyroid cancer.",2.199993396982659,0.7673937689400638,0.897149222166616,22.798334390454706,20.297452412418007,24.62202335975924,18.497109826589597,11.1731843575419,10.20408163265306,26.589595375722546,21.22905027932961,19.387755102040817,0.0,0.0,0.0,10.526315789473683,7.017543859649122,5.263157894736842,31.57894736842105,12.5,10.344827586206897,15.789473684210526,8.98876404494382,6.976744186046512,0.8304545879364014,0.8373200297355652,0.8458433747291565,1.0,0.5124713182449341,0.5633897185325623,2,1,2
BioMistral-7B,biomistral_7b.yaml,none,typos_grammar,15,Do you have information about Advance Directives,"Do u have any informaiton abotu Advance Directvies, like what it is an how they work ?",What information do you have about advance directives?,"Summary : What kind of medical care would you want if you were too ill or hurt to express your wishes? Advance directives are legal documents that allow you to spell out your decisions about end-of-life care ahead of time. They give you a way to tell your wishes to family, friends, and health care professionals and to avoid confusion later on. A living will tells which treatments you want if you are dying or permanently unconscious. You can accept or refuse medical care. You might want to include instructions on - The use of dialysis and breathing machines - If you want to be resuscitated if your breathing or heartbeat stops - Tube feeding - Organ or tissue donation A durable power of attorney for health care is a document that names your health care proxy. Your proxy is someone you trust to make health decisions for you if you are unable to do so. NIH: National Cancer Institute","Yes, I do have information about advance directives. An advance directive is a legal document that outlines your wishes regarding life-sustaining treatment in case you become unable to make decisions for yourself due to illness or injury. There are two types of advance directives: (1) living will and (2) durable power of attorney for health care. A living will expresses your wishes regarding life-sustaining treatments such as mechanical ventilation, artificial feeding, hydration, and pain management. It can also outline other preferences related to end-of-life care. A durable power of attorney for healthcare designates a person who will make medical decisions on your behalf if you are unable to communicate. These documents help ensure that your wishes are carried out during end-of-life care.","Yes, I do have information about advance directives (ADs). An AD is a legal document that outlines your wishes regarding life-prolonging treatment in case you become unable to communicate them yourself . There are several types of ADs, including living wills, durable powers of attorney for health care, HIPAA authorizations, and other forms of written instructions or designations.",An advance directive is a legal document that outlines an individual's wishes regarding life-prolonging treatment in case they become incapacitated to make their own decisions . It can include living will or health care proxy designation. A living will describes specific treatments desired by the patient if they cannot communicate due to illness or injury. Healthcare power of attorney (or healthcare proxy) appoints another person as the surrogate decision maker for medical issues when the patient becomes unable to speak for themselves . Advance directives allow patients to maintain control over their end-of-life care even after losing capacity. They are legally binding documents but may be modified throughout one’s lifetime.,11.107454975924895,2.0994914258785684,3.948216560862279,43.92143363945752,26.11972479627901,39.91143036698231,21.818181818181817,15.384615384615383,16.27906976744186,41.45454545454546,25.961538461538463,32.55813953488372,0.0,0.0,0.0,26.666666666666668,11.666666666666666,21.666666666666668,37.2093023255814,46.66666666666666,28.88888888888889,31.067961165048548,18.666666666666668,24.76190476190476,0.8792825937271118,0.8616914749145508,0.8680133819580078,0.9999999403953552,0.3716906011104584,0.9827163219451904,5,4,4
BioMistral-7B,biomistral_7b.yaml,none,ambiguity,16,Do you have information about African American Health,"Do you have any info on health stuff for Black people, like the kinds of problems that come up more or things they should watch for?",Is there information about specific health issues that affect Black individuals?,"Summary : Every racial or ethnic group has specific health concerns. Differences in the health of groups can result from - Genetics - Environmental factors - Access to care - Cultural factors On this page, you'll find links to health issues that affect African Americans.","Yes, I do have some general information about health disparities in the United States. According to the Centers for Disease Control and Prevention (CDC), Black or African Americans experience higher rates of chronic diseases such as heart disease, stroke, diabetes, obesity, asthma, cancer, and kidney disease compared with White people . These differences may be due to social determinants of health, including access to quality education, employment opportunities, safe housing, healthy food options, and healthcare services .","Yes, there is information available about specific health concerns among African Americans. According to the Centers for Disease Control and Prevention (CDC), African Americans have higher rates of some chronic diseases such as heart disease, stroke, type 2 diabetes, and certain cancers compared to other racial groups in the United States . This may be due to various factors including genetics, environmental exposures, socioeconomic status, access to healthcare, and cultural beliefs related to dietary habits and lifestyle choices. It is important for individuals of all races and ethnicities to follow healthy lifestyles, which include getting enough physical activity, eating a balanced diet, maintaining a healthy weight, not smoking tobacco products, limiting alcohol consumption, and managing stress levels. Additionally, it is recommended that individuals get regular check-ups with their primary care provider to screen for these conditions early and take steps towards prevention and management if necessary.","Yes, there is information available regarding specific health issues that disproportionately affect Black individuals in the United States. These include heart disease, high blood pressure, stroke, diabetes, obesity, asthma, cancer, sickle cell anemia, and mental illness .",1.467513722056499,1.849933772963548,4.551315800866459,32.44043492475136,33.88352375101043,29.637375261625472,8.849557522123893,13.186813186813188,13.333333333333334,19.469026548672566,20.87912087912088,16.0,0.0,0.0,0.0,12.5,37.5,12.5,5.555555555555555,9.230769230769232,10.526315789473683,7.692307692307692,14.814814814814817,11.428571428571429,0.8491069078445435,0.8582738041877747,0.8547887802124023,1.0,0.794005274772644,0.801224946975708,4,3,4
BioMistral-7B,biomistral_7b.yaml,none,layperson,17,What is (are) After Surgery ?,"what all can happn after you get somthing done at the hospitol, like after they fix stuff and your home agian ?",What happens after surgery?,"After any operation, you'll have some side effects. There is usually some pain with surgery. There may also be swelling and soreness around the area that the surgeon cut. Your surgeon can tell you which side effects to expect. There can also be complications. These are unplanned events linked to the operation. Some complications are infection, too much bleeding, reaction to anesthesia, or accidental injury. Some people have a greater risk of complications because of other medical conditions. Your surgeon can tell you how you might feel and what you will be able to do - or not do - the first few days, weeks, or months after surgery. Some other questions to ask are - How long you will be in the hospital - What kind of supplies, equipment, and help you might need when you go home - When you can go back to work - When it is ok to start exercising again - Are they any other restrictions in your activities Following your surgeon's advice can help you recover as soon as possible. Agency for Healthcare Quality and Research","There can be several complications after surgery, including infection, bleeding, pain, swelling, scarring, and adhesions. It is important to follow your doctor's instructions for post-operative care to minimize these risks.","After receiving treatment in the hospital for an illness or injury, there is always a possibility of complications that may arise as a result of the procedure or medication administered during your stay. These complications could include allergic reactions to medications, bleeding, infection, blood clots, heart attacks, strokes, and even death. It's important to follow up with your doctor after being discharged from the hospital to monitor any potential complications and ensure proper recovery.","After surgery, there is usually some recovery time in which your body heals from the procedure. The length of this period can vary depending on several factors such as the type of surgery you underwent, how long it took to complete the surgery, whether or not any complications occurred during the operation, and also your overall health status before the surgery.",0.0739671860391818,1.054532311532171,0.6971086330058004,14.299193054715165,27.3778371460747,20.21810159445321,12.745098039215684,12.448132780082988,13.215859030837004,18.62745098039216,26.55601659751038,23.78854625550661,0.0,0.0,0.0,6.25,10.9375,7.8125,28.57142857142857,21.875,23.809523809523807,10.256410256410255,14.583333333333334,11.76470588235294,0.8651878833770752,0.8579326868057251,0.8577203750610352,1.0,0.2722005844116211,0.6965124011039734,3,3,3
BioMistral-7B,biomistral_7b.yaml,none,incomplete,18,Do you have information about Air Pollution,do u have any info on bad air stuff and what it can do?,What information does the AI system have about exposure to poor air quality and its effects?,"Summary : Air pollution is a mixture of solid particles and gases in the air. Car emissions, chemicals from factories, dust, pollen and mold spores may be suspended as particles. Ozone, a gas, is a major part of air pollution in cities. When ozone forms air pollution, it's also called smog. Some air pollutants are poisonous. Inhaling them can increase the chance you'll have health problems. People with heart or lung disease, older adults and children are at greater risk from air pollution. Air pollution isn't just outside - the air inside buildings can also be polluted and affect your health. Environmental Protection Agency","Yes, I do! Air pollution is defined as the presence of harmful substances in the air that can negatively impact human health. These pollutants include particulate matter (PM), ozone, nitrogen dioxide (NO2), sulfur dioxide (SO2), carbon monoxide (CO), lead, and volatile organic compounds (VOCs). Exposure to these pollutants has been linked to respiratory diseases such as asthma, lung cancer, heart disease, stroke, and other chronic conditions .","Yes, I am familiar with poor air quality and its effects on health. Poor air quality is associated with an increased risk of respiratory diseases such as asthma, chronic obstructive pulmonary disease (COPD), lung cancer, heart disease, stroke, diabetes, and other adverse health outcomes .","The AI system can access real-time data from various sources such as satellite imagery, weather stations, pollution monitoring systems, and other environmental sensors. It also has access to historical data on air quality and associated health outcomes. Based on this information, it is able to provide warnings when air quality reaches dangerous levels and may suggest measures to protect against adverse effects of poor air quality (e.g., staying indoors, avoiding strenuous activities). However, it cannot predict future trends in air quality or assess individual risk factors for specific health conditions related to air pollution.",2.957393431400039,0.9042680654871572,2.065747078083769,27.068617854079253,18.81361255170269,33.05227802074268,14.723926380368098,12.676056338028168,13.402061855670103,19.6319018404908,19.718309859154928,25.773195876288664,0.0,0.0,0.0,8.333333333333332,6.25,10.416666666666668,18.181818181818183,13.636363636363637,11.363636363636363,11.428571428571429,8.571428571428571,10.869565217391305,0.8460562825202942,0.8427919149398804,0.8406394124031067,0.9999998807907104,0.6020172238349915,0.6538132429122925,4,3,2
BioMistral-7B,biomistral_7b.yaml,none,overgeneralization,19,Do you have information about Alcohol,do you have any info on things people use or drink and how that,Is there information about substances used or consumed by patients and their effects?,"Summary : If you are like many Americans, you drink alcohol at least occasionally. For many people, moderate drinking is probably safe. It may even have health benefits, including reducing your risk of certain heart problems. For most women and for most people over 65, moderate drinking is no more than three drinks a day or seven drinks per week. For men under 65, it is no more than four drinks a day or 14 drinks per week. Some people should not drink at all, including alcoholics, children, pregnant women, people taking certain medicines, and people with certain medical conditions. If you have questions about whether it is safe for you to drink, speak with your health care provider. Anything more than moderate drinking can be risky. Heavy drinking can lead to alcoholism and alcohol abuse, as well as injuries, liver disease, heart disease, cancer, and other health problems. It can also cause problems at home, at work, and with friends. NIH: National Institute on Alcohol Abuse and Alcoholism","Yes, I do. Alcohol is a psychoactive substance that can be addictive in nature. It has been linked to various health problems such as liver disease, heart disease, certain types of cancer, mental illnesses, and social issues. The effects of alcohol consumption vary depending on factors such as age, gender, weight, and drinking patterns. Excessive alcohol use can lead to impaired judgment, poor decision-making skills, and increased risky behaviors.",affects their health?,"Yes, there is information available regarding substances that can be harmful to humans when ingested. These include prescription medications, over-the-counter (OTC) drugs, herbal supplements, illicit drugs, alcohol, tobacco products, and other chemicals such as household cleaners and pesticides. The effects of these substances vary depending on the type, dosage, route of administration, age at first use, duration of use, and individual factors such as gender, body weight, and overall health status .",3.0591746821198944,1.3807651712713387e-20,1.0257735552696203,22.51151996905336,1.117263990777535,20.609876809368384,12.82051282051282,1.183431952662722,8.47457627118644,23.93162393162393,1.183431952662722,14.40677966101695,0.0,0.0,0.0,10.666666666666668,1.3333333333333337,0.0,26.666666666666668,50.0,0.0,15.23809523809524,2.5974025974025974,0.0,0.8512629270553589,0.795269787311554,0.8223661184310913,1.0,0.6680300831794739,0.567824125289917,4,2,3
BioMistral-7B,biomistral_7b.yaml,none,typos_grammar,20,What is (are) Alcoholism and Alcohol Abuse ?,"What is alchoholism and alchohol abuse, are they the same thing or not ?",Is alcoholism different than alcohol abuse?,"For most adults, moderate alcohol use is probably not harmful. However, about 18 million adult Americans have an alcohol use disorder. This means that their drinking causes distress and harm. It includes alcoholism and alcohol abuse. Alcoholism, or alcohol dependence, is a disease that causes - Craving - a strong need to drink - Loss of control - not being able to stop drinking once you've started - Physical dependence - withdrawal symptoms - Tolerance - the need to drink more alcohol to feel the same effect With alcohol abuse, you are not physically dependent, but you still have a serious problem. The drinking may cause problems at home, work, or school. It may cause you to put yourself in dangerous situations, or lead to legal or social problems. Another common problem is binge drinking. It is drinking about five or more drinks in two hours for men. For women, it is about four or more drinks in two hours. Too much alcohol is dangerous. Heavy drinking can increase the risk of certain cancers. It can cause damage to the liver, brain, and other organs. Drinking during pregnancy can harm your baby. Alcohol also increases the risk of death from car crashes, injuries, homicide, and suicide. If you want to stop drinking, there is help. Start by talking to your health care provider. Treatment may include medicines, counseling, and support groups. NIH: National Institute on Alcohol Abuse and Alcoholism","Alcohol abuse disorder (AAD), also known as alcohol use disorder (AUD), refers to a pattern of excessive or problematic alcohol consumption that causes harm to one's health, social relationships, or occupational functioning. It is characterized by persistent or recurrent symptoms within a 12-month period, including uncontrolled drinking, preoccupation with alcohol, continued use despite negative consequences, and failure to meet important obligations due to drinking .","Alcoholism refers to a condition in which alcohol consumption causes harm despite negative consequences . It can be characterized by an uncontrollable desire for alcohol, loss of control over drinking behavior, and continued use of alcohol despite adverse effects on physical and mental health . On the other hand, alcohol abuse does not necessarily involve physiological dependence but may result in harmful consequences such as interpersonal problems, legal issues, and financial difficulties due to excessive alcohol intake . In summary, while both alcoholism and alcohol abuse involve problematic alcohol use, alcoholism involves a more severe level of addiction with physiological dependence.","Alcohol use disorder (AUD) is an umbrella term that encompasses both alcohol abuse and alcohol dependence. Alcohol abuse refers to a pattern of drinking that causes distress or harm to oneself or others, while alcohol dependence describes a physical and psychological need for alcohol . A person who engages in alcohol abuse may not necessarily be physically dependent on it; however, someone with alcohol dependence will always have signs of alcohol abuse as well. It's important to note that alcohol abuse and alcohol dependence can occur independently without one leading to the other.",0.484758985327507,1.3038312441770648,0.5117196281960008,18.24180759200739,27.41907381827967,25.233583144006683,13.286713286713288,14.556962025316452,17.419354838709676,20.979020979020984,31.012658227848107,32.25806451612903,0.0,0.0,0.0,9.090909090909092,17.272727272727273,16.363636363636363,37.03703703703704,47.5,48.64864864864865,14.5985401459854,25.333333333333336,24.489795918367346,0.8376927375793457,0.8483257293701172,0.8509846329689026,1.0,0.7763404846191406,0.81615149974823,3,5,4
BioMistral-7B,biomistral_7b.yaml,none,ambiguity,21,What is (are) Allergy ?,"when your body acts up around certain stuff and you get weird reactions, what is that whole thing actually?",What condition causes an adverse reaction in response to specific triggers?,"An allergy is a reaction by your immune system to something that does not bother most other people. People who have allergies often are sensitive to more than one thing. Substances that often cause reactions are - Pollen - Dust mites - Mold spores - Pet dander - Food - Insect stings - Medicines Normally, your immune system fights germs. It is your body's defense system. In most allergic reactions, however, it is responding to a false alarm. Genes and the environment probably both play a role. Allergies can cause a variety of symptoms such as a runny nose, sneezing, itching, rashes, swelling, or asthma. Allergies can range from minor to severe. Anaphylaxis is a severe reaction that can be life-threatening. Doctors use skin and blood tests to diagnose allergies. Treatments include medicines, allergy shots, and avoiding the substances that cause the reactions. NIH: National Institute of Allergy and Infectious Diseases","An allergy is an adverse immune response to a substance or agent that is generally harmless in most people. It occurs when the body's immune system overreacts to a specific protein found in a particular food, drug, insect venom, pollen, pet dander, or other substances. The symptoms of allergies can range from mild to severe and may include sneezing, itchy eyes, runny nose, hives, swelling, asthma attacks, vomiting, diarrhea, abdominal pain, eczema, rashes, wheezing, shortness of breath, chest tightness, hypotension, syncope, and even death.","That's an interesting question! It sounds like you might be referring to allergic or hypersensitivity reactions. These can occur in response to various substances such as food, medications, insect venom, latex, pollen, dust mites, pet dander, or other environmental triggers. When these types of reactions involve the immune system, they are called ""allergies"" .","Allergic reactions are caused by an abnormal immune system response to harmless substances known as allergens. These responses can be triggered by various factors such as food, insect bites or stings, pollen, dust mites, animal dander, certain medications, chemicals, cosmetics, latex, etc.",3.5947234376895043,0.6277102437080103,0.3832416742202523,31.6518771403118,22.508251792661724,18.884963263797964,21.49532710280374,11.702127659574469,10.169491525423728,38.31775700934579,29.78723404255319,22.598870056497173,0.0,0.0,0.0,18.30985915492958,14.084507042253522,11.267605633802818,35.13513513513514,45.45454545454545,34.78260869565217,24.07407407407408,21.50537634408602,17.02127659574468,0.8764970302581787,0.8557921648025513,0.8662475943565369,1.0,0.4340211749076843,0.3601437211036682,4,5,5
BioMistral-7B,biomistral_7b.yaml,none,layperson,22,What is (are) Alpha-1 Antitrypsin Deficiency ?,"what is that inherted thing where your body doesnt make enough of some protien to protect the lungs n maybe liver too, like why do ppl get it and what does it even do ?",What disease causes inadequate production of certain proteins to protect the lungs and possibly the liver?,"Alpha-1 antitrypsin deficiency (AAT deficiency) is an inherited condition that raises your risk for lung and liver disease. Alpha-1 antitrypsin (AAT) is a protein that protects the lungs. The liver makes it. If the AAT proteins aren't the right shape, they get stuck in the liver cells and can't reach the lungs. Symptoms of AAT deficiency include - Shortness of breath and wheezing - Repeated lung infections - Tiredness - Rapid heartbeat upon standing - Vision problems - Weight loss Some people have no symptoms and do not develop complications. Blood tests and genetic tests can tell if you have it. If your lungs are affected, you may also have lung tests. Treatments include medicines, pulmonary rehab, and extra oxygen, if needed. Severe cases may need a lung transplant. Not smoking can prevent or delay lung symptoms. NIH: National Heart, Lung, and Blood Institute","Alpha-1 antitrypsin deficiency (AATD), also known as AAT deficiency or PiZ deficiency, is an inherited disorder that affects the production of alpha-1 antitrypsin (AAT), a serine protease inhibitor produced by hepatocytes in the liver . The primary function of AAT is to regulate inflammation by preventing excessive activation of neutrophil elastases during acute inflammatory responses .","The condition you may be referring to is called alpha-1 antitrypsin deficiency (AATD). It is an inherited disorder caused by mutations in the SERPINA1 gene, which encodes for the AAT protein. This protein plays a crucial role in protecting the lungs from damage due to inflammation or infection.","The disease is called alpha-1 antitrypsin deficiency (AATD). It is an inherited disorder that affects the function of the AAT protein, which plays a crucial role in protecting the lungs from damage caused by inflammation or infection. When there isn't enough functional AAT protein present, it can lead to chronic lung conditions such as emphysema and bronchiectasis. In some cases, AATD may also affect the liver.",2.685772937004383,0.9092768224512447,1.688641038589766,26.494588747985247,20.597376574364088,26.54943064525941,19.565217391304344,13.636363636363637,17.525773195876287,23.913043478260867,19.318181818181817,27.83505154639175,0.0,0.0,0.0,10.44776119402985,8.955223880597014,11.940298507462686,31.818181818181817,33.33333333333333,28.57142857142857,15.730337078651685,14.117647058823527,16.842105263157894,0.8541345596313477,0.8577417135238647,0.8689476251602173,1.0,0.3786769509315491,0.4349355101585388,3,4,5
BioMistral-7B,biomistral_7b.yaml,none,incomplete,23,What is (are) Alzheimer's Caregivers ?,"what are the people who take care of someone like this with bad memory stuff called, and what do they even do for them?",What type of health professionals provide care for patients with dementia?,"Caring for someone who has Alzheimer's disease (AD) can be stressful and overwhelming. It's important to take care of yourself. Ask for and accept help. Talk to the doctor. Find out what treatments might help control symptoms or address behavior problems. Find a support group. Others who have ""been there"" may be able to help and will understand. If there are times of day that the person is less confused or more cooperative, take advantage of that in daily routines. Consider using adult day care or respite services. These offer a break with the peace of mind that the patient is being taken care of. Begin to plan for the future. This may include - Getting financial and legal documents in order - Looking into assisted living or nursing homes - Finding out what your health insurance and Medicare will cover NIH: National Institute on Aging","An Alzheimer’s caregiver refers to an individual who provides unpaid assistance or support to a person with Alzheimer’s disease or other forms of dementia in their daily activities such as bathing, eating, dressing, etc. The role can be demanding both physically and emotionally due to the progressive nature of the condition.","People who provide support to individuals with cognitive impairment may be referred to as caregivers or informal caregivers. They can include family members such as spouses, adult children, or other relatives; friends; neighbors; or unpaid professionals such as respite care providers.","Healthcare providers who commonly provide care to patients with dementia include physicians (e.g., family medicine physician, geriatrician), nurses, social workers, occupational therapists, physical therapists, speech-language pathologists, psychologists, dietitians, and pharmacists.",0.4205321503564519,0.2400054330926107,0.1162542597422174,19.0552769370488,15.713495569794665,14.377961954258229,12.972972972972974,11.1731843575419,7.0588235294117645,21.62162162162162,16.759776536312852,7.0588235294117645,0.0,0.0,0.0,3.1746031746031744,4.761904761904762,1.5873015873015872,11.76470588235294,18.75,7.6923076923076925,5.0,7.59493670886076,2.631578947368421,0.8371171951293945,0.822420597076416,0.8096296191215515,1.0,0.5579156279563904,0.6972035765647888,3,2,2
BioMistral-7B,biomistral_7b.yaml,none,overgeneralization,24,What is (are) Alzheimer's Disease ?,"what is that kind of old-age brain/memory problem where poeple get real forgetfull and confused over time, like is it just normal aging or some bigger mental health thing or what dose it even mean?",What is dementia and how does it differ from normal aging?,"Alzheimer's disease (AD) is the most common form of dementia among older people. Dementia is a brain disorder that seriously affects a person's ability to carry out daily activities. AD begins slowly. It first involves the parts of the brain that control thought, memory and language. People with AD may have trouble remembering things that happened recently or names of people they know. A related problem, mild cognitive impairment (MCI), causes more memory problems than normal for people of the same age. Many, but not all, people with MCI will develop AD. In AD, over time, symptoms get worse. People may not recognize family members. They may have trouble speaking, reading or writing. They may forget how to brush their teeth or comb their hair. Later on, they may become anxious or aggressive, or wander away from home. Eventually, they need total care. This can cause great stress for family members who must care for them. AD usually begins after age 60. The risk goes up as you get older. Your risk is also higher if a family member has had the disease. No treatment can stop the disease. However, some drugs may help keep symptoms from getting worse for a limited time. NIH: National Institute on Aging","Alzheimer’s disease (AD) is an irreversible neurodegenerative disorder that causes dementia in older adults . It was first described by Dr. Alois Alzheimer in 1906 as “a peculiar form of presenile insanity” . AD affects approximately 5% of people aged over 85 years worldwide , with more than one-third of all cases occurring in high-income countries such as the United States and Europe .","The condition you may be referring to is called dementia. Dementia is not simply a part of normal aging but rather an umbrella term for a group of progressive neurological disorders characterized by impairments in memory, language, visuospatial skills, executive functions, and personality changes . It can affect people at any age, although the risk increases with age. Alzheimer's disease (AD) is one type of dementia, accounting for 60–80% of all cases .","Dementia refers to a group of progressive brain disorders that affect memory, thinking, behavior, and activities of daily living . It differs from normal aging in that it causes significant impairments in cognitive function, which affects an individual's ability to perform everyday tasks such as managing finances or driving safely. In contrast, age-related changes may cause some decline in mental abilities but do not typically result in severe impairments or interfere with daily functioning.",0.7287345771945082,1.693377572350227,0.3267224048426867,16.253954039820094,21.201990321922693,21.8623540803706,14.728682170542632,10.526315789473683,11.070110701107012,20.930232558139533,26.31578947368421,24.354243542435423,0.0,0.0,0.0,6.8181818181818175,10.227272727272728,10.227272727272728,40.0,33.33333333333333,28.125,11.650485436893202,15.652173913043477,15.0,0.8276420831680298,0.8416777849197388,0.8528952598571777,1.0,0.4827484786510467,0.7258377075195312,3,4,4
BioMistral-7B,biomistral_7b.yaml,none,typos_grammar,25,What is (are) Amblyopia ?,"what is amblyopai exactly , and how dose it affect the eye ?","What is amblyopia, and how does it affect the eyes?","Amblyopia, or ""lazy eye,"" is the most common cause of visual impairment in children. It happens when an eye fails to work properly with the brain. The eye may look normal, but the brain favors the other eye. In some cases, it can affect both eyes. Causes include - Strabismus - a disorder in which the two eyes don't line up in the same direction - Refractive error in an eye - when one eye cannot focus as well as the other, because of a problem with its shape. This includes nearsightedness, farsightedness, and astigmatism. - Cataract - a clouding in the lens of the eye It can be hard to diagnose amblyopia. It is often found during a routine vision exam. Treatment for amblyopia forces the child to use the eye with weaker vision. There are two common ways to do this. One is to have the child wear a patch over the good eye for several hours each day, over a number of weeks to months. The other is with eye drops that temporarily blur vision. Each day, the child gets a drop of a drug called atropine in the stronger eye. It is also sometimes necessary to treat the underlying cause. This could include glasses or surgery. NIH: National Eye Institute","Amblyopia is a condition in which one eye has decreased vision acuity that cannot be explained by structural abnormalities of the eye or optical components alone. It is also known as ""lazy eye"" because it causes reduced vision in only one eye while the other eye may have normal vision.","Amblyopia (also known as lazy eye) is a condition in which one eye has decreased vision that cannot be explained by structural abnormalities of the eye or optic nerve. It can result from strabismus (eye misalignment), anisometropia (unequal refractive power of the eyes), or deprivation during early childhood due to congenital cataracts or retinal disease such as macular degeneration. The most common cause of amblyopia is unilateral hyperopia, where there is excessive nearsightedness in one eye compared to the other.","Amblyopia, also known as lazy eye, is a neurodevelopmental disorder of the visual system that causes reduced vision in one or both eyes. It occurs when the brain favors one eye over the other during early childhood development, resulting in decreased vision in the less preferred eye. This imbalance can cause abnormalities in the connections between the retina and the brain, leading to impaired visual function. The exact cause of amblyopia is not fully understood but may be related to genetic factors, birth defects, or environmental conditions such as strabismus (eye misalignment) or refractive errors like nearsightedness or farsightedness. Symptoms include poor depth perception, difficulty seeing at night, double vision, and sensitivity to glare. If left untreated, amblyopia can lead to permanent loss of vision in the affected eye. Early detection and treatment, typically involving patching the dominant eye for several hours each day, have been shown to improve visual acuity and reduce the risk of developing severe vision problems.",0.4180924037874536,1.446543508938036,6.873024745135132,15.061598649565637,26.20269996114326,42.447079214696174,15.789473684210526,16.40625,20.06079027355623,28.07017543859649,32.8125,43.161094224924014,0.0,0.0,0.0,15.18987341772152,16.455696202531644,27.848101265822784,70.58823529411765,41.935483870967744,30.55555555555556,25.0,23.63636363636364,29.13907284768212,0.8577421307563782,0.8629505634307861,0.8775462508201599,1.0,0.5316331386566162,0.7972889542579651,4,3,4
BioMistral-7B,biomistral_7b.yaml,none,ambiguity,26,What is (are) Amyloidosis ?,What is that condition where some kind of stuff builds up in the body/organs and starts causing problems?,Can you provide me with an example of what type of “stuff” is building up in their organs?,"Amyloidosis occurs when abnormal proteins called amyloids build up and form deposits. The deposits can collect in organs such as the kidney and heart. This can cause the organs to become stiff and unable to work the way they should. There are three main types of amyloidosis: - Primary - with no known cause - Secondary - caused by another disease, including some types of cancer - Familial - passed down through genes Symptoms can vary, depending upon which organs are affected. Treatment depends on the type of amyloidosis you have. The goal is to help with symptoms and limit the production of proteins. If another disease is the cause, it needs to be treated.","Amyloidosis refers to a group of rare diseases in which abnormal deposits of amyloid protein accumulate in various tissues or organs throughout the body . These proteins can interfere with normal organ function and lead to serious health complications if left untreated. There are several types of amyloidosis that differ in their underlying cause and clinical presentation. The most common form is secondary amyloidosis, which develops as a complication of another disease such as chronic inflammatory conditions, lymphomas, multiple myeloma, or autoimmune disorders. Primary amyloidosis occurs when an unknown mutation causes misfolded light chains to be produced by plasma cells in the bone marrow.","The condition you may be referring to could be obstructive jaundice or cholestatic liver disease. This occurs when there is an obstruction in the bile ducts inside or outside of the liver which prevents the flow of bile from the liver to the intestines. As a result, bile can build up in the liver and cause damage. Symptoms include yellowing of the skin (jaundice), dark urine, light-colored stool, fatigue, itching, abdominal pain, nausea, vomiting, loss of appetite, weight loss, and clay-colored stools. It's important for patients with symptoms like these to see their doctor right away as this condition can lead to serious complications if left untreated.","Certainly! One example of ""stuff"" that can build up in organ tissues is fatty deposits or lipids, which may accumulate over time due to poor dietary habits or lack of exercise. This condition is known as obesity and it has been linked to several health problems such as heart disease, diabetes, high blood pressure, and certain types of cancer. Another example is plaque buildup within arteries, which can lead to conditions like hypertension and coronary artery disease (CAD). CAD occurs when there is a narrowing of the arterial walls due to this plaque buildup, leading to decreased oxygen supply to the heart muscle.",3.602659595710318,1.729760991941394,2.7762805908587302,43.51426676379297,33.342669786024295,31.995606641260547,21.21212121212121,12.935323383084576,15.92039800995025,37.37373737373738,30.845771144278604,33.83084577114428,0.0,0.0,0.0,22.22222222222222,6.666666666666667,8.88888888888889,20.0,6.521739130434782,8.695652173913043,21.05263157894737,6.593406593406594,8.79120879120879,0.8825230598449707,0.8392297625541687,0.8494555950164795,1.0,0.4672171473503113,0.3518745005130768,3,1,1
BioMistral-7B,biomistral_7b.yaml,none,layperson,27,What is (are) Amyotrophic Lateral Sclerosis ?,"what is that nerve/muscle wasting thing called, where a person gets weaker n weaker, cant move right or talk good after awhile, is it like a body shutting down disease or somthing?","What condition causes progressive weakness in muscles and nerves, resulting in difficulty moving and speaking over time, similar to signs of bodily deterioration due to illness but different from complete paralysis?","Amyotrophic lateral sclerosis (ALS) is a nervous system disease that attacks nerve cells called neurons in your brain and spinal cord. These neurons transmit messages from your brain and spinal cord to your voluntary muscles - the ones you can control, like in your arms and legs. At first, this causes mild muscle problems. Some people notice - Trouble walking or running - Trouble writing - Speech problems Eventually, you lose your strength and cannot move. When muscles in your chest fail, you cannot breathe. A breathing machine can help, but most people with ALS die from respiratory failure. The disease usually strikes between age 40 and 60. More men than women get it. No one knows what causes ALS. It can run in families, but usually it strikes at random. There is no cure. Medicines can relieve symptoms and, sometimes, prolong survival. NIH: National Institute of Neurological Disorders and Stroke","Amyotrophic lateral sclerosis (ALS), also known as Lou Gehrig's disease, is a progressive neurodegenerative disorder that affects motor neurons in both the brain and spinal cord . It causes muscle weakness, atrophy, and paralysis, which can lead to difficulty speaking, swallowing, and walking, and eventually death due to respiratory failure . The exact cause of ALS remains unknown, but it has been linked to genetic factors, environmental exposures, and other risk factors such as smoking or head injury . Diagnosis involves a combination of clinical evaluation, neurological examination, electrodiagnostic testing, and imaging studies . There is no cure for ALS, but treatments can help manage symptoms and improve quality of life .","The condition you are referring to is likely amyotrophic lateral sclerosis (ALS), also known as Lou Gehrig's Disease. It is not related to other diseases causing muscle weakness such as polymyositis or myasthenia gravis. ALS causes progressive degeneration of motor neurons in both the brain and spinal cord, leading to muscle atrophy and weakness throughout the body. This can result in difficulty speaking, swallowing, walking, and performing other daily activities. While there is no cure for ALS, treatments can help manage symptoms and improve quality of life.","The condition is known as amyotrophic lateral sclerosis (ALS), which affects nerve cells in the brain and spinal cord that control voluntary muscle movement. It results in gradual degeneration of motor neurons, leading to loss of function in those areas of the body controlled by these neurons.",10.512867931213531,4.934092131066271,1.5799975406976732,37.60964483906198,30.47622540189428,20.73402657152782,24.291497975708506,21.05263157894737,17.11229946524064,34.81781376518218,30.701754385964907,25.66844919786097,0.0,0.0,0.0,13.636363636363637,12.12121212121212,15.151515151515152,17.307692307692307,21.052631578947366,45.45454545454545,15.254237288135592,15.384615384615383,22.727272727272727,0.864575207233429,0.8556694984436035,0.870330274105072,1.0,0.4054456949234009,0.379166305065155,4,5,5
BioMistral-7B,biomistral_7b.yaml,none,incomplete,28,Do you have information about Anabolic Steroids,do you hav any info on those muscle-building stuff?,What information do you have about muscle building supplements?,"Summary : Anabolic steroids are man-made substances related to male sex hormones. Doctors use anabolic steroids to treat some hormone problems in men, delayed puberty, and muscle loss from some diseases. Bodybuilders and athletes often use anabolic steroids to build muscles and improve athletic performance. Using them this way is not legal or safe. Abuse of anabolic steroids has been linked with many health problems. They include - Acne - Breast growth and shrinking of testicles in men - Voice deepening and growth of facial hair in women - High blood pressure - Heart problems, including heart attack - Liver disease, including cancer - Kidney damage - Aggressive behavior NIH: National Institute on Drug Abuse","Yes, I do have information about anabolic steroids. They are synthetic derivatives of testosterone that are used to increase muscle mass and improve athletic performance. However, long-term use can lead to serious side effects such as heart disease, liver damage, infertility, and aggressive behavior. It is important for individuals considering using anabolic steroids to consult with their healthcare provider first to discuss potential risks and benefits.","Yes, I can provide information about exercise and physical activity for building or maintaining muscle mass. Regular resistance training is recommended to build and maintain muscle mass in adults over 30 years of age . Resistance training should be performed at least two days per week with exercises that work all major muscle groups . It is also important to consume adequate amounts of protein (at least 1 gram per pound of body weight) to support muscle growth during resistance training .","Muscle-building supplements can contain various ingredients such as protein powders, amino acids, creatine monohydrate, beta-alanine, HMB (hydroxymethylbutyrate), glutamine, whey isolates, casein, soy proteins, etc. These supplements may be beneficial for athletes or people who engage in intense physical activity to support lean body mass gains . However, it is important to note that these supplements should not replace a balanced diet and regular exercise regimen. Additionally, some of these supplements may interact with certain medications or have side effects in sensitive individuals . It is always recommended to consult with a healthcare provider before starting any new supplement regimen.",4.96927752313708,0.9456247176904972,0.6184735765169272,33.29290348975744,24.68289561657829,28.69828337650229,16.091954022988507,9.67741935483871,7.84313725490196,31.034482758620683,16.129032258064516,13.725490196078432,0.0,0.0,0.0,18.867924528301888,5.660377358490567,0.0,32.25806451612903,6.8181818181818175,0.0,23.80952380952381,6.185567010309278,0.0,0.8673582077026367,0.8118895888328552,0.8175075054168701,1.0,0.4884521961212158,0.520491361618042,4,2,2
BioMistral-7B,biomistral_7b.yaml,none,overgeneralization,29,What is (are) Anal Cancer ?,"what is it called when theres a really bad growth or sick problem down there in the bottom area, like cancer or somthing, and what does that even mean for a person?","What is the name of a severe illness affecting the genital region, similar to cancer, and how can I detect its symptoms early on?","The anus is where stool leaves your body when you go to the bathroom. It is made up of your outer layers of skin and the end of your large intestine. Anal cancer is a disease in which cancer cells form in the tissues of the anus. Anal cancer is rare. It is more common in smokers and people over 50. You are also at higher risk if you have HPV, have anal sex, or have many sexual partners. Symptoms include bleeding, pain, or lumps in the anal area. Anal itching and discharge can also be signs of anal cancer. Doctors use tests that examine the anus to diagnose anal cancer. They include a physical exam, endoscopy, ultrasound, and biopsy. Treatments include radiation therapy, chemotherapy, and surgery. NIH: National Cancer Institute","Anal cancer refers to malignant tumors that arise from cells of the anus. It can be caused by various factors such as human papillomavirus infection, smoking, chronic anal fissures or fistulas, inflammatory bowel disease, and immunosuppression. The most common symptom of early-stage anal cancer is rectal bleeding, which may also occur in other conditions such as hemorrhoids. Other symptoms include pain during defecation, itching, lumps around the anus, and discharge. Diagnosis typically involves physical examination, digital rectal exam, biopsy, imaging tests such as CT scans and MRIs, and laboratory testing for viruses like HPV. Treatment options depend on the stage of the cancer but often involve surgery, radiation therapy, chemotherapy, and targeted therapies .",The condition you may be referring to is known as cervical cancer. Cervical cancer occurs due to abnormal cellular proliferation of cells lining the cervix (the lower part of uterus). This can lead to changes in the cytology of cells which can then progress into invasive cancer if left untreated. It is important to have regular Pap smears done to screen for any early signs of this disease so that treatment can begin promptly.,"The condition you may be referring to is called cervical cancer. It occurs in the cells lining the lower part of the uterus (cervix). Cervical cancer develops slowly over time from abnormal cell growth caused by human papillomavirus infection or other factors. Early detection through regular Pap smear tests can help identify precancerous changes and prevent cervical cancer development. Symptoms include vaginal bleeding after sex, unusual discharge with an unpleasant odor, pain during intercourse, and pelvic pain.",8.388253620805038,1.5368617094215111,1.9629908346137244,43.67518678587225,24.567293842516072,29.51369786533517,19.04761904761905,15.625,15.463917525773196,38.961038961038966,23.95833333333333,23.711340206185564,0.0,0.0,0.0,26.785714285714285,5.357142857142857,5.357142857142857,25.86206896551724,10.714285714285714,7.5,26.315789473684216,7.142857142857142,6.25,0.8761768341064453,0.8435795903205872,0.8542993664741516,1.0,0.459678053855896,0.4611967504024505,4,1,1
BioMistral-7B,biomistral_7b.yaml,none,typos_grammar,30,What is (are) Anal Disorders ?,"what are anal disordrs exacly, and how do they happn ?","What are anal disorders, and how do they develop?","The anus is the opening of the rectum through which stool passes out of your body. Problems with the anus are common. They include hemorrhoids, abscesses, fissures (cracks), and cancer. You may be embarrassed to talk about your anal troubles. But it is important to let your doctor know, especially if you have pain or bleeding. The more details you can give about your problem, the better your doctor will be able to help you. Treatments vary depending on the particular problem. NIH: National Institute of Diabetes and Digestive and Kidney Diseases","An anal disorder refers to any condition that affects the normal function of the anus or rectum. These disorders can be congenital, acquired through injury or disease, or idiopathic with no clear cause. Examples of anal disorders include hemorrhoids, fissures, fistulas, abscesses, polyps, incontinence, and fecal incontinence .","Anal disorders refer to various conditions that affect the anus or rectum. These can include infections such as hemorrhoids, fissures, abscesses, fistulas, polyps, ulcers, and cancer. Hemorrhoids are swollen veins under the skin of the anus, which may be painful and itchy. Fissures are small tears in the skin around the anus, often caused by constipation or hard stools. Abscesses are collections of pus that form deep within the tissue near the anus, usually due to infection from a blocked gland. Fistulae are channels that develop between two organs, typically connecting the rectum to the skin around the anus. Polyps are growths that occur inside the colon or rectum, some of which may be precancerous. Ulcerative colitis is a type of inflammatory bowel disease (IBD) that causes long-lasting inflammation and sores in the lining of the digestive tract, including the large intestine. Crohn's disease is another type of IBD that can cause inflammation anywhere in the digestive system, but most commonly affects the small intestine. Colorectal cancer refers to any type of malignant tumor that arises from cells that line the colon or rectum.","Anal disorders refer to various conditions that affect the normal function of the anus or rectum. These include hemorrhoids, fissures, fistulas, abscesses, incontinence, proctitis, and fecal incontinence. Hemorrhoids are swollen veins in the anus that can be either internal or external. They usually occur due to increased pressure from straining during bowel movements, constipation, pregnancy, childbirth, and aging. Fissures are small tears in the skin around the anus that often result from hard stools or frequent wiping after bowel movements. Fistulas connect the rectum with another organ such as the bladder (vesicovaginal fistula) or vagina (recto-vaginal fistula). Abscesses are collections of pus that form near the anus and may require surgical drainage. Incontinence refers to the loss of control over gas, liquid, or solid stool. Proctitis is inflammation of the rectal lining, which can be caused by infection, injury, or certain medications. Lastly, fecal incontinence occurs when there is a loss of bowel control. This condition can have multiple causes including damage to the sphincter muscles, nerve problems, and stool diarrhea.",2.8883411220810293,2.9917122290821423,2.3114893738991107,26.33614161804529,33.92191993462212,32.65266298929031,12.4031007751938,12.6984126984127,11.428571428571429,24.8062015503876,23.015873015873016,25.30612244897959,0.0,0.0,0.0,13.88888888888889,19.444444444444446,19.444444444444446,21.73913043478261,8.641975308641975,8.433734939759036,16.94915254237288,11.965811965811964,11.76470588235294,0.8614622950553894,0.8420930504798889,0.8393033742904663,0.9999998807907104,0.6989064812660217,0.889362096786499,4,2,2
BioMistral-7B,biomistral_7b.yaml,none,ambiguity,31,What is (are) Anaphylaxis ?,"when somebody suddenly has a really bad allergic thing, like throat geting tight, cant breath good, maybe rash n swelling all at once, what is that even called or is it just a severe reaction?",What is an acute generalized allergic reaction (anaphylaxis)?,"Anaphylaxis is a serious allergic reaction. It can begin very quickly, and symptoms may be life-threatening. The most common causes are reactions to foods (especially peanuts), medications, and stinging insects. Other causes include exercise and exposure to latex. Sometimes no cause can be found. It can affect many organs: - Skin - itching, hives, redness, swelling - Nose - sneezing, stuffy nose, runny nose - Mouth - itching, swelling of the lips or tongue - Throat - itching, tightness, trouble swallowing, swelling of the back of the throat - Chest - shortness of breath, coughing, wheezing, chest pain or tightness - Heart - weak pulse, passing out, shock - Gastrointestinal tract - vomiting, diarrhea, cramps - Nervous system - dizziness or fainting If someone is having a serious allergic reaction, call 9-1-1. If an auto-injector is available, give the person the injection right away. NIH: National Institute of Allergy and Infectious Diseases","Anaphylaxis is an acute allergic reaction that can affect multiple organ systems in the body, including the skin, respiratory tract, gastrointestinal tract, cardiovascular system, and nervous system . It typically occurs within minutes to hours after exposure to an allergen, such as food or medication . The symptoms of anaphylaxis may include hives, swelling, pruritus, angioedema, wheezing, dyspnea, hypotension, syncope, and loss of consciousness .","This condition is known as anaphylaxis. It can be caused by exposure to various triggers such as food, insect stings, medications, latex, pollen, or other environmental factors. Anaphylactic reactions typically occur within minutes to hours of exposure and may involve multiple organ systems including the skin, respiratory tract, gastrointestinal system, cardiovascular system, and nervous system. Symptoms of anaphylaxis include difficulty breathing, hives, flushing, abdominal pain, diarrhea, dizziness, headache, and loss of consciousness. If you experience any symptoms suggestive of anaphylaxis, seek immediate medical attention.","Anaphylaxis is a severe, potentially life-threatening systemic allergic reaction that occurs rapidly after exposure to a sensitizing agent . It can be caused by various triggers such as food, medications, insect stings or bites, latex, blood products, intravenous contrast media, and inhaled substances including pollen, dust mites, animal dander, cockroaches, molds, and airborne chemicals. The exact pathophysiology of anaphylaxis remains unclear but it appears to involve multiple mechanisms, including mast cell activation leading to histamine release, hypotension due to vasodilation and impaired microvascular perfusion, and end organ dysfunction .",1.308965022782658,2.664285695820895,2.27048516064028,26.816519096534964,31.73929869607044,29.914563361420733,14.893617021276595,14.018691588785048,11.111111111111112,27.659574468085108,30.841121495327105,19.444444444444446,0.0,0.0,0.0,16.0,16.0,8.0,41.37931034482759,26.666666666666668,15.384615384615383,23.07692307692308,20.0,10.526315789473683,0.8493502736091614,0.858963668346405,0.8339657783508301,0.9999998807907104,0.4931648671627044,0.7472076416015625,4,5,4
BioMistral-7B,biomistral_7b.yaml,none,layperson,32,Do you have information about Anatomy,"do u got any info on how the body is put togther, like where all the inside parts are and what they kinda do maybe?",What organs are in the human body and what are their functions?,"Summary : Anatomy is the science that studies the structure of the body. On this page, you'll find links to descriptions and pictures of the human body's parts and organ systems from head to toe.","Yes, I do! The human body is made up of different systems that work together to perform various functions necessary for life. These systems include the circulatory system (heart, blood vessels, and blood), digestive system (mouth, esophagus, stomach, small intestine, large intestine, liver, gallbladder, and pancreas), endocrine system (hormone-producing glands such as the pituitary gland, thyroid gland, adrenal glands, ovaries, testes, and pancreas), immune system (lymph nodes, spleen, tonsils, thymus, bone marrow, and white blood cells), muscular system (skeletal muscles), integumentary system (skin), lymphatic system (lymph nodes, lymph ducts, and lymph capillaries), nervous system (brain, nerves, and spinal cord), reproductive system (testicles, epididymis, vas deferens, seminal vesicle, prostate, penis in males; ovaries, fallopian tubes, uterus, cervix, vagina in females), respiratory system (nose, pharynx, larynx, trachea, bronchi, lungs), urinary system (kidneys, ureters, bladder","The human body consists of several systems that work together to maintain health and perform various functions necessary for life. These include the circulatory system (heart, blood vessels, and blood), digestive system (mouth, esophagus, stomach, small intestine, large intestine, liver, gallbladder, and pancreas), respiratory system (nose, pharynx, larynx, trachea, bronchi, lungs, and pleura), urinary system (kidneys, ureters, bladder, and urethra), endocrine system (hypothalamus, pituitary gland, thyroid gland, parathyroid glands, adrenal glands, ovaries or testes, pancreas, and skin), nervous system (brain, spinal cord, nerves, ganglia), muscular system (skeletal muscles), integumentary system (skin), skeletal system (bones, cartilage, ligaments, tendons, and joints). Each organ has specific functions that contribute to maintaining homeostasis in the body. For example, the heart pumps blood throughout the body via the circulatory system; the kidneys filter waste products from the blood; the lungs take in oxygen and release carbon dioxide; and the brain controls bodily functions through signals sent by neurons.",The human body is made up of 37 organs that work together to carry out various biological processes necessary for life. Each organ has its own specific function. Here's an overview of each major type of organ and their respective functions:,0.3282872552423855,0.9470318886790916,1.548858516945674,20.391184083052604,20.778703683553605,27.20285072696658,6.17283950617284,6.857142857142858,13.88888888888889,11.111111111111112,13.714285714285715,27.77777777777778,0.0,0.0,0.0,23.07692307692308,30.76923076923077,23.07692307692308,3.79746835443038,4.545454545454546,15.0,6.521739130434784,7.920792079207921,18.181818181818183,0.79107666015625,0.7998673915863037,0.8597823977470398,0.9999999403953552,0.5539615154266357,0.4335075616836548,4,4,2
BioMistral-7B,biomistral_7b.yaml,none,incomplete,33,What is (are) Anemia ?,what does it mean when your blood is low or you dont have enough of it?,What does hypovolemia entail?,"If you have anemia, your blood does not carry enough oxygen to the rest of your body. The most common cause of anemia is not having enough iron. Your body needs iron to make hemoglobin. Hemoglobin is an iron-rich protein that gives the red color to blood. It carries oxygen from the lungs to the rest of the body. Anemia has three main causes: blood loss, lack of red blood cell production, and high rates of red blood cell destruction. Conditions that may lead to anemia include - Heavy periods - Pregnancy - Ulcers - Colon polyps or colon cancer - Inherited disorders - A diet that does not have enough iron, folic acid or vitamin B12 - Blood disorders such as sickle cell anemia and thalassemia, or cancer - Aplastic anemia, a condition that can be inherited or acquired - G6PD deficiency, a metabolic disorder Anemia can make you feel tired, cold, dizzy, and irritable. You may be short of breath or have a headache. Your doctor will diagnose anemia with a physical exam and blood tests. Treatment depends on the kind of anemia you have. NIH: National Heart, Lung, and Blood Institute","Anemia refers to a condition in which there is a decrease in the number of red blood cells or hemoglobin concentration in the circulating blood stream . It can be caused by various factors such as nutritional deficiencies, chronic diseases, genetic disorders, medications, chemotherapy, and other treatments.","Anemia refers to a condition in which there is a decrease in the number of red blood cells (RBCs) or their ability to carry oxygen throughout the body. This can result in reduced levels of hemoglobin (Hb), a protein found within RBCs that carries oxygen from the lungs to other tissues.","Hypovolemia is a condition in which there is an abnormally low volume of blood in the circulatory system. It can result from blood loss due to trauma or surgery, internal bleeding, dehydration, or certain medications that cause vasoconstriction. Symptoms may include lightheadedness, dizziness, fainting (syncope), tachycardia, fatigue, weakness, and confusion. Severe cases can lead to shock, characterized by rapid, weak pulse; cold, clammy skin; mental confusion; and eventually death if not treated promptly.",0.2716769617580327,0.9930922355907356,0.7402152098036768,17.49374982486678,16.369749891110803,20.651824091072054,10.232558139534884,12.844036697247704,11.522633744855968,15.813953488372096,20.183486238532108,20.5761316872428,0.0,0.0,0.0,5.88235294117647,9.411764705882351,7.0588235294117645,26.31578947368421,38.095238095238095,16.666666666666664,9.615384615384617,15.09433962264151,9.917355371900827,0.8435101509094238,0.8508644700050354,0.8294690847396851,0.9999999403953552,0.4307384788990021,0.2713521420955658,4,4,1
BioMistral-7B,biomistral_7b.yaml,none,overgeneralization,34,What is (are) Anesthesia ?,"what is that stuff doctors use to make you not feel anything or kinda go out durring medical things, like how does it even work and what is it exactly?",What type of anesthesia will be used during my procedure and how does it work?,"If you are having surgery, your doctor will give you medicine called an anesthetic. Anesthetics reduce or prevent pain. There are three main types: - Local - numbs one small area of the body. You stay awake and alert. - Regional - blocks pain in an area of the body, such an arm or leg. A common type is epidural anesthesia, which is often used during childbirth. - General - makes you unconscious. You do not feel any pain, and you do not remember the procedure afterwards. You may also get a mild sedative to relax you. You stay awake but may not remember the procedure afterwards. Sedation can be used with or without anesthesia. The type of anesthesia or sedation you get depends on many factors. They include the procedure you are having and your current health.","An anesthetic is a drug that induces numbness in a specific part of the body or unconsciousness during surgery or other painful procedures. It can be administered through various routes such as intravenously, by injection into the spinal cord, or via inhalation. There are three main types of anesthetics: general, regional, and local. General anesthetics cause loss of consciousness, while regional anesthetics numb a specific area of the body, often used for limbs or abdomen surgeries. Local anesthetics block pain at the site of the procedure, which is commonly used to numb small areas of skin before minor surgical procedures like stitches .","The ""stuff"" you're referring to is called anesthesia. Anesthesia is used during surgical procedures to prevent pain sensation from reaching your brain so that you don't experience any discomfort during surgery. There are different types of anesthetics depending on their effects, such as general anesthetic (which causes unconsciousness), regional anesthetic (numbs a specific area of your body), or local anesthetic (numbs only the small area where it is injected).","The type of anesthesia you receive depends on your specific surgery or procedure, as well as your individual needs. For example, if you're undergoing a minor outpatient procedure, local anesthetic may be sufficient to numb the area around the site of the incision. If you're having a more extensive surgery that requires sedation, general anesthesia is typically administered through intravenous (IV) medication.",8.669572631654233,1.788027993249742,1.8800023818854423,40.1775503531368,33.24641107742698,28.282277828185403,17.75700934579439,14.814814814814811,11.1731843575419,34.57943925233645,37.03703703703704,30.16759776536313,0.0,0.0,0.0,26.53061224489796,26.53061224489796,18.367346938775512,28.26086956521739,44.82758620689656,39.130434782608695,27.368421052631582,33.33333333333333,25.0,0.8708530068397522,0.8719345927238464,0.8714630603790283,1.0,0.3666716814041137,0.7138470411300659,4,4,3
BioMistral-7B,biomistral_7b.yaml,none,typos_grammar,35,What is (are) Aneurysms ?,"What are aneurisims exactly , and what does that even mean in the body ?",What are aneurysms?,"An aneurysm is a bulge or ""ballooning"" in the wall of an artery. Arteries are blood vessels that carry oxygen-rich blood from the heart to other parts of the body. If an aneurysm grows large, it can burst and cause dangerous bleeding or even death. Most aneurysms occur in the aorta, the main artery that runs from the heart through the chest and abdomen. Aneurysms also can happen in arteries in the brain, heart and other parts of the body. If an aneurysm in the brain bursts, it causes a stroke. Aneurysms can develop and become large before causing any symptoms. Often doctors can stop aneurysms from bursting if they find and treat them early. They use imaging tests to find aneurysms. Often aneurysms are found by chance during tests done for other reasons. Medicines and surgery are the two main treatments for aneurysms. NIH: National Heart, Lung, and Blood Institute","An aneurysm refers to a localized dilation or bulging of an artery due to weakening of its wall. It can occur in any blood vessel but most commonly affects medium-sized arteries such as the abdominal aorta, cerebral arteries, popliteal arteries, coronary arteries, and pulmonary arteries . The formation of an aneurysm is often associated with genetic factors, connective tissue disorders, infection, inflammation, trauma, or vascular malformations. If left untreated, it may rupture, leading to life-threatening bleeding .","An aneurysm is defined as a localized dilation or bulging of the arterial wall due to weakening of its structure . This can occur anywhere in the body but is most commonly found in the brain (intracranial) and abdominal aorta (abdominal). Aneurysms can be congenital or acquired through various factors such as aging, hypertension, smoking, and genetic predisposition. They may also form as a result of trauma or infection. The formation of an aneurysm typically involves three stages: initiation, progression, and rupture. Initially, there may be endothelial damage leading to inflammation within the vessel wall. Over time, this can cause degenerative changes in the elastic fibers and medial smooth muscle cells, resulting in dilatation of the affected area. If left untreated, an aneurysm can eventually lead to life-threatening complications such as bleeding into surrounding tissues or death from cardiac arrest.","An aneurysm is a localized dilation or bulging of the arterial wall that can occur in any blood vessel throughout the body but most commonly occurs in the cerebral (brain) vasculature . Aneurysms may be caused by various factors such as genetic predisposition, trauma, infection, or inflammatory conditions. They can lead to serious health complications if they rupture, resulting in life-threatening bleeding and death.",1.7057475505720825,3.745029202842328,1.9286888188756708,26.014395516464926,36.70896265463295,23.68889498059544,17.475728155339805,15.96958174904943,16.49484536082474,26.21359223300972,29.65779467680608,27.83505154639175,0.0,0.0,0.0,12.857142857142856,15.714285714285714,10.0,23.684210526315788,17.741935483870968,25.925925925925924,16.666666666666664,16.666666666666664,14.432989690721648,0.8704807162284851,0.8689497113227844,0.874292254447937,0.9999998211860656,0.7902332544326782,0.936493754386902,4,4,4
BioMistral-7B,biomistral_7b.yaml,none,ambiguity,36,What is (are) Angina ?,"what is that chest/heart thing people mean when they say angina, like is it just pain or some kind of attack or blood flow problem or what?",What is the difference between anginal pain and an acute coronary syndrome (ACS)?,"Angina is chest pain or discomfort you feel when there is not enough blood flow to your heart muscle. Your heart muscle needs the oxygen that the blood carries. Angina may feel like pressure or a squeezing pain in your chest. It may feel like indigestion. You may also feel pain in your shoulders, arms, neck, jaw, or back. Angina is a symptom of coronary artery disease (CAD), the most common heart disease. CAD happens when a sticky substance called plaque builds up in the arteries that supply blood to the heart, reducing blood flow. There are three types of angina: - Stable angina is the most common type. It happens when the heart is working harder than usual. Stable angina has a regular pattern. Rest and medicines usually help. - Unstable angina is the most dangerous. It does not follow a pattern and can happen without physical exertion. It does not go away with rest or medicine. It is a sign that you could have a heart attack soon. - Variant angina is rare. It happens when you are resting. Medicines can help. Not all chest pain or discomfort is angina. If you have chest pain, you should see your health care provider. NIH: National Heart, Lung, and Blood Institute","Angina refers to chest pain or discomfort that occurs due to reduced blood flow to the heart muscle. It can be caused by coronary artery disease (CAD), which involves narrowing of the arteries that supply blood to the heart. The most common symptom of CAD is angina, which typically presents as a constrictive sensation in the center of the chest that may feel like pressure, heaviness, tightness, fullness, or pain.","Angina refers to a type of chest pain that typically occurs with physical exertion and is caused by reduced oxygen supply to the heart muscle due to narrowed coronary arteries. It can be described as a squeezing, pressure, tightness, fullness, or pain in the center of the chest that may spread to the neck, jaw, arms, shoulder, back, or abdomen .","Angina refers to chest discomfort or pain that occurs during physical activity and resolves with rest. It can also occur at rest in some cases. The most common cause of angina is coronary artery disease (CAD), which involves narrowing or blockage of one or more blood vessels supplying the heart muscle. However, there may be other causes of angina such as non-cardiac chest pain syndromes, anxiety disorders, lung diseases, esophagus problems, etc.",3.998845547898796,0.9405882568086228,2.0689228089289182,24.59038015537088,18.858553079497085,22.269729179792897,21.875,13.765182186234815,16.666666666666664,31.25,28.34008097165992,28.030303030303028,0.0,0.0,0.0,20.454545454545457,14.772727272727272,14.772727272727272,60.0,48.14814814814815,40.625,30.508474576271183,22.60869565217391,21.66666666666667,0.8792721033096313,0.8674672245979309,0.865062952041626,1.0,0.7251951098442078,0.446749597787857,4,4,3
BioMistral-7B,biomistral_7b.yaml,none,layperson,37,Do you have information about Angioplasty,"do u have any info on that thing where they go in n kinda open up a blocked blood vessel or heart tube thing, like how it works an if its a big deal?",What is the mechanism by which percutaneous coronary intervention (PCI) improves outcomes compared to traditional treatments for patients with acute myocardial infarction (AMI)?,"Summary : If you have coronary artery disease, the arteries in your heart are narrowed or blocked by a sticky material called plaque. Angioplasty is a procedure to restore blood flow through the artery. You have angioplasty in a hospital. The doctor threads a thin tube through a blood vessel in the arm or groin up to the involved site in the artery. The tube has a tiny balloon on the end. When the tube is in place, the doctor inflates the balloon to push the plaque outward against the wall of the artery. This widens the artery and restores blood flow. Doctors may use angioplasty to - Reduce chest pain caused by reduced blood flow to the heart - Minimize damage to heart muscle from a heart attack Many people go home the day after angioplasty, and are able to return to work within a week of coming home. NIH: National Heart, Lung, and Blood Institute","Yes, I do! Angioplasty is also known as percutaneous coronary intervention (PCI). It involves using a catheter to access the narrowed or blocked artery in the heart through the blood vessels of the wrist or groin. A balloon at the tip of the catheter is then inflated to compress the plaque against the wall of the artery, thus widening it. In some cases, a stent may be placed into the artery to help keep it open. This procedure can improve blood flow to the heart and reduce chest pain.","Yes, I can provide information about this procedure known as coronary angioplasty with stent placement. Coronary artery disease (CAD) is one of the leading causes of death worldwide . CAD occurs when the coronary arteries become narrowed due to plaque buildup, which reduces the amount of oxygen-rich blood flowing to the heart muscle. This can lead to chest pain, shortness of breath, and other symptoms.","Percutaneous coronary intervention (PCI), also known as angioplasty or balloon catheterization, involves the use of a thin tube called a catheter that carries a small mesh-like balloon at its tip into the narrowed artery in order to open it up. The PCI procedure can be performed either alone or combined with stent implantation. In AMI, PCI works through two main mechanisms: mechanical restoration of blood flow within the occluded vessel and reduction of thrombus burden . By restoring blood flow, PCI reduces myocardial damage and prevents further progression of heart failure. Additionally, PCI helps reduce the risk of recurrent cardiovascular events such as stroke, unstable angina, and sudden death .",7.169569375965534,1.260605578324309,1.939950598620959,34.74335240924453,25.37949370820745,34.0688598638954,24.509803921568626,15.789473684210526,15.65217391304348,36.27450980392157,23.157894736842103,28.695652173913043,0.0,0.0,0.0,24.24242424242424,13.636363636363637,16.666666666666664,61.53846153846154,28.125,28.205128205128204,34.78260869565217,18.36734693877551,20.952380952380956,0.8827652335166931,0.8564105033874512,0.8523953557014465,1.0,0.4293389916419983,0.2922536432743072,4,3,4
BioMistral-7B,biomistral_7b.yaml,none,incomplete,38,What is (are) Animal Bites ?,"what does it mean if some thing bit you, like from an animal or whatever, is that a big deal or just a normal skin thing?",What kind of injury would I have from being bitten by an animal?,"Wild animals usually avoid people. They might attack, however, if they feel threatened, are sick, or are protecting their young or territory. Attacks by pets are more common. Animal bites rarely are life-threatening, but if they become infected, you can develop serious medical problems. To prevent animal bites and complications from bites - Never pet, handle, or feed unknown animals - Leave snakes alone - Watch your children closely around animals - Vaccinate your cats, ferrets, and dogs against rabies - Spay or neuter your dog to make it less aggressive - Get a tetanus booster if you have not had one recently - Wear boots and long pants when you are in areas with venomous snakes If an animal bites you, clean the wound with soap and water as soon as possible. Get medical attention if necessary. Centers for Disease Control and Prevention","An animal bite refers to an injury caused by the teeth or claws of an animal that breaks through the skin. It can be inflicted by various animals such as dogs, cats, rodents, insects, reptiles, birds, and marine life. The severity of an animal bite depends on several factors, including the type of animal involved, its size, the force with which it bites, and whether there was pre-existing disease in the animal's mouth .","If something bites you, such as an insect bite or dog bite, it can cause swelling, redness, pain, warmth, and sometimes drainage at the site of the injury. These symptoms may be mild to severe depending on the type of bite and whether there was infection present. Insect bites typically heal within a few days without any complications. However, in rare cases, they can lead to serious conditions such as Lyme disease or West Nile virus. Dog bites can also result in more serious consequences including rabies, tetanus, bacterial infections, nerve damage, disfigurement, and even death .","The type of injury you may experience from being bitten by an animal depends on various factors such as the size and strength of the animal, the bite location, how hard it bites, and whether or not its teeth puncture your skin. Generally, animal bites can cause physical damage to the skin (e.g., bruises, abrasions, lacerations), infections, nerve damage, tendon or ligament injuries, fractures, dislocations, amputation, and even death .",0.9136594780589524,1.6582607811134178,0.9772510067917096,22.11999262492572,27.55097332865603,21.6894703519068,10.0,9.734513274336283,10.050251256281406,19.0,23.00884955752212,19.09547738693467,0.0,0.0,0.0,9.722222222222223,11.11111111111111,6.944444444444445,22.58064516129032,17.77777777777778,15.151515151515152,13.592233009708735,13.675213675213676,9.523809523809526,0.8272194266319275,0.8396720886230469,0.8295497298240662,0.9999999403953552,0.4406617879867553,0.5855286121368408,2,3,4
BioMistral-7B,biomistral_7b.yaml,none,overgeneralization,39,What is (are) Animal Diseases and Your Health ?,"how do health problms from animals or pets even work, like can being around them make pepole sick in genral and affect your health n stuff?",How does exposure to animal waste or allergens impact human health?,"Animal diseases that people can catch are called zoonoses. Many diseases affecting humans can be traced to animals or animal products. You can get a disease directly from an animal, or indirectly, through the environment. Farm animals can carry diseases. If you touch them or things they have touched, like fencing or buckets, wash your hands thoroughly. Adults should make sure children who visit farms or petting zoos wash up as well. Though they may be cute and cuddly, wild animals may carry germs, viruses, and parasites. Deer and deer mice carry ticks that cause Lyme disease. Some wild animals may carry rabies. Enjoy wildlife from a distance. Pets can also make you sick. Reptiles pose a particular risk. Turtles, snakes and iguanas can transmit Salmonella bacteria to their owners. You can get rabies from an infected dog or toxoplasmosis from handling kitty litter of an infected cat. The chance that your dog or cat will make you sick is small. You can reduce the risk by practicing good hygiene, keeping pet areas clean and keeping your pets' shots up-to-date.",Animal diseases can have an impact on human health in several ways. Some animal diseases can be transmitted to humans directly through contact with infected animals or their bodily fluids. Other animal diseases may not be able to infect people themselves but could still affect human health by reducing food safety or causing economic losses for farmers and workers in agriculture.,"There is evidence that exposure to certain types of animal feces can cause illnesses in humans. This is because some bacteria, viruses, fungi, and parasites found in pet feces may be harmful to people. For example, Toxoplasma gondii (a type of parasite) has been found in cat feces, which can lead to toxoplasmosis in humans . Similarly, Giardia lamblia (a type of parasite) has been found in dog feces, which can lead to giardiasis in humans . Additionally, there have also been reports of Salmonella outbreaks linked to contact with reptile feces . However, it's important to note that these risks are generally low if proper hygiene practices are followed.","Exposure to animal waste can lead to various infections such as salmonellosis, campylobacteriosis, shigellosis, giardiasis, cryptosporidiosis, leptospirosis, echinococcosis, cysticercosis, rabies, anthrax, brucellosis, tularemia, Q fever, and avian influenza . In addition, exposure to animal dander may cause asthma attacks  and exposure to farm dust from livestock production is associated with an increased risk of developing type 2 diabetes mellitus (T2DM) .",0.3478622264931855,1.661873812145544,0.3405846301808488,20.351201073430893,25.99318475755076,18.29163267419997,13.733905579399138,10.75268817204301,10.38961038961039,22.317596566523605,22.22222222222222,14.71861471861472,0.0,0.0,0.0,13.253012048192772,10.843373493975903,6.024096385542169,34.375,21.951219512195124,21.73913043478261,19.1304347826087,14.516129032258066,9.433962264150942,0.8466004729270935,0.8450013995170593,0.808816134929657,1.0,0.6223942637443542,0.5399876832962036,3,4,2
BioMistral-7B,biomistral_7b.yaml,none,typos_grammar,40,What is (are) Ankle Injuries and Disorders ?,"What is/are ankle injurys and disorder's, like what do that even mean for the ankle ?",What are some common injuries and disorders affecting the ankles?,"Your ankle bone and the ends of your two lower leg bones make up the ankle joint. Your ligaments, which connect bones to one another, stabilize and support it. Your muscles and tendons move it. The most common ankle problems are sprains and fractures. A sprain is an injury to the ligaments. It may take a few weeks to many months to heal completely. A fracture is a break in a bone. You can also injure other parts of the ankle such as tendons, which join muscles to bone, and cartilage, which cushions your joints. Ankle sprains and fractures are common sports injuries.","Ankle injuries and disorders can be defined as any damage or abnormalities of the ankles that affect their structure and function . The most common types of ankle injuries include sprains, fractures, dislocations, tendinitis, bursitis, arthritis, and osteoporosis . These conditions can result from trauma such as falls, sports injuries, repetitive use, or underlying health issues such as diabetes or rheumatoid arthritis . Symptoms may vary depending on the type and severity of the injury but typically involve pain, swelling, stiffness, weakness, instability, or loss of range of motion in the affected area . Treatment options depend on the specific diagnosis but often involve rest, ice, compression, elevation, physical therapy, medications, bracing, or surgery .","Ankle injuries refer to damage or harm done to one or more of the structures in the ankle joint, such as ligaments, bones, tendons, muscles, nerves, blood vessels, cartilage, or soft tissues. Disorders can be defined as any abnormalities or problems with the structure or function of the ankle.","Ankle sprains, fractures, tendinitis, bursitis, and osteoarthritis are among the most common injuries and disorders that affect the ankles. These conditions can be caused by sports activities, trauma or repetitive stresses placed on the joints of the body during daily living activities.",3.4981766852276226,2.66000081911185,0.9784253058595888,35.24074044412615,25.643068811123094,24.4973217718732,14.285714285714288,16.05839416058394,10.769230769230768,20.40816326530612,29.197080291970806,20.0,0.0,0.0,0.0,14.000000000000002,24.0,12.0,13.20754716981132,52.17391304347826,26.08695652173913,13.592233009708735,32.87671232876712,16.43835616438356,0.8363701701164246,0.8596227765083313,0.8556155562400818,1.0,0.9147992730140686,0.7957684993743896,2,3,3
BioMistral-7B,biomistral_7b.yaml,none,ambiguity,41,What is (are) Ankylosing Spondylitis ?,"What is that long-term thing where your lower back/spine gets really stiff and inflamed over time, maybe even starts sort of fusing together or",Can you describe what condition you are referring to?,"Ankylosing spondylitis is a type of arthritis of the spine. It causes inflammation between your vertebrae, which are the bones that make up your spine, and in the joints between your spine and pelvis. In some people, it can affect other joints. AS is more common and more severe in men. It often runs in families. The cause is unknown, but it is likely that both genes and factors in the environment play a role. Early symptoms of AS include back pain and stiffness. These problems often start in late adolescence or early adulthood. Over time, AS can fuse your vertebrae together, limiting movement. Some people have symptoms that come and go. Others have severe, ongoing pain. A diagnosis of AS is based on your medical history and a physical examination. You may also have imaging or blood tests. AS has no cure, but medicines can relieve symptoms and may keep the disease from getting worse. Eating a healthy diet, not smoking, and exercising can also help. In rare cases, you may need surgery to straighten the spine. NIH: National Institute of Arthritis and Musculoskeletal and Skin Disease","Ankylosing spondylitis (AS) is an inflammatory rheumatic disease that primarily affects the axial skeleton, including the sacroiliac joints, vertebrae, and paraspinal ligaments . It can also affect other parts of the body such as the eyes, intestines, and skin. The exact cause of AS is unknown but it appears to be hereditary in some cases. Genetic factors may play a role in determining who develops this condition.","The condition you are referring to is known as degenerative disc disease (DDD). It can occur in any part of the spine but most commonly affects the lumbar region. DDD involves changes in the intervertebral discs such as herniation, bulging, protrusion, and narrowing of the disc space. These changes may lead to compression of nerve roots resulting in pain radiating down the legs. Other symptoms include weakness, numbness, tingling sensations, and muscle spasms. Diagnosis is typically made through physical examination and imaging tests such as X-rays, CT scans, and MRI. Treatment options vary depending on the severity of symptoms and may involve medication, physical therapy, surgery, or lifestyle modifications.","Yes, I can explain in detail about the conditions that I am referring to. For example, if you ask me ""what is diabetes?"" I will provide information about the causes of diabetes, symptoms of diabetes, how it is diagnosed, and how it is treated.",1.1224365790173,1.9858328644449303,0.1642919916226076,22.824295037047865,31.1342488474076,10.333409522420542,17.872340425531917,16.48745519713262,7.339449541284404,28.93617021276596,29.390681003584223,13.761467889908255,0.0,0.0,0.0,10.95890410958904,9.58904109589041,1.36986301369863,33.33333333333333,16.27906976744186,8.333333333333332,16.49484536082474,12.06896551724138,2.3529411764705883,0.864514946937561,0.846686840057373,0.8192747831344604,1.0,0.48198401927948,0.3071798980236053,4,1,1
BioMistral-7B,biomistral_7b.yaml,none,layperson,42,What is (are) Anthrax ?,"what is that bad infection thing people can get from animals or weird powder in the mail,, like what even is it and how does a person catch it?",What is plague and how do you contract it?,"Anthrax is a disease caused by Bacillus anthracis, a germ that lives in soil. Many people know about it from the 2001 bioterror attacks. In the attacks, someone purposely spread anthrax through the U.S. mail. This killed five people and made 22 sick. Anthrax is rare. It affects animals such as cattle, sheep, and goats more often than people. People can get anthrax from contact with infected animals, wool, meat, or hides. It can cause three forms of disease in people. They are - Cutaneous, which affects the skin. People with cuts or open sores can get it if they touch the bacteria. - Inhalation, which affects the lungs. You can get this if you breathe in spores of the bacteria. - Gastrointestinal, which affects the digestive system. You can get it by eating infected meat. Antibiotics often cure anthrax if it is diagnosed early. But many people don't know they have anthrax until it is too late to treat. A vaccine to prevent anthrax is available for people in the military and others at high risk. NIH: National Institute of Allergy and Infectious Diseases","Anthrax is an infectious disease caused by the bacterium Bacillus anthracis. It can occur in three forms: cutaneous, gastrointestinal, or inhalational. Cutaneous anthrax is characterized by one or more skin lesions that begin as small, painless sores that develop into large, ulcerative lesions with black centers. Gastrointestinal anthrax causes symptoms such as fever, abdominal pain, vomiting, and diarrhea. Inhalation anthrax affects the lungs and may be fatal if not treated promptly.","The condition you may be referring to is called monkeypox. Monkeypox is caused by the monkeypox virus (MPXV), which belongs to the same family of viruses as smallpox but causes milder symptoms . It was first discovered in 1958 among laboratory-bred macaque monkeys at the Institute for Medical Research in Côte d’Ivoire, Africa .","Plague is an infectious disease caused by Yersinia pestis bacteria that can affect humans and other mammals. It is spread through contact with infected animals or their ectoparasites (such as fleas), consumption of contaminated food or water, or inhalation of airborne droplets containing the bacterium.",1.4001702737537909,0.2105280307355521,0.4011705042708191,27.66463198858469,12.11535283338346,17.88675057217386,15.0,9.00900900900901,15.81395348837209,29.166666666666668,15.315315315315312,22.32558139534884,0.0,0.0,0.0,12.857142857142856,1.4285714285714286,10.0,28.125,7.142857142857142,46.66666666666666,17.64705882352941,2.3809523809523805,16.47058823529412,0.8514078855514526,0.8072559833526611,0.8403438329696655,1.0,0.3414725661277771,0.2694932222366333,4,1,1
BioMistral-7B,biomistral_7b.yaml,none,incomplete,43,Do you have information about Antibiotic Resistance,Do you have any info on when germs kinda stop responding to medicine and what that means?,What does it mean when bacteria become resistant to antibiotics?,"Summary : Antibiotics are medicines that fight bacterial infections. Used properly, they can save lives. But there is a growing problem of antibiotic resistance. It happens when bacteria change and become able to resist the effects of an antibiotic. Using antibiotics can lead to resistance. Each time you take antibiotics, sensitive bacteria are killed. But resistant germs may be left to grow and multiply. They can spread to other people. They can also cause infections that certain antibiotics cannot cure. Methicillin-resistant Staphylococcus aureus (MRSA) is one example. It causes infections that are resistant to several common antibiotics. To help prevent antibiotic resistance - Don't use antibiotics for viruses like colds or flu. Antibiotics don't work on viruses. - Don't pressure your doctor to give you an antibiotic. - When you take antibiotics, follow the directions carefully. Finish your medicine even if you feel better. If you stop treatment too soon, some bacteria may survive and re-infect you. - Don't save antibiotics for later or use someone else's prescription. Centers for Disease Control and Prevention","Yes, I do! Antibiotics are drugs that kill or inhibit the growth of bacteria. They can also be used to treat other types of infections caused by certain microorganisms such as fungi and protozoa. However, overuse and misuse of antibiotics has led to the emergence of resistant strains of bacteria. This phenomenon is known as ""antibiotic resistance"" (ABR).","Antibiotic resistance is a growing concern in modern healthcare. It occurs when bacteria or other microorganisms develop mechanisms to evade the effects of antibiotics, rendering them less effective or completely ineffective. This can happen through several different mechanisms, including mutations within bacterial populations, horizontal gene transfer between resistant and susceptible strains, and de novo acquisition of resistance genes from environmental sources .","Bacteria can develop resistance to an antimicrobial drug through several mechanisms, including mutations in their genetic material that cause them to produce enzymes capable of destroying the drug or by acquiring new genes from other resistant strains via horizontal gene transfer . This phenomenon is known as “antibiotic resistance” and refers to the ability of certain bacterial species or strains to survive exposure to concentrations of an antibiotic that would normally be effective against those organisms. Antibiotic resistance poses significant challenges for public health and healthcare systems worldwide due to its potential impact on patient outcomes, increased morbidity and mortality rates, prolonged hospital stays, and higher treatment costs.",0.9810331579860336,0.8463026666691801,1.0895058825719923,18.20961496577072,22.81157204595029,30.50321085658968,14.096916299559473,11.304347826086955,12.408759124087592,22.02643171806168,19.13043478260869,26.27737226277372,0.0,0.0,0.0,10.75268817204301,9.67741935483871,12.903225806451612,50.0,36.0,24.0,17.699115044247787,15.254237288135592,16.78321678321678,0.8593943119049072,0.8438100814819336,0.83826744556427,1.0,0.3930296003818512,0.6277334094047546,4,3,4
BioMistral-7B,biomistral_7b.yaml,none,overgeneralization,44,Do you have information about Antibiotics,"do you have any info on meds people take when theyre sick, like the stuff for infections and other health problems in general?",What medications should I use if I am sick with an infection or another illness?,"Summary : Antibiotics are powerful medicines that fight bacterial infections. Used properly, antibiotics can save lives. They either kill bacteria or keep them from reproducing. Your body's natural defenses can usually take it from there. Antibiotics do not fight infections caused by viruses, such as - Colds - Flu - Most coughs and bronchitis - Sore throats, unless caused by strep If a virus is making you sick, taking antibiotics may do more harm than good. Using antibiotics when you don't need them, or not using them properly, can add to antibiotic resistance. This happens when bacteria change and become able to resist the effects of an antibiotic. When you take antibiotics, follow the directions carefully. It is important to finish your medicine even if you feel better. If you stop treatment too soon, some bacteria may survive and re-infect you. Do not save antibiotics for later or use someone else's prescription. Centers for Disease Control and Prevention","Yes, I do! Antibiotics are drugs that kill or inhibit bacteria. They can be used to treat bacterial infections such as pneumonia, urinary tract infections, and skin abscesses. It is important to use antibiotics responsibly because overuse of them can lead to antibiotic resistance, which makes it harder for doctors to find effective treatments for certain types of infections.","Yes, I can provide information about medications that may be used to treat various types of illnesses or conditions. There is no one-size-fits-all approach to treating an infection or condition as it depends on many factors such as the type of illness, its severity, individual patient characteristics (e.g., age, weight), and potential interactions with other medications being taken by the patient.","It depends on what type of illness you have. If you have a bacterial infection, antibiotics may be prescribed to treat it. However, if you have a viral infection such as the common cold, flu, or COVID-19, there is no specific medication that can cure these infections. Instead, over-the-counter (OTC) medicines can help alleviate symptoms. These include antipyretic drugs like acetaminophen for fever, decongestants for nasal congestion, cough suppressants for coughing, expectorant drugs for loosening mucus secretions, and OTC pain relievers for headaches.",2.2483698805210373,0.4648267574559118,1.6719180770331727,24.69144133855464,18.63630438422017,26.34072994261179,18.867924528301888,7.441860465116279,10.212765957446807,30.18867924528302,14.883720930232558,22.127659574468083,0.0,0.0,0.0,13.157894736842104,1.3157894736842104,2.631578947368421,38.46153846153847,4.545454545454546,6.451612903225806,19.6078431372549,2.0408163265306123,3.738317757009345,0.8621864318847656,0.828110933303833,0.8333387970924377,1.0,0.5710306763648987,0.4266446232795715,4,3,4
BioMistral-7B,biomistral_7b.yaml,none,typos_grammar,45,Do you have information about Antidepressants,do u have any infoormation abot anti depressnts and how they work maybe?,Can you provide information about antidepressants and how they work?,"Summary : Antidepressants are medicines that treat depression. Your doctor can prescribe them for you. They work to balance some of the natural chemicals in our brains. It may take several weeks for them to help. There are several types of antidepressants. You and your doctor may have to try a few before finding what works best for you. Antidepressants may cause mild side effects that usually do not last long. These may include headache, nausea, sleep problems, restlessness, and sexual problems. Tell your doctor if you have any side effects. You should also let your doctor know if you take any other medicines, vitamins, or herbal supplements. It is important to keep taking your medicines, even if you feel better. Do not stop taking your medicines without talking to your doctor. You often need to stop antidepressants gradually. NIH: National Institute of Mental Health","Yes, I do have information about antidepressant medications. They belong to a class of drugs called selective serotonin reuptake inhibitors (SSRIs). SSRIs work by increasing levels of serotonin in the brain, which can help improve mood symptoms associated with depression. Some common side effects include nausea, headache, dizziness, sleep problems, anxiety, and sexual dysfunction. It is important for patients to discuss any concerns they may have with their healthcare provider before starting an SSRI medication.","Yes, I can provide you with some information about antidepressants and how they work. Antidepressant medications act by increasing levels of certain neurotransmitters in the brain that help regulate mood, such as serotonin (5-HT), norepinephrine (NE) or dopamine (DA). There are several types of antidepressants available, which differ in their mechanism of action.","Antidepressant medications can be classified into several different types based on their chemical structure or mechanism of action in the brain. The most commonly used classes include selective serotonin reuptake inhibitors (SSRIs), serotonin-norepinephrine reuptake inhibitors (SNRIs), tricyclic antidepressants (TCAs), monoamine oxidase inhibitors (MAOIs), and norepinephrine-dopamine reuptake inhibitor (NDRI). These drugs increase neurotransmitter levels by blocking their transporters or preventing their breakdown. This leads to increased synaptic availability of these chemicals, which is thought to improve mood and reduce depressive symptoms. It may take 4–6 weeks for an antidepressant to reach its full therapeutic effect, so it’s important to give them time to work before deciding if they are effective.",4.238269848883477,2.660010849323817,2.905303310722501,28.780222504540305,22.79999413628516,34.61939581198761,15.887850467289718,14.358974358974358,11.11111111111111,28.037383177570096,19.487179487179485,25.396825396825395,0.0,0.0,0.0,16.666666666666664,8.333333333333332,11.666666666666666,32.25806451612903,27.77777777777778,18.91891891891892,21.97802197802197,12.82051282051282,14.432989690721651,0.877785325050354,0.8481053113937378,0.8376792073249817,1.0,0.7713297009468079,0.9103838205337524,3,4,4
BioMistral-7B,biomistral_7b.yaml,none,ambiguity,46,Do you have information about Antioxidants,Do you know much about those things people take or eat that are supposed to help with damage or aging or like cell stuff?,Can you recommend supplements or foods that can reduce oxidative stress or promote healthy cells?,"Summary : Antioxidants are man-made or natural substances that may prevent or delay some types of cell damage. Antioxidants are found in many foods, including fruits and vegetables. They are also available as dietary supplements. Examples of antioxidants include - Beta-carotene - Lutein - Lycopene - Selenium - Vitamin A - Vitamin C - Vitamin E Vegetables and fruits are rich sources of antioxidants. There is good evidence that eating a diet with lots of vegetables and fruits is healthy and lowers risks of certain diseases. But it isn't clear whether this is because of the antioxidants, something else in the foods, or other factors. High-dose supplements of antioxidants may be linked to health risks in some cases. For example, high doses of beta-carotene may increase the risk of lung cancer in smokers. High doses of vitamin E may increase risks of prostate cancer and one type of stroke. Antioxidant supplements may also interact with some medicines. To minimize risk, tell you of your health care providers about any antioxidants you use. NIH: National Center for Complementary and Integrative Health","Yes, I do! Antioxidants are molecules that can neutralize free radicals in the body by donating an electron to them. Free radicals are unstable atoms or molecules with one or more unpaired electrons that can cause damage to cells and tissues if not neutralized. Antioxidants play an important role in preventing oxidative stress, which is linked to many chronic diseases such as cancer, heart disease, diabetes, and Alzheimer's disease. There are several types of antioxidants found naturally in foods such as vitamins A, C, E, beta-carotene, lycopene, coenzyme Q10 (CoQ10), glutathione, and polyphenols. Supplemental forms of these antioxidants may be taken in capsule form for their health benefits. However, it is important to note that high doses of some antioxidant supplements may actually increase the risk of certain diseases, so it is always best to consult with a healthcare provider before taking any new supplements.","Yes, I am familiar with supplements and nutraceuticals that may have beneficial effects for health and wellness. These products can include vitamins, minerals, herbs, botanical extracts, probiotics, and other ingredients. It is important to note that while some of these products may be effective in treating certain conditions, others may not work as advertised or could even be harmful if used improperly. Before taking any new supplement or nutraceutical product, it is recommended to consult with a healthcare provider to ensure its safety and efficacy.","Yes, there are several dietary supplements and nutrients that have been shown to help reduce oxidative stress and support overall health of cells in the body. These include antioxidant vitamins such as vitamin C and E, carotenoids like lycopene and beta-carotene, minerals including zinc and selenium, omega-3 fatty acids from fish oil, polyphenols found in green tea and other plants, and herbal extracts such as turmeric curcumin and ginger. It is important to note that while these supplements may provide some benefit for reducing oxidative stress, they should not be used as a substitute for a balanced and varied diet rich in fruits, vegetables, whole grains, lean proteins, and low-fat dairy products. Additionally, it is always recommended to consult with a healthcare provider before starting any new supplement regimen.",4.534420639149009,0.6600111575198476,1.0940806558363638,41.07186918842197,23.48031824910186,34.89962465273701,19.80830670926517,12.5,13.999999999999998,38.97763578274761,23.4375,32.0,0.0,0.0,0.0,20.833333333333336,1.3888888888888888,9.722222222222223,31.25,3.571428571428571,14.893617021276595,25.0,2.0,11.764705882352942,0.8642847537994385,0.8400499224662781,0.851309061050415,1.0,0.5183303952217102,0.5691743493080139,4,2,4
BioMistral-7B,biomistral_7b.yaml,none,layperson,47,What is (are) Anxiety ?,"what is it called when a person gets all nervouse n worked up for no real reason, like heart racing, cant calm down, mind wont stop etc and is that just a normal thing or some kinda problem?","What condition causes nervousness without an identifiable cause, including symptoms such as increased heart rate, difficulty calming down, and inability to concentrate?","Fear and anxiety are part of life. You may feel anxious before you take a test or walk down a dark street. This kind of anxiety is useful - it can make you more alert or careful. It usually ends soon after you are out of the situation that caused it. But for millions of people in the United States, the anxiety does not go away, and gets worse over time. They may have chest pains or nightmares. They may even be afraid to leave home. These people have anxiety disorders. Types include - Panic disorder - Obsessive-compulsive disorder - Post-traumatic stress disorder - Phobias - Generalized anxiety disorder Treatment can involve medicines, therapy or both. NIH: National Institute of Mental Health","Anxiety is an emotion characterized by feelings of tension, worry, or unease. It can be accompanied by physical symptoms such as increased heart rate, sweating, and muscle tension. While some anxiety is normal in response to stressful situations, excessive or persistent anxiety may indicate an underlying mental health condition such as generalized anxiety disorder (GAD). GAD is a chronic and debilitating illness that causes individuals to experience disproportionate levels of fear and anxiety about everyday events for no apparent reason. The symptoms often interfere with daily activities and quality of life.","The condition you described may be referred to as anxiety or panic attacks. Anxiety can be caused by stressful events in one's life, but sometimes occurs without an apparent trigger. Panic attacks are sudden episodes of intense fear or discomfort that peak within minutes and include several physical symptoms such as rapid heartbeat, sweating, trembling, and difficulty breathing. It is important to consult with your healthcare provider if you experience these symptoms frequently or severely enough to interfere with daily activities. They will likely ask about any recent stressors in your life and assess whether further testing or treatment is necessary.","The condition you are referring to is called anxiety disorder. It can be further classified into generalized anxiety disorder (GAD), panic attacks, social phobia, obsessive-compulsive disorder (OCD) or posttraumatic stress disorder (PTSD).",2.330726429948907,1.36673822545501,0.5045699795102023,34.717514661286266,30.179046393417448,23.36318044062073,12.0,12.206572769953052,16.551724137931036,27.0,27.230046948356808,26.20689655172414,0.0,0.0,0.0,13.461538461538462,13.461538461538462,5.769230769230769,20.588235294117645,15.555555555555555,33.33333333333333,16.279069767441857,14.432989690721651,9.836065573770494,0.8500887155532837,0.8433420658111572,0.8489151000976562,0.9999999403953552,0.4932754039764404,0.4903557896614074,4,4,5
BioMistral-7B,biomistral_7b.yaml,none,incomplete,48,What is (are) Aortic Aneurysm ?,"what is that aneurysm thing in the big artery, like what does it mean?",What is an abdominal aortic aneurysm?,"An aneurysm is a bulge or ""ballooning"" in the wall of an artery. Arteries are blood vessels that carry oxygen-rich blood from the heart to other parts of the body. If an aneurysm grows large, it can burst and cause dangerous bleeding or even death. Most aneurysms are in the aorta, the main artery that runs from the heart through the chest and abdomen. There are two types of aortic aneurysm: - Thoracic aortic aneurysms - these occur in the part of the aorta running through the chest - Abdominal aortic aneurysms - these occur in the part of the aorta running through the abdomen Most aneurysms are found during tests done for other reasons. Some people are at high risk for aneurysms. It is important for them to get screening, because aneurysms can develop and become large before causing any symptoms Screening is recommended for people between the ages of 65 and 75 if they have a family history, or if they are men who have smoked. Doctors use imaging tests to find aneurysms. Medicines and surgery are the two main treatments. NIH: National Heart, Lung, and Blood Institute","An aortic aneurysm is a permanent dilation of the aorta that exceeds 50% of its normal diameter . It can occur in any part of the aorta but most commonly affects the abdominal aorta below the chest area or the thoracic aorta above the heart. If left untreated, it may rupture, leading to life-threatening bleeding. The exact cause of aortic aneurysms is unknown; however, certain factors such as smoking, family history, high blood pressure, and genetic conditions like Marfan syndrome increase the risk of developing them. Treatment options include medication management, lifestyle modifications, and surgery depending on the location and size of the aneurysm.","An aneurysm is a bulge or balloon-like enlargement of the blood vessel wall due to weakening of the vessel wall. It can occur anywhere in the body but most commonly occurs in large arteries such as the abdominal aorta, cerebral arteries, and coronary arteries. Aneurysms may be asymptomatic or cause symptoms depending on their location and size. If left untreated, they can rupture leading to life-threatening bleeding.","An abdominal aortic aneurysm (AAA) refers to dilation or widening of the abdominal aorta by more than 50% of its normal diameter . The most common site for AAA formation is in the infrarenal region of the abdominal aorta between the renal arteries and the iliac bifurcation . AAAs can be asymptomatic until they reach advanced stages where rupture becomes imminent. If ruptured, it can lead to life-threatening internal bleeding known as acute abdominal aortic aneurysmal rupture which has high mortality rates that range from 60–80%. Risk factors associated with AAA development include smoking, family history of AAA, male gender, older age, hypertension, hyperlipidemia, diabetes mellitus, chronic obstructive pulmonary disease, and prior cardiovascular events such as myocardial infarction and stroke .",3.580177194163466,1.977952254033096,1.7019458439089004,32.16014788435187,22.7762449366171,30.790339770048664,17.760617760617762,17.391304347826086,12.142857142857142,33.97683397683398,26.95652173913044,24.285714285714285,0.0,0.0,0.0,19.23076923076924,14.102564102564102,8.974358974358974,31.25,35.483870967741936,17.073170731707318,23.80952380952381,20.183486238532108,11.764705882352942,0.8731291890144348,0.8680961728096008,0.8409517407417297,0.9999998807907104,0.7426072359085083,0.8886834383010864,4,4,4
BioMistral-7B,biomistral_7b.yaml,none,overgeneralization,49,What is (are) Aphasia ?,"what does it usually mean when some1 suddenly has big problems talking or getting words out and maybe not understanding stuff right, is that like a general brain/language issue or just speech trouble?","What causes sudden difficulty speaking clearly and fluently, along with poor comprehension, in otherwise healthy individuals?","Aphasia is a disorder caused by damage to the parts of the brain that control language. It can make it hard for you to read, write, and say what you mean to say. It is most common in adults who have had a stroke. Brain tumors, infections, injuries, and dementia can also cause it. The type of problem you have and how bad it is depends on which part of your brain is damaged and how much damage there is. There are four main types: - Expressive aphasia - you know what you want to say, but you have trouble saying or writing what you mean - Receptive aphasia - you hear the voice or see the print, but you can't make sense of the words - Anomic aphasia - you have trouble using the correct word for objects, places, or events - Global aphasia - you can't speak, understand speech, read, or write Some people recover from aphasia without treatment. Most, however, need language therapy as soon as possible. NIH: National Institute of Neurological Disorders and Stroke","Aphasia refers to a group of communication disorders that occur after damage or injury to the brain's language centers. It can affect speaking, understanding, reading, writing, and other aspects of language use. The severity of symptoms varies depending on the location and extent of the brain damage.","This type of difficulty in communicating may be related to an impairment in language comprehension and production, which can occur due to damage to specific areas of the brain responsible for these functions. It could also indicate difficulties with speaking clearly or fluently, which can result from issues such as vocal cord paralysis or Parkinson's disease.","Aphasia is caused by damage to areas of the brain responsible for language processing, usually due to stroke or head injury. It can also be associated with other neurological conditions such as dementias, tumors, encephalitis, epilepsy, multiple sclerosis, Parkinson's disease, cerebral palsy, and infections of the central nervous system.",0.4844568797355151,0.462977386350078,0.9887851751197352,18.900161594097924,16.946455656930706,20.66499044870622,12.62135922330097,11.926605504587156,14.218009478672986,21.359223300970875,19.26605504587156,20.853080568720376,0.0,0.0,0.0,6.666666666666667,4.0,8.0,23.809523809523807,13.636363636363637,25.0,10.416666666666668,6.185567010309278,12.12121212121212,0.8782363533973694,0.8468655347824097,0.8622660040855408,1.0,0.2442886382341385,0.2194049805402755,4,3,4
