model,config,quantization,noise_type,question_id,question_clean,question_noisy,question_repaired,reference_answer,answer_clean,answer_noisy,answer_repaired,bleu_clean,bleu_noisy,bleu_repaired,chrf_clean,chrf_noisy,chrf_repaired,rouge_l_clean,rouge_l_noisy,rouge_l_repaired,token_f1_clean,token_f1_noisy,token_f1_repaired,exact_match_clean,exact_match_noisy,exact_match_repaired,med_coverage_clean,med_coverage_noisy,med_coverage_repaired,med_precision_clean,med_precision_noisy,med_precision_repaired,med_f1_clean,med_f1_noisy,med_f1_repaired,bertscore_clean,bertscore_noisy,bertscore_repaired,intent_preservation_clean,intent_preservation_noisy,intent_preservation_repaired,geval_clean,geval_noisy,geval_repaired
Mixtral-8x7B-Instruct-v0.1 (4bit),mixtral_8x7b_4bit.yaml,4bit,typos_grammar,0,Do you have information about A1C,"do you got any info rmation abotu A1C , like what it is an how it works?",What is A1C and how does it work?,"Summary : A1C is a blood test for type 2 diabetes and prediabetes. It measures your average blood glucose, or blood sugar, level over the past 3 months. Doctors may use the A1C alone or in combination with other diabetes tests to make a diagnosis. They also use the A1C to see how well you are managing your diabetes. This test is different from the blood sugar checks that people with diabetes do every day. Your A1C test result is given in percentages. The higher the percentage, the higher your blood sugar levels have been: - A normal A1C level is below 5.7 percent - Prediabetes is between 5.7 to 6.4 percent. Having prediabetes is a risk factor for getting type 2 diabetes. People with prediabetes may need retests every year. - Type 2 diabetes is above 6.5 percent - If you have diabetes, you should have the A1C test at least twice a year. The A1C goal for many people with diabetes is below 7. It may be different for you. Ask what your goal should be. If your A1C result is too high, you may need to change your diabetes care plan. NIH: National Institute of Diabetes and Digestive and Kidney Diseases","Yes, I can provide information about A1C. A1C is a blood test that measures your average blood sugar levels over the past 2-3 months. It's also known as hemoglobin A1c or glycated hemoglobin. The test works by measuring the amount of glucose attached to hemoglobin, a protein in red blood cells. Higher blood sugar levels cause more glucose to attach to hemoglobin, resulting in a higher A1C level. An A1C level of 6.5% or higher typically indicates diabetes, while an A1C between 5.7% and 6.4% suggests prediabetes. Lower A1C levels indicate better blood sugar control. Regular A1C testing is important for managing diabetes and reducing the risk of complications associated with the disease.","Yes, I'd be happy to help explain! An A1C test, also known as hemoglobin A1c or HbA1c, is a common blood test used to diagnose and monitor diabetes. The test measures the average level of glucose (sugar) in your blood over the past 2-3 months by checking the amount of glycated hemoglobin in your red blood cells. Hemoglobin is a protein found inside your red blood cells that carries oxygen throughout your body. When sugar enters your bloodstream, some of it attaches to hemoglobin, forming glycated hemoglobin.

The more glucose there is in your blood, the higher the amount of glycated hemoglobin will be. This makes the A1C test a useful tool for tracking long-term control of blood sugar levels in people with diabetes. It provides valuable information about overall trends rather than short-term fluctuations, allowing healthcare providers to evaluate the effectiveness of treatment plans and adjust them accordingly.

In general, an A1C result below 5.7% is considered normal; values between 5.7% and 6.4% indicate prediabetes, while an A1C equal to or greater than 6.5% suggests a diagnosis of diabetes. However, these thresholds may vary slightly depending on the","A1C, also known as hemoglobin A1c or glycated hemoglobin, is a blood test that measures your average blood sugar levels over the past 2-3 months. It works by measuring the percentage of hemoglobin (the protein in red blood cells that carries oxygen) that is coated with sugar. The higher your blood sugar levels, the more sugar will be attached to your hemoglobin. An A1C test can help diagnose diabetes and monitor blood sugar levels in people with diabetes. The target A1C level for most people with diabetes is below 7%.",5.259864817904746,4.0806657474262975,6.616034505951472,32.51744491379481,39.892773086252966,30.050687398093466,24.24242424242425,21.68021680216802,25.735294117647054,41.07744107744107,42.27642276422764,38.235294117647065,0.0,0.0,0.0,22.666666666666664,25.333333333333336,24.0,35.41666666666667,25.67567567567568,51.42857142857142,27.64227642276423,25.503355704697988,32.72727272727273,0.8713674545288086,0.8635678291320801,0.8694988489151001,1.0,0.8034437298774719,0.8761646747589111,4,4,5
Mixtral-8x7B-Instruct-v0.1 (4bit),mixtral_8x7b_4bit.yaml,4bit,ambiguity,1,What is (are) Abdominal Pain ?,"what does it mean if your stomach/belly area is hurting inside, like that kind of pain in the middle, or around there, is that just a regular stomach ache or something else?","What does it indicate if one experiences persistent middle abdominal pain, is this simply a typical stomach ache or could it be something else?","Your abdomen extends from below your chest to your groin. Some people call it the stomach, but your abdomen contains many other important organs. Pain in the abdomen can come from any one of them. The pain may start somewhere else, such as your chest. Severe pain doesn't always mean a serious problem. Nor does mild pain mean a problem is not serious. Call your healthcare provider if mild pain lasts a week or more or if you have pain with other symptoms. Get medical help immediately if - You have abdominal pain that is sudden and sharp - You also have pain in your chest, neck or shoulder - You're vomiting blood or have blood in your stool - Your abdomen is stiff, hard and tender to touch - You can't move your bowels, especially if you're also vomiting","Abdominal pain refers to discomfort or hurt felt in the abdomen, which is the area between the chest and pelvis. It can be acute (sudden and severe) or chronic (persistent or recurring), and can have various causes such as indigestion, infection, inflammation, obstruction, or injury of the organs located in this region like the stomach, small intestine, large intestine, liver, gallbladder, pancreas, or kidneys. The severity and location of the pain may provide clues about its underlying cause, but further diagnostic tests are often required for accurate diagnosis and treatment.","I'm an AI language model and while I can provide some general information, I can't diagnose symptoms or replace professional medical advice. However, I can tell you that abdominal pain can be caused by various factors, ranging from minor issues like gas or indigestion to more serious conditions such as appendicitis, inflammatory bowel disease, or even cancer. 

If the pain is severe, persistent, or accompanied by other symptoms like fever, nausea, vomiting, or changes in bowel movements, it would be wise to seek immediate medical attention. If it's a mild, occasional discomfort, it might simply be a stomachache, which could be due to overeating, stress, or menstrual cramps, among other things. But remember, self-diagnosis can be risky - always consult with a healthcare professional for accurate assessment and treatment.","Persistent middle abdominal pain can indicate various conditions, not limited to a typical stomach ache. It could potentially signal issues such as gastrointestinal problems, kidney stones, or even appendicitis in some cases. If the pain is severe, persistent, or accompanied by other symptoms like fever, nausea, or vomiting, it is crucial to seek medical attention immediately to determine the cause and appropriate treatment.",2.6506319585032485,1.361469027051382,0.9084924670931652,29.202015309032188,34.205893329404816,26.1962916624776,11.11111111111111,12.307692307692308,13.471502590673577,25.925925925925924,29.23076923076924,26.94300518134715,0.0,0.0,0.0,10.0,10.0,8.333333333333332,14.634146341463412,10.714285714285714,19.230769230769237,11.88118811881188,10.3448275862069,11.627906976744184,0.8384106755256653,0.8463030457496643,0.8567913770675659,1.0,0.6781894564628601,0.7607349157333374,4,4,5
Mixtral-8x7B-Instruct-v0.1 (4bit),mixtral_8x7b_4bit.yaml,4bit,layperson,2,What is (are) Abortion ?,"what does it mean when a pregancy gets ended early or the baby is not kept, like how does that whole thing happen and what is it exactly ?","What does it mean when a pregnancy is terminated early, resulting in a missed miscarriage or induced abortion, and what processes occur during this event?","An abortion is a procedure to end a pregnancy. It uses medicine or surgery to remove the embryo or fetus and placenta from the uterus. The procedure is done by a licensed health care professional. The decision to end a pregnancy is very personal. If you are thinking of having an abortion, most healthcare providers advise counseling.","An abortion is a medical procedure that terminates a pregnancy. It can be performed surgically or through medication, also known as medical abortion. The legality and availability of abortions vary by country and state. Two types of surgical procedures are dilation and evacuation (D&E) and dilation and curettage (D&C). Medical abortions involve taking medications to cause the embryo or fetus to be expelled from the uterus. The timing of an abortion depends on various factors including gestational age, personal preference, and medical indications.","It sounds like you're asking about pregnancy loss before 20 weeks gestation, often referred to as a miscarriage. A miscarriage can occur due to various reasons such as chromosomal abnormalities, hormonal imbalances, infections, maternal health issues, or lifestyle factors (like smoking, alcohol use, or drug abuse). The body may naturally expel the pregnancy tissue, or a healthcare provider might need to perform a procedure to remove it. Emotional support is crucial during this time, and follow-up care with a healthcare professional should be sought for proper physical and mental healing.","An early pregnancy termination can result in either a missed miscarriage or an induced abortion. A missed miscarriage, also known as a silent miscarriage, occurs when a pregnancy ends naturally, but the fetus has not been expelled from the uterus. The body may not show any symptoms, and the pregnancy may not be aware that the miscarriage has happened. The body may eventually expel the fetus, or a medical procedure may be required to remove it.

An induced abortion is a deliberate termination of a pregnancy, usually performed during the first trimester. The process involves removing the contents of the uterus, including the fetus and placenta, using medication or a surgical procedure. The specific methods and procedures may vary depending on the stage of the pregnancy, the patient's health, and the provider's recommendations.",12.403555008410216,2.6192890734117427,5.382089263291921,42.77545509586027,39.34389157605288,40.12236670465906,22.580645161290324,12.12121212121212,12.987012987012989,30.64516129032258,25.75757575757576,24.675324675324678,0.0,0.0,0.0,23.809523809523807,28.57142857142857,38.095238095238095,20.0,13.333333333333334,16.3265306122449,21.73913043478261,18.181818181818183,22.857142857142858,0.8836723566055298,0.8545554876327515,0.8824306726455688,0.9999999403953552,0.4420582950115204,0.5593756437301636,4,2,5
Mixtral-8x7B-Instruct-v0.1 (4bit),mixtral_8x7b_4bit.yaml,4bit,incomplete,3,What is (are) Abscess ?,what is that painful swollen thing with pus?,What is the medical condition characterized by painful swelling with pus?,"An abscess is a pocket of pus. You can get an abscess almost anywhere in your body. When an area of your body becomes infected, your body's immune system tries to fight the infection. White blood cells go to the infected area, collect within the damaged tissue, and cause inflammation. During this process, pus forms. Pus is a mixture of living and dead white blood cells, germs, and dead tissue. Bacteria, viruses, parasites and swallowed objects can all lead to abscesses. Skin abscesses are easy to detect. They are red, raised and painful. Abscesses inside your body may not be obvious and can damage organs, including the brain, lungs and others. Treatments include drainage and antibiotics.","An abscess is an accumulation of pus in a confined space, usually caused by bacterial infection. It can occur in various parts of the body, including the skin, teeth, or internal organs. Abscesses may cause symptoms such as pain, swelling, redness, and warmth in the affected area. Treatment typically involves draining the abscess and administering antibiotics to clear the underlying infection.","It sounds like you may be describing an abscess. An abscess is a collection of pus that forms in response to an infection, usually caused by bacteria. Abscesses can occur in various parts of the body, including the skin, mouth, lungs, or internal organs. They typically appear as a tender, warm, and swollen area, often accompanied by redness and pain. If you suspect you have an abscess, it's essential to seek medical attention for proper diagnosis and treatment.","The medical condition characterized by painful swelling with pus is called an abscess. An abscess is a collection of pus that's built up within the tissues of the body. It's caused by an infection, which may be caused by bacteria, parasites, or foreign substances. Abscesses can form in various parts of the body, including the skin, lungs, brain, and teeth. Treatment typically involves draining the pus and administering antibiotics to clear the infection.",2.368539472838788,4.252223455520919,4.754737397611567,30.18854728352288,31.51131140311467,34.62914062111363,17.391304347826086,15.64245810055866,19.76744186046512,26.086956521739136,31.28491620111732,36.04651162790698,0.0,0.0,0.0,10.344827586206897,13.79310344827586,22.41379310344828,25.0,25.806451612903224,40.625,14.634146341463412,17.97752808988764,28.88888888888889,0.8840106129646301,0.877304196357727,0.8886537551879883,1.0,0.4006653428077698,0.392581045627594,5,5,5
Mixtral-8x7B-Instruct-v0.1 (4bit),mixtral_8x7b_4bit.yaml,4bit,overgeneralization,4,What is (are) Acne ?,"What is that skin break out stuff, like when your face an maybe back gets little bumps n red spots, is it just a normal skin problem or some bigger body thing?","Is the occurrence of small bumps and red spots on the face and back, a sign of a typical skin issue or could it indicate a more significant underlying health condition?","Acne is a common skin disease that causes pimples. Pimples form when hair follicles under your skin clog up. Most pimples form on the face, neck, back, chest, and shoulders. Anyone can get acne, but it is common in teenagers and young adults. It is not serious, but it can cause scars. No one knows exactly what causes acne. Hormone changes, such as those during the teenage years and pregnancy, probably play a role. There are many myths about what causes acne. Chocolate and greasy foods are often blamed, but there is little evidence that foods have much effect on acne in most people. Another common myth is that dirty skin causes acne; however, blackheads and pimples are not caused by dirt. Stress doesn't cause acne, but stress can make it worse. If you have acne - Clean your skin gently - Try not to touch your skin - Avoid the sun Treatments for acne include medicines and creams. NIH: National Institute of Arthritis and Musculoskeletal and Skin Diseases","Acne is a common skin condition that occurs when hair follicles become clogged with oil and dead skin cells, leading to whiteheads, blackheads, or pimples. It primarily affects areas of the body with a high concentration of sebaceous glands, such as the face, chest, and back. Acne can be caused by various factors including hormonal changes, genetics, stress, and poor diet. Treatment options include topical creams, oral medications, and lifestyle modifications.","The condition you're describing sounds like acne, which can affect not only the face but also other areas of the body such as the back. Acne occurs when hair follicles become plugged with oil and dead skin cells, leading to whiteheads, blackheads, or pimples. While acne can be frustrating, for most people, it is a normal skin issue that can be managed with over-the-counter treatments or prescription medications from a healthcare provider. However, in rare cases, severe and persistent acne can indicate underlying hormonal or medical conditions, so it is essential to consult a healthcare professional if you have concerns about your symptoms.","The occurrence of small bumps and red spots on the face and back can be a sign of various skin issues such as acne, folliculitis, or allergic reactions. However, in rare cases, it could also indicate underlying health conditions like autoimmune diseases or blood disorders. If the symptoms persist, consult a healthcare professional to determine the exact cause and appropriate treatment.",4.066382218045437,1.8593920242484243,0.7124522537794848,26.08519383071678,30.99056006342819,19.108541614194937,18.34061135371179,16.923076923076923,11.059907834101384,27.074235807860266,30.76923076923077,17.511520737327192,0.0,0.0,0.0,15.384615384615383,15.384615384615383,6.41025641025641,34.285714285714285,31.57894736842105,18.51851851851852,21.238938053097343,20.6896551724138,9.523809523809524,0.875675618648529,0.8558856844902039,0.8432310819625854,1.0,0.4476477205753326,0.4137182831764221,4,4,4
Mixtral-8x7B-Instruct-v0.1 (4bit),mixtral_8x7b_4bit.yaml,4bit,typos_grammar,5,What is (are) Acoustic Neuroma ?,what is/are accoustic neuoroma exacly ?,What is an acoustic neuroma exactly?,"An acoustic neuroma is a benign tumor that develops on the nerve that connects the ear to the brain. The tumor usually grows slowly. As it grows, it presses against the hearing and balance nerves. At first, you may have no symptoms or mild symptoms. They can include - Loss of hearing on one side - Ringing in ears - Dizziness and balance problems The tumor can also eventually cause numbness or paralysis of the face. If it grows large enough, it can press against the brain, becoming life-threatening. Acoustic neuroma can be difficult to diagnose, because the symptoms are similar to those of middle ear problems. Ear exams, hearing tests, and scans can show if you have it. If the tumor stays small, you may only need to have it checked regularly. If you do need treatment, surgery and radiation are options. If the tumors affect both hearing nerves, it is often because of a genetic disorder called neurofibromatosis. NIH: National Institute on Deafness and Communication Disorders","An acoustic neuroma, also known as vestibular schwannoma, is a benign tumor that develops on the nerve responsible for hearing and balance. It arises from the Schwann cells covering this nerve. Common symptoms include gradual hearing loss, tinnitus (ringing in the ear), and imbalance or vertigo. Treatment options may involve monitoring, radiation therapy, or surgical removal of the tumor.","An acoustic neuroma, also known as vestibular schwannoma, is a noncancerous (benign) tumor that develops on the cranial nerve responsible for balance and hearing (vestibulocochlear nerve). These tumors typically grow slowly and initially cause symptoms such as hearing loss, tinnitus (ringing in the ear), or imbalance. As they increase in size, they can put pressure on surrounding brain structures leading to more severe complications like facial numbness or weakness, difficulty swallowing, or even life-threatening conditions if not treated appropriately.","An acoustic neuroma, also known as vestibular schwannoma, is a benign tumor that develops on the vestibular nerve, which carries sound and equilibrium information from the inner ear to the brain. These tumors can cause hearing loss, tinnitus, and balance problems. Treatment options include observation, radiation, or surgical removal.",3.716294659134317,3.047899092316281,2.856822247101352,24.43957363371004,31.648858068291947,23.046997868658654,21.463414634146343,18.421052631578952,19.387755102040817,30.24390243902439,30.701754385964914,28.57142857142857,0.0,0.0,0.0,13.88888888888889,18.05555555555556,13.88888888888889,43.47826086956522,36.11111111111111,52.63157894736842,21.052631578947366,24.07407407407408,21.97802197802197,0.8718956708908081,0.8705527782440186,0.8693802356719971,1.0,0.3386049270629883,0.9426005482673644,4,4,5
Mixtral-8x7B-Instruct-v0.1 (4bit),mixtral_8x7b_4bit.yaml,4bit,ambiguity,6,Do you have information about Acupuncture,"Do you know much about that needle kind of thing people do for pain n stuff, like what its for or if it actually helps?","What is the purpose of using needles in medical treatments, such as acupuncture, and do they effectively alleviate pain and other symptoms?","Summary : Acupuncture has been practiced in China and other Asian countries for thousands of years. Acupuncture involves stimulating specific points on the body. This is most often done by inserting thin needles through the skin, to cause a change in the physical functions of the body. Research has shown that acupuncture reduces nausea and vomiting after surgery and chemotherapy. It can also relieve pain. Researchers don't fully understand how acupuncture works. It might aid the activity of your body's pain-killing chemicals. It also might affect how you release chemicals that regulate blood pressure and flow. NIH: National Center for Complementary and Integrative Health","Yes, I can provide some basic information about acupuncture. It's a traditional Chinese medicine practice that involves stimulating specific points on the body, most often with thin needles penetrating the skin. This process is believed to alter various biochemical and physiological conditions, which can help alleviate pain and improve overall health.

Acupuncture is used to treat a wide range of diseases and disorders, including chronic pain, migraines, anxiety, depression, insomnia, and digestive issues, among others. However, it's important to note that while many people report positive effects from acupuncture, its effectiveness remains a topic of ongoing research in the scientific community. 

As with any medical treatment, it should be performed by a qualified professional in a sterile environment to minimize risks such as infection or injury. Always consult with your healthcare provider before starting any new treatments.","Yes, I can provide information on that. The ""needle kind of thing"" you're referring to is likely acupuncture, a practice used in traditional Chinese medicine. Acupuncture involves inserting thin needles into specific points on the body to stimulate energy flow and promote healing. It is often used for pain management, but also for various other conditions such as headaches, anxiety, insomnia, and digestive issues. Research suggests that acupuncture may help reduce pain, although more studies are needed to confirm its effectiveness.","Needles in medical treatments, such as acupuncture, are used to stimulate specific points on the body. According to the National Center for Complementary and Integrative Health (NCCIH), acupuncture is considered effective for treating various conditions, including chronic pain, musculoskeletal problems, and nausea caused by chemotherapy. However, more research is needed to determine the full extent of its effectiveness and safety. The World Health Organization (WHO) also recognizes acupuncture as an effective treatment for over 35 diseases, including acute and chronic pain management. It's essential to consult with a licensed and experienced practitioner for safe and effective treatment.",6.481876571222491,6.99453982431118,11.496080753806194,42.09890980057836,38.82870708303164,42.553777463446,18.18181818181818,16.75977653631285,18.75,32.900432900432904,34.63687150837989,34.375,0.0,0.0,0.0,21.73913043478261,21.73913043478261,23.91304347826087,16.94915254237288,27.027027027027028,26.82926829268293,19.047619047619047,24.09638554216868,25.287356321839084,0.8717272281646729,0.8833398818969727,0.876775860786438,1.0,0.4658557176589966,0.5818337202072144,4,4,5
Mixtral-8x7B-Instruct-v0.1 (4bit),mixtral_8x7b_4bit.yaml,4bit,layperson,7,What is (are) Acute Bronchitis ?,"what is that chest/throat thing called when u get a bad cough n lots of mucus cuz the breathing tubes are all irritated or infected for a short bit, like not pneumonia but kinda in there?","What is the medical term for a short-term, irritated or infected breathing tube condition that results in a bad cough and excessive mucus production, not severe enough to be classified as pneumonia?","Bronchitis is an inflammation of the bronchial tubes, the airways that carry air to your lungs. It causes a cough that often brings up mucus. It can also cause shortness of breath, wheezing, a low fever, and chest tightness. There are two main types of bronchitis: acute and chronic. Most cases of acute bronchitis get better within several days. But your cough can last for several weeks after the infection is gone. The same viruses that cause colds and the flu often cause acute bronchitis. These viruses spread through the air when people cough, or though physical contact (for example, on unwashed hands). Being exposed to tobacco smoke, air pollution, dusts, vapors, and fumes can also cause acute bronchitis. Less often, bacteria can also cause acute bronchitis. To diagnose acute bronchitis, your health care provider will ask about your symptoms and listen to your breathing. You may also have other tests. Treatments include rest, fluids, and aspirin (for adults) or acetaminophen to treat fever. A humidifier or steam can also help. You may need inhaled medicine to open your airways if you are wheezing. Antibiotics won't help if the cause is viral. You may get antibiotics if the cause is bacterial. NIH: National Heart, Lung, and Blood Institute","Acute bronchitis is an inflammation of the bronchial tubes, which carry air to the lungs. It's usually caused by viruses, but can also be brought about by bacteria. The most common symptom is a persistent cough that lasts for several days or weeks. Other symptoms may include wheezing, chest tightness, mild fever, and production of mucus. Acute bronchitis often follows a cold or other respiratory infection. Most cases resolve without specific treatment within 7-10 days, although the cough may persist longer.","It sounds like you're describing acute bronchitis. Acute bronchitis is an inflammation of the lining of your bronchial tubes, which carry air to and from your lungs. It typically causes a persistent cough with mucus production, similar to what you described. While it can be caused by infection, including viral and bacterial sources, acute bronchitis often results from a common cold or other respiratory virus. In many cases, antibiotics aren't necessary as they won't help against viruses, and the condition usually resolves within several days to weeks.","The medical term for a short-term, irritated or infected breathing tube condition that results in a bad cough and excessive mucus production, which is not severe enough to be classified as pneumonia, is likely ""tracheobronchitis."" This term refers to inflammation of the trachea and bronchi, which can cause symptoms such as coughing and mucus production. However, it's important to note that this term is not specific to breathing tubes and can also refer to inflammation caused by other factors. If you have concerns about a breathing tube-related condition, it's best to consult with a healthcare professional for a proper diagnosis and treatment plan.",3.3990299497383827,3.0397174381076923,0.8101733513466532,27.765266481896177,28.15424033832945,25.763405150029623,17.58241758241758,19.8581560283688,12.794612794612794,34.43223443223443,33.333333333333336,24.91582491582492,0.0,0.0,0.0,21.21212121212121,24.24242424242424,5.05050505050505,56.75675675675676,58.53658536585365,11.11111111111111,30.88235294117647,34.285714285714285,6.944444444444445,0.8858683705329895,0.8692899346351624,0.8401004076004028,1.0,0.6061661839485168,0.6433393359184265,4,5,3
Mixtral-8x7B-Instruct-v0.1 (4bit),mixtral_8x7b_4bit.yaml,4bit,incomplete,8,What is (are) Acute Lymphocytic Leukemia ?,"What is acute leukemia, exactly?",What is the precise definition of acute leukemia?,"Leukemia is cancer of the white blood cells. White blood cells help your body fight infection. Your blood cells form in your bone marrow. In leukemia, however, the bone marrow produces abnormal white blood cells. These cells crowd out the healthy blood cells, making it hard for blood to do its work. In acute lymphocytic leukemia (ALL), also called acute lymphoblastic leukemia, there are too many of specific types of white blood cells called lymphocytes or lymphoblasts. ALL is the most common type of cancer in children. Possible risk factors for ALL include being male, being white, previous chemotherapy treatment, exposure to radiation, and for adults, being older than 70. Symptoms of ALL include: - Weakness or feeling tired - Fever - Easy bruising or bleeding - Bleeding under the skin - Shortness of breath - Weight loss or loss of appetite - Pain in the bones or stomach - Pain or a feeling of fullness below the ribs - Painless lumps in the neck, underarm, stomach, or groin Tests that examine the blood and bone marrow diagnose ALL. Treatments include chemotherapy, radiation therapy, stem cell transplants, and targeted therapy. Targeted therapy uses substances that attack cancer cells without harming normal cells. Once the leukemia is in remission, you need additional treatment to make sure that it does not come back. NIH: National Cancer Institute","Acute Lymphocytic Leukemia (ALL) is a type of cancer that starts in cells called lymphoblasts, which are early versions of white blood cells (specifically lymphocytes). This disease affects the bone marrow and leads to an increased production of abnormal, immature white blood cells. These cells crowd out healthy cells and make it difficult for the body to fight off infections. ALL can progress quickly without treatment, but response rates to therapy are generally high with appropriate management.","Acute leukemia is a type of cancer that affects the blood and bone marrow, leading to an abnormal production of immature white blood cells (leukemia cells). These cells accumulate rapidly, preventing the normal development and function of other blood cells such as red blood cells, platelets, and mature white blood cells. This results in symptoms like fatigue, easy bruising or bleeding, and increased risk of infections. There are two main types: acute lymphoblastic leukemia (ALL) and acute myeloid leukemia (AML), each with different causes, risk factors, and treatment approaches.","Acute leukemia is a type of cancer that affects the blood and bone marrow. It is characterized by an rapid increase in the number of abnormal white blood cells (leukemia cells), which are immature and not fully developed. These cells accumulate in the bone marrow and interfere with the production of normal blood cells, leading to various complications such as anemia, infection, and bleeding. Acute leukemia progresses quickly without treatment and can be fatal within a few months. There are two main types: acute lymphoblastic leukemia (ALL) and acute myeloid leukemia (AML).",2.7268646945780866,4.1746757563525945,3.967931597851375,24.52083398248513,28.92884896313404,27.01706332655453,18.705035971223023,20.0,16.551724137931036,33.093525179856115,34.48275862068965,32.41379310344828,0.0,0.0,0.0,13.861386138613865,19.8019801980198,17.82178217821782,37.83783783783784,47.61904761904761,43.90243902439025,20.28985507246377,27.97202797202797,25.352112676056336,0.8618606925010681,0.8625733256340027,0.8555840849876404,0.9999999403953552,0.836963951587677,0.8153916001319885,4,4,5
Mixtral-8x7B-Instruct-v0.1 (4bit),mixtral_8x7b_4bit.yaml,4bit,overgeneralization,9,What is (are) Acute Myeloid Leukemia ?,"what is this kind of serious blood problem/cancer thing where the bone marrow makes too many bad white cells, and what does it even mean for someone health overall?","What is the condition called when the bone marrow produces an excess of abnormal white blood cells, and how does this significantly impact a person's overall health?","Leukemia is cancer of the white blood cells. White blood cells help your body fight infection. Your blood cells form in your bone marrow. In leukemia, however, the bone marrow produces abnormal white blood cells. These cells crowd out the healthy blood cells, making it hard for blood to do its work. In acute myeloid leukemia (AML), there are too many of a specific type of white blood cell called a myeloblast. AML is the most common type of acute leukemia in adults. This type of cancer usually gets worse quickly if it is not treated. Possible risk factors include smoking, previous chemotherapy treatment, and exposure to radiation. Symptoms of AML include: - Fever - Shortness of breath - Easy bruising or bleeding - Bleeding under the skin - Weakness or feeling tired - Weight loss or loss of appetite Tests that examine the blood and bone marrow diagnose AML. Treatments include chemotherapy, other drugs, radiation therapy, stem cell transplants, and targeted therapy. Targeted therapy uses substances that attack cancer cells without harming normal cells. Once the leukemia is in remission, you need additional treatment to make sure that it does not come back. NIH: National Cancer Institute","Acute Myeloid Leukemia (AML) is a type of cancer that starts in the bone marrow – the soft tissue inside bones where new blood cells are made. In AML, the myeloid blast cells (a type of white blood cell) do not develop properly and cannot fight infections as they should. Instead, these blasts multiply quickly and accumulate in the bone marrow and blood, leading to various health problems. It's called ""acute"" because it can progress rapidly without treatment.","The condition you're describing is likely Acute Myeloid Leukemia (AML). AML is a type of cancer that starts in the bone marrow - the spongy tissue inside bones where our body's cellular building blocks, called stem cells, mature into red blood cells, white blood cells, or platelets. 

In AML, the bone marrow produces abnormal quantities of immature white blood cells, known as blasts. These blasts cannot carry out their intended function, which is to fight infection. Over time, these blasts crowd out healthy cells in the bone marrow, leading to fewer functional red blood cells and platelets being produced.

This has significant implications for an individual's overall health:
- Anemia can develop due to decreased red blood cells, causing fatigue, weakness, pale skin, and shortness of breath.
- Decreased platelets may result in easy bruising, prolonged bleeding from cuts, spontaneous nosebleeds, and increased risk of severe hemorrhage.
- Insufficient functional white blood cells leave patients more susceptible to infections, which can become life-threatening if not promptly treated.

Early diagnosis and treatment increase the chance of successful outcomes; therefore, anyone experiencing related symptoms should consult with a healthcare professional immediately.","The condition you're referring to is called ""Chronic Myeloid Leukemia"" (CML). In this condition, the bone marrow produces an excess of abnormal white blood cells (granulocytes). This significantly impacts a person's overall health as the abnormal cells can accumulate and suppress the production of normal blood cells, leading to anemia, fatigue, increased risk of infection due to low white blood cell count, and bleeding tendencies due to low platelet count. Moreover, these abnormal cells can infiltrate various organs, causing damage and further complications. Early detection and treatment are crucial for managing this condition.",2.473737385798312,8.170058270587631,3.6209254815888032,22.24825500139116,45.42915105608575,27.875535322825822,18.03921568627451,20.38567493112948,16.176470588235293,32.94117647058823,42.97520661157024,27.941176470588243,0.0,0.0,0.0,14.942528735632186,27.58620689655172,11.494252873563218,40.625,29.629629629629623,23.809523809523807,21.84873949579832,28.57142857142857,15.503875968992247,0.864090621471405,0.8603312969207764,0.8522101044654846,1.0,0.4924977421760559,0.5305410623550415,4,5,2
Mixtral-8x7B-Instruct-v0.1 (4bit),mixtral_8x7b_4bit.yaml,4bit,typos_grammar,10,What is (are) Addison Disease ?,"what is addison disease ,, like what does it actualy do to youre body ?",What are the effects of Addison's disease on the human body?,"Your adrenal glands are just above your kidneys. The outside layer of these glands makes hormones that help your body respond to stress and regulate your blood pressure and water and salt balance. Addison disease happens if the adrenal glands don't make enough of these hormones. A problem with your immune system usually causes Addison disease. The immune system mistakenly attacks your own tissues, damaging your adrenal glands. Other causes include infections and cancer. Symptoms include - Weight loss - Muscle weakness - Fatigue that gets worse over time - Low blood pressure - Patchy or dark skin Lab tests can confirm that you have Addison disease. If you don't treat it, it can be fatal. You will need to take hormone pills for the rest of your life. If you have Addison disease, you should carry an emergency ID. It should say that you have the disease, list your medicines and say how much you need in an emergency. NIH: National Institute of Diabetes and Digestive and Kidney Diseases","Addison's disease, also known as primary adrenal insufficiency, is a condition in which the adrenal glands do not produce enough of the hormones cortisol and aldosterone. This can lead to various symptoms such as fatigue, weight loss, low blood pressure, and darkening of the skin. It is typically treated with medication to replace the missing hormones.","Addison's Disease, also known as primary adrenal insufficiency, is a condition where the adrenal glands don't produce enough of the hormones cortisol and aldosterone. This can lead to various symptoms such as fatigue, weight loss, muscle weakness, joint pain, low blood sugar, and darkening of the skin. In severe cases, it can cause an addiction crisis, which is a life-threatening situation requiring immediate medical attention. The exact cause of Addison's Disease varies, but it often results from the immune system attacking the adrenal glands. Treatment typically involves replacing the missing hormones with medication.","Addison's disease, a rare disorder of the adrenal glands, leads to a deficiency in certain hormones (cortisol and aldosterone). This can cause various effects on the human body, including:

1. Fatigue and weakness
2. Weight loss and decreased appetite
3. Low blood pressure
4. Salt craving
5. Hyperpigmentation (darkening of the skin)
6. Hypoglycemia (low blood sugar)
7. Mood changes, such as depression or irritability
8. Irregular menstrual periods in women
9. Nausea, vomiting, and diarrhea
10. In severe cases, it can lead to adrenal crisis, a life-threatening situation characterized by low blood pressure, shock, and",0.7676673439949103,2.8843449324216914,2.51111858194888,21.508638617153228,32.31655139569888,28.761604419463225,16.113744075829384,19.51219512195122,13.545816733067728,24.644549763033176,30.89430894308943,26.294820717131472,0.0,0.0,0.0,7.142857142857142,12.857142857142856,11.428571428571429,22.727272727272727,23.07692307692308,19.51219512195122,10.869565217391305,16.513761467889907,14.414414414414416,0.8576112389564514,0.863788366317749,0.8404846787452698,1.0,0.8497042655944824,0.7774747014045715,4,4,5
Mixtral-8x7B-Instruct-v0.1 (4bit),mixtral_8x7b_4bit.yaml,4bit,ambiguity,11,What is (are) Adhesions ?,"What does it mean when stuff inside your body kind of sticks together after something, like is that the same as those internal scar-band things?","Is the experience of internal bodily substances adhering together following a procedure similar to the formation of internal scar tissue, or adhesions?","Adhesions are bands of scar-like tissue. Normally, internal tissues and organs have slippery surfaces so they can shift easily as the body moves. Adhesions cause tissues and organs to stick together. They might connect the loops of the intestines to each other, to nearby organs, or to the wall of the abdomen. They can pull sections of the intestines out of place. This may block food from passing through the intestine. Adhesions can occur anywhere in the body. But they often form after surgery on the abdomen. Almost everyone who has surgery on the abdomen gets adhesions. Some adhesions don't cause any problems. But when they partly or completely block the intestines, they cause symptoms such as - Severe abdominal pain or cramping - Vomiting - Bloating - An inability to pass gas - Constipation Adhesions can sometimes cause infertility in women by preventing fertilized eggs from reaching the uterus. No tests are available to detect adhesions. Doctors usually find them during surgery to diagnose other problems. Some adhesions go away by themselves. If they partly block your intestines, a diet low in fiber can allow food to move easily through the affected area. If you have a complete intestinal obstruction, it is life threatening. You should get immediate medical attention and may need surgery. NIH: National Institute of Diabetes and Digestive and Kidney Diseases","Adhesions are abnormal bands of scar tissue that form between internal organs or between organs and the abdominal wall. They can develop after surgery, infection, injury, or radiation therapy, causing pain, inflammation, and potentially bowel obstruction if located in the abdomen.","It sounds like you're asking about adhesions, which can form inside the body as a response to surgery, injury, or infection. Adhesions are bands of tissue that stick together, potentially connecting surfaces that should normally be separate. This can cause various problems depending on where they occur in the body, leading to symptoms such as pain, inflammation, or bowel obstruction. Internal scars, known as surgical adhesions, are common outcomes of surgeries but may not always result in noticeable issues. If you have concerns about specific symptoms or conditions, consult with a healthcare professional for personalized advice.","No, the experience of internal bodily substances adhering together following a procedure is not similar to the formation of internal scar tissue or adhesions. The former is a temporary sensation caused by factors such as manipulation or inflammation, while the latter is a more permanent condition resulting from the healing process after injury or surgery, in which internal tissues abnormally stick together.",0.1475656659814284,2.651317147507417,0.3159835558303311,14.41848456591534,26.59028207691073,16.698529712936956,14.69387755102041,15.384615384615383,9.230769230769232,20.40816326530612,32.10702341137124,16.92307692307692,0.0,0.0,0.0,7.446808510638298,15.95744680851064,5.319148936170213,35.0,34.88372093023256,19.230769230769237,12.280701754385964,21.897810218978105,8.333333333333334,0.8612622022628784,0.8608791828155518,0.8350384831428528,1.0,0.4365291595458984,0.4791420698165893,4,4,3
Mixtral-8x7B-Instruct-v0.1 (4bit),mixtral_8x7b_4bit.yaml,4bit,layperson,12,Do you have information about Adoption,"do u have any info or stuff abt, like, when a kid gets taken in by another family n how that all works maybe?",What are the medical procedures and considerations when a child is adopted into a new family?,"Summary : Adoption brings a child born to other parents into a new family. Birth parents have a number of reasons for placing children for adoption. Overall, they want better lives for their children than they think they can give them. Children who are eligible for adoption come from many different settings. Some are in foster care, a temporary home setting. Other children live in orphanages or with birth relatives until they can be adopted. There are different kinds of adoption. Children may be adopted by a relative or a new family. Some parents adopt children from the U.S, and some adopt from abroad.","I'm here to help with health-related questions, and while I can provide some general information about adoption, it's important to note that I'm not an expert in this area. Adoption is a legal process where the rights and responsibilities of being a parent are transferred from one person or couple to another. It's a complex issue involving emotional, financial, and legal aspects. If you need detailed advice about adopting a child, I would recommend consulting with a social worker, lawyer, or a professional organization specializing in adoptions.","It sounds like you're asking about adoption. Adoption is a legal process where the rights and responsibilities of being a parent are transferred to new parents. This can be done through a public agency, private agency, or independent adoptions with an attorney. In the United States, anyone can be adopted regardless of their age, race, or ethnicity. The requirements for adoptive parents vary by state but often include background checks, home studies, and training. After the adoption is finalized, the child becomes a permanent member of the new family.","When a child is adopted into a new family, several medical procedures and considerations are necessary to ensure the child's well-being:

1. Medical Evaluation: The child should undergo a comprehensive medical evaluation by a pediatrician to identify any existing health conditions, developmental delays, or special needs. This evaluation may include laboratory tests, developmental screening, and immunization updates.

2. Immunization Records: The adopting family should obtain and review the child's immunization records. If there are any gaps, the child should receive the necessary vaccinations according to the recommended immunization schedule.

3. Medical History: The adoptive family should gather as much medical history as possible about the child from the birth family or orphanage. This information can help the healthcare provider anticipate and manage potential health issues.",1.534537929381174,3.3524811811390856,3.301775368659893,27.40200579695768,34.32570045260566,33.24307280942449,8.839779005524862,15.909090909090908,10.476190476190476,17.679558011049725,30.681818181818183,18.09523809523809,0.0,0.0,0.0,2.702702702702702,18.91891891891892,13.513513513513514,4.0,21.875,9.803921568627452,3.225806451612903,20.28985507246377,11.363636363636363,0.844167172908783,0.8614149689674377,0.8452373147010803,0.9999998807907104,0.5078020691871643,0.609745442867279,4,4,5
Mixtral-8x7B-Instruct-v0.1 (4bit),mixtral_8x7b_4bit.yaml,4bit,incomplete,13,What is (are) Adrenal Gland Cancer ?,"wht is that kinda cancer in the little glands on top the kidneys, like what does it even mean ?","What kind of cancer develops in the small glands located on top of the kidneys, and what does this diagnosis entail?","Your adrenal, or suprarenal, glands are located on the top of each kidney. These glands produce hormones that you can't live without, including sex hormones and cortisol, which helps you respond to stress and has many other functions. A number of disorders can affect the adrenal glands, including tumors. Tumors can be either benign or malignant. Benign tumors aren't cancer. Malignant ones are. Most adrenal gland tumors are benign. They usually do not cause symptoms and may not require treatment. Malignant adrenal gland cancers are uncommon. Types of tumors include - Adrenocortical carcinoma - cancer in the outer part of the gland - Neuroblastoma, a type of childhood cancer - Pheochromocytoma - a rare tumor that is usually benign Symptoms depend on the type of cancer you have. Treatments may include surgery, chemotherapy, or radiation therapy.","Adrenal gland cancer is a rare type of cancer that occurs in the adrenal glands, which are small hormone-producing glands located on top of each kidney. There are two main types: adrenocortical carcinoma (ACC), which develops in the outer layer (cortex) of the adrenal gland, and pheochromocytoma, which forms in the inner part (medulla). Symptoms can include abdominal pain, fatigue, unexplained weight loss, and high blood pressure. Treatment typically involves surgery to remove the tumor, often followed by radiation therapy or chemotherapy. The prognosis varies greatly depending on the stage and aggressiveness of the cancer, as well as the patient's overall health.","The glands on top of your kidneys are called adrenal glands. A cancer that occurs in these glands is called adrenocortical carcinoma (ACC). This type of cancer is rare and can affect both children and adults. It often grows rapidly and may secrete hormones, leading to various symptoms such as weakness, weight loss, sweating, and changes in blood pressure. Treatment options typically include surgery, radiation therapy, chemotherapy, or a combination of these methods.","The kind of cancer that develops in the small glands located on top of the kidneys is called Adrenal Cortical Carcinoma (ACC). This diagnosis entails further tests to determine the stage and grade of the cancer, which will help in planning the treatment. Treatment options may include surgery, radiation therapy, chemotherapy, or a combination of these. Regular follow-ups will be necessary to monitor the condition.",7.851014879158728,3.7639839329301714,3.807028474757213,41.901630757312574,32.81694700332492,27.560272452499067,21.00456621004566,18.46153846153846,16.39344262295082,43.83561643835616,37.94871794871795,30.601092896174865,0.0,0.0,0.0,33.92857142857143,16.071428571428573,12.5,44.18604651162791,30.0,26.923076923076923,38.38383838383838,20.930232558139533,17.073170731707314,0.8772700428962708,0.878257155418396,0.8602228164672852,0.9999998807907104,0.6013485789299011,0.6468541622161865,4,4,5
Mixtral-8x7B-Instruct-v0.1 (4bit),mixtral_8x7b_4bit.yaml,4bit,overgeneralization,14,What is (are) Adrenal Gland Disorders ?,"what are the diff kinds of hormone gland problems in the body, esp the little ones by the kidneys, and how do those issues usually mess you up or make you feel off ?","What are the different types of hormonal gland issues, particularly those affecting the small glands near the kidneys, and how do they typically affect one's health or cause discomfort?","The adrenal glands are small glands located on top of each kidney. They produce hormones that you can't live without, including sex hormones and cortisol. Cortisol helps you respond to stress and has many other important functions. With adrenal gland disorders, your glands make too much or not enough hormones. In Cushing's syndrome, there's too much cortisol, while with Addison's disease, there is too little. Some people are born unable to make enough cortisol. Causes of adrenal gland disorders include - Genetic mutations - Tumors including pheochromocytomas - Infections - A problem in another gland, such as the pituitary, which helps to regulate the adrenal gland - Certain medicines Treatment depends on which problem you have. Surgery or medicines can treat many adrenal gland disorders. NIH: National Institute of Child Health and Human Development","Adrenal gland disorders refer to conditions that affect the functioning of the adrenal glands, which are small hormone-producing glands located on top of the kidneys. These disorders can result in the overproduction or underproduction of certain hormones, leading to various health issues. Examples include Cushing's syndrome (caused by excess cortisol), Addison's disease (resulting from insufficient cortisol and aldosterone production), and adrenal tumors like pheochromocytomas (which may cause high blood pressure). Treatment depends on the specific disorder but often involves medications, surgery, or lifestyle changes.","The small glands located near the kidneys are called the adrenal glands, which produce various hormones such as cortisol, aldosterone, and adrenaline. Hormonal imbalances in these glands can lead to several conditions:

1. Adrenal insufficiency (Addison's disease): This occurs when the adrenal glands don't produce enough cortisol and aldosterone. Symptoms include fatigue, weight loss, low blood pressure, and abdominal pain.
2. Cushing's syndrome: It results from an excess of cortisol in the body due to overactive adrenal glands or external sources like medication. Common symptoms are obesity, high blood pressure, weak muscles, mood changes, and thinning skin.
3. Conn's syndrome (primary hyperaldosteronism): Overproduction of aldosterone leads to increased sodium reabsorption and potassium excretion, causing hypertension, muscle weakness, and occasionally polyuria (excessive urination) and polydipsia (excessive thirst).
4. Pheochromocytoma: A rare tumor that forms in the center of the adrenal glands, leading to excessive production of adrenaline-like hormones. Resulting symptoms may include headaches, sweating, heart","The small glands near the kidneys are the adrenal glands, which are part of the endocrine system and produce hormones that regulate various functions in the body. The different types of hormonal gland issues affecting the adrenal glands include:

1. Adrenal Insufficiency: This occurs when the adrenal glands do not produce enough hormones, particularly cortisol and aldosterone. Symptoms may include fatigue, weight loss, low blood pressure, and skin darkening.

2. Adrenal Overactivity (Hyperadrenalism): This occurs when the adrenal glands produce too much hormone, often cortisol. Symptoms may include weight gain, fatigue, muscle weakness, mood changes, and high blood pressure.

3. Adrenal C",5.229321507629688,2.2048561816132217,2.5676603401574862,40.03603926353939,43.10947154017165,37.782491203867984,27.488151658767773,14.336917562724013,16.216216216216218,42.65402843601896,32.25806451612903,28.82882882882883,0.0,0.0,0.0,29.82456140350877,21.052631578947366,19.29824561403509,44.73684210526316,15.384615384615383,23.404255319148938,35.78947368421053,17.77777777777778,21.153846153846157,0.8842375874519348,0.8513306975364685,0.8508429527282715,1.0,0.5124713182449341,0.539095938205719,4,4,5
Mixtral-8x7B-Instruct-v0.1 (4bit),mixtral_8x7b_4bit.yaml,4bit,typos_grammar,15,Do you have information about Advance Directives,"Do u have any informaiton abotu Advance Directvies, like what it is an how they work ?","What are advance directives, including what they entail and how they operate?","Summary : What kind of medical care would you want if you were too ill or hurt to express your wishes? Advance directives are legal documents that allow you to spell out your decisions about end-of-life care ahead of time. They give you a way to tell your wishes to family, friends, and health care professionals and to avoid confusion later on. A living will tells which treatments you want if you are dying or permanently unconscious. You can accept or refuse medical care. You might want to include instructions on - The use of dialysis and breathing machines - If you want to be resuscitated if your breathing or heartbeat stops - Tube feeding - Organ or tissue donation A durable power of attorney for health care is a document that names your health care proxy. Your proxy is someone you trust to make health decisions for you if you are unable to do so. NIH: National Cancer Institute","Yes, I can provide information about advance directives. An advance directive is a legal document that outlines your wishes for end-of-life medical treatment in the event that you become unable to make decisions for yourself. It typically includes a living will, which specifies the type of care you want (or don't want), and a healthcare proxy, who makes medical decisions on your behalf when you're not able to do so.

Advance directives ensure that your preferences regarding medical treatments are respected even if you cannot communicate them due to illness or injury. They also help relieve family members from having to guess what kind of care you would prefer in difficult circumstances. Laws governing advance directives vary by state, so it's essential to create one that complies with local regulations.","Yes, I can provide information about advance directives. An advance directive is a legal document that outlines your wishes for end-of-life medical treatment in the event that you become unable to make decisions for yourself due to illness or injury. There are two main types of advance directives: living wills and health care proxies (also known as health care powers of attorney). A living will specifies the type of medical treatments you want or do not want, while a health care proxy designates someone else to make medical decisions for you if you become incapacitated. The specific laws regarding advance directives vary by state, so it's important to consult with an attorney or healthcare provider to ensure that your documents meet the requirements of your jurisdiction.","Advance directives are legal documents that outline a person's medical treatment preferences in the event they become unable to make decisions for themselves. They typically include a living will, which details the type of medical care desired, and a healthcare proxy, who is appointed to make decisions on the person's behalf. Advance directives operate by guiding healthcare providers and loved ones in providing care consistent with the individual's wishes when they can no longer communicate them. They can be created at any time and updated or revoked as needed.",3.936315933021111,7.921078487803294,4.657478965613222,41.17214541172616,43.92640736615653,33.020514587298216,19.21708185053381,24.264705882352946,16.877637130801684,41.281138790035584,44.11764705882353,28.691983122362867,0.0,0.0,0.0,20.0,25.0,18.33333333333333,27.27272727272727,37.5,37.93103448275862,23.07692307692308,30.0,24.719101123595504,0.8748048543930054,0.8737042546272278,0.8696128726005554,0.9999999403953552,0.3716906011104584,0.9171013236045836,4,4,5
Mixtral-8x7B-Instruct-v0.1 (4bit),mixtral_8x7b_4bit.yaml,4bit,ambiguity,16,Do you have information about African American Health,"Do you have any info on health stuff for Black people, like the kinds of problems that come up more or things they should watch for?",What are some common health issues and conditions that disproportionately affect the Black population and warrant increased awareness?,"Summary : Every racial or ethnic group has specific health concerns. Differences in the health of groups can result from - Genetics - Environmental factors - Access to care - Cultural factors On this page, you'll find links to health issues that affect African Americans.","Yes, I can provide some general information about African American health. It's important to note that while there are certain health conditions that disproportionately affect this population, it does not mean that all African Americans will develop these conditions. 

1. Higher rates of chronic diseases: Compared to other racial groups, African Americans experience higher rates of chronic diseases such as heart disease, stroke, diabetes, and cancer.

2. Mental health disparities: African Americans often face barriers in accessing mental health services and may be less likely to receive adequate treatment for mental health disorders like depression and anxiety.

3. High blood pressure: African Americans tend to develop high blood pressure earlier in life and have more severe complications compared to other races.

4. Obesity: The prevalence of obesity is higher among African Americans than any other racial or ethnic group in the United States. This contributes to an increased risk of various health issues including diabetes, heart disease, and certain types of cancer.

5. Infant mortality: African American infants die at twice the rate of white infants, making it a significant public health concern.

6. Sickle cell disease: This genetic disorder primarily affects people of African descent. It causes red blood cells to take on a sickle shape, leading to blockages in blood vessels that can cause pain crises, serious infections, and organ damage.","Yes, I can provide some general information about certain health conditions that disproportionately affect African Americans. While it is important to note that not all individuals in this group will experience these issues, there are specific health concerns that tend to be more prevalent among black populations compared to other racial groups. Some of these include:

1. High blood pressure (hypertension): African Americans develop high blood pressure more often and at an earlier age than other races. It's essential to monitor blood pressure regularly and maintain a healthy lifestyle to reduce risks.
2. Heart disease: The risk of heart disease is higher among African Americans due to factors such as hypertension, diabetes, and obesity. Adopting heart-healthy habits, including regular exercise and balanced nutrition, is crucial.
3. Stroke: Compared to other racial groups, African Americans have a higher rate of stroke and related deaths. Monitoring and controlling risk factors like high blood pressure, diabetes, and smoking can help lower the chance of having a stroke.
4. Diabetes: Type 2 diabetes affects African Americans at a higher rate than other racial groups. Regular screenings, maintaining a healthy weight, engaging in physical activity, and managing diet can significantly decrease the risk.
5. Certain types of cancer: Prostate cancer is more common among African American men than any other racial or ethnic group. Breast cancer also has a higher incidence and mortality rate in","There are several health issues that disproportionately affect the Black population and require increased awareness:

1. Hypertension: Black adults are more likely to develop high blood pressure than white adults, and they tend to develop it earlier in life.

2. Heart Disease: Black Americans have a higher risk of heart disease, including stroke, than other racial or ethnic groups.

3. Diabetes: Black Americans are twice as likely to be diagnosed with diabetes as non-Hispanic whites.

4. Certain Cancers: Black men and women have higher death rates from lung, prostate, and colon cancers than other racial or ethnic groups.

5. Mental Health: Black Americans are more likely to report feelings of sadness, hopelessness, and worthlessness than white Americans. They are also more likely to experience serious mental health",1.6123576240619142,2.6009991370165584,2.129540262747345,27.519368289493208,28.28146431314132,31.332125784049506,8.527131782945736,7.633587786259542,9.638554216867467,15.503875968992247,17.557251908396946,19.277108433734934,0.0,0.0,0.0,43.75,43.75,25.0,6.930693069306932,6.862745098039216,6.153846153846154,11.965811965811964,11.86440677966102,9.876543209876544,0.8415762186050415,0.8392266035079956,0.8427331447601318,1.0,0.794005274772644,0.6194762587547302,4,3,5
Mixtral-8x7B-Instruct-v0.1 (4bit),mixtral_8x7b_4bit.yaml,4bit,layperson,17,What is (are) After Surgery ?,"what all can happn after you get somthing done at the hospitol, like after they fix stuff and your home agian ?",What can I expect in terms of recovery and follow-up care after undergoing a procedure and being discharged from the hospital?,"After any operation, you'll have some side effects. There is usually some pain with surgery. There may also be swelling and soreness around the area that the surgeon cut. Your surgeon can tell you which side effects to expect. There can also be complications. These are unplanned events linked to the operation. Some complications are infection, too much bleeding, reaction to anesthesia, or accidental injury. Some people have a greater risk of complications because of other medical conditions. Your surgeon can tell you how you might feel and what you will be able to do - or not do - the first few days, weeks, or months after surgery. Some other questions to ask are - How long you will be in the hospital - What kind of supplies, equipment, and help you might need when you go home - When you can go back to work - When it is ok to start exercising again - Are they any other restrictions in your activities Following your surgeon's advice can help you recover as soon as possible. Agency for Healthcare Quality and Research","""Postoperative"" refers to the period, care, or recovery after a surgery. It includes the time when patients receive follow-up care, recover from the effects of anesthesia, and regain their normal functions. The goal of postoperative care is to ensure the patient's wellbeing, minimize discomfort, prevent complications, and facilitate healing. This may involve monitoring vital signs, managing pain, providing wound care, promoting mobility, administering medications, and suggesting lifestyle modifications.","After being discharged from the hospital, some common experiences include follow-up appointments with healthcare providers to monitor recovery, medication management, potential physical therapy or rehabilitation if necessary, lifestyle changes related to the health issue, and monitoring for any signs of complications or infections. It's essential to follow all post-discharge instructions given by the medical team for optimal healing and wellbeing.","Your recovery and follow-up care after a procedure depend on the specific type of procedure you underwent. However, here are some general expectations:

1. **Rest and Recovery**: You'll likely need to rest and avoid strenuous activity for a period of time. This could range from a few days to several weeks, depending on the procedure.

2. **Pain Management**: Some discomfort or pain is normal after a procedure. Your doctor will provide instructions on how to manage this, which may include over-the-counter or prescription pain medications.

3. **Wound Care**: If you have stitches, staples, or a wound from the procedure, you'll receive instructions on how to care for it. This may include changing bandages and avoiding certain activities to prevent infection.

4. **Dietary Rest",0.6720873255795512,0.3923908367728628,1.1943446703435427,24.78170314535428,22.676369124535693,29.028433862595065,8.474576271186441,10.344827586206897,12.371134020618555,16.949152542372882,16.379310344827587,28.865979381443296,0.0,0.0,0.0,6.25,6.25,9.375,12.12121212121212,13.79310344827586,10.909090909090908,8.24742268041237,8.602150537634408,10.084033613445378,0.8437057137489319,0.8446539044380188,0.8463128209114075,1.0,0.2722005844116211,0.4764551818370819,4,3,5
Mixtral-8x7B-Instruct-v0.1 (4bit),mixtral_8x7b_4bit.yaml,4bit,incomplete,18,Do you have information about Air Pollution,do u have any info on bad air stuff and what it can do?,What are the potential health effects of bad air quality?,"Summary : Air pollution is a mixture of solid particles and gases in the air. Car emissions, chemicals from factories, dust, pollen and mold spores may be suspended as particles. Ozone, a gas, is a major part of air pollution in cities. When ozone forms air pollution, it's also called smog. Some air pollutants are poisonous. Inhaling them can increase the chance you'll have health problems. People with heart or lung disease, older adults and children are at greater risk from air pollution. Air pollution isn't just outside - the air inside buildings can also be polluted and affect your health. Environmental Protection Agency","Yes, I can provide some basic information about air pollution. It is a mixture of particles and gases that can harm human health and the environment. Major sources include industrial processes, transportation (such as cars, trucks, and buses), power generation, residential heating, agricultural practices, and wildfires. Exposure to air pollutants can cause respiratory diseases, cardiovascular issues, and even cancer. To mitigate its effects, it's essential to monitor and regulate emissions, promote cleaner technologies, and encourage sustainable practices like public transportation use and energy conservation.","Yes, I can provide information on the health effects of poor air quality. Exposure to polluted air can lead to various respiratory problems such as bronchitis, asthma attacks, and other lung diseases. It may also aggravate existing heart conditions and increase the risk of stroke or heart attack. Additionally, long-term exposure has been linked to cancer, especially lung cancer. Fine particulate matter (PM 2.5) in the air is particularly harmful due to its ability to penetrate deep into the lungs.","Poor air quality can have various negative effects on health. Short-term exposure can lead to irritation of the eyes, nose, and throat, coughing, wheezing, shortness of breath, and fatigue. Prolonged exposure can cause more severe issues such as lung damage, aggravation of heart and lung diseases, and increased risk of heart attacks and strokes. It can also worsen symptoms in people with asthma or COPD (Chronic Obstructive Pulmonary Disease). Children, elderly people, and those with pre-existing medical conditions are particularly vulnerable to the harmful effects of bad air quality.",5.091043738791938,2.218035039536937,1.4559553290937552,35.260020920219425,30.04428646923277,30.532365989051435,16.483516483516482,10.16949152542373,15.95744680851064,24.17582417582417,25.98870056497175,26.595744680851062,0.0,0.0,0.0,18.75,12.5,12.5,22.5,16.216216216216218,13.636363636363637,20.454545454545457,14.117647058823527,13.043478260869565,0.8665454387664795,0.857792854309082,0.8552691340446472,0.9999998807907104,0.6020172238349915,0.6101601123809814,4,4,5
Mixtral-8x7B-Instruct-v0.1 (4bit),mixtral_8x7b_4bit.yaml,4bit,overgeneralization,19,Do you have information about Alcohol,do you have any info on things people use or drink and how that,What information is available about substances that people consume or drink and their potential effects on health?,"Summary : If you are like many Americans, you drink alcohol at least occasionally. For many people, moderate drinking is probably safe. It may even have health benefits, including reducing your risk of certain heart problems. For most women and for most people over 65, moderate drinking is no more than three drinks a day or seven drinks per week. For men under 65, it is no more than four drinks a day or 14 drinks per week. Some people should not drink at all, including alcoholics, children, pregnant women, people taking certain medicines, and people with certain medical conditions. If you have questions about whether it is safe for you to drink, speak with your health care provider. Anything more than moderate drinking can be risky. Heavy drinking can lead to alcoholism and alcohol abuse, as well as injuries, liver disease, heart disease, cancer, and other health problems. It can also cause problems at home, at work, and with friends. NIH: National Institute on Alcohol Abuse and Alcoholism","Yes, I can provide some basic information about alcohol. According to Mayo Clinic, moderate alcohol consumption is defined as up to one drink per day for women and up to two drinks per day for men. The National Institute on Alcohol Abuse and Alcoholism (NIAAA) defines a standard drink as any of the following: 12 fluid ounces of regular beer (5% alcohol), 5 fluid ounces of wine (12% alcohol), or 1.5 fluid ounces of distilled spirits (40% alcohol). Excessive drinking can lead to numerous health problems such as liver disease, heart disease, certain types of cancer, pancreatitis, and neurological damage. It's also important to note that alcohol affects everyone differently, and factors like age, sex, weight, and overall health play a role in how your body processes alcohol. Always consult with a healthcare professional if you have specific questions regarding alcohol consumption and its effects on your health.","I'm here to provide accurate information to the best of my ability, but I need more specificity in your question for an appropriate response. However, I can give general advice about maintaining a healthy diet and avoiding certain substances which may harm one's health. For drinks, it is recommended to consume water as the primary beverage throughout the day, with moderate amounts of unsweetened teas, coffees, and low-fat milk if desired. Limit sugary drinks like soda, energy drinks, and fruit juices due to high calorie and sugar content. As for substances, avoid tobacco products, recreational drugs, and excessive alcohol consumption, all of which pose significant risks to overall wellbeing.","Many substances that people consume or drink can have various effects on health, both positive and negative. Here are some examples:

1. Water: Essential for life, helps regulate body temperature, and aids in digestion.
2. Alcohol: Can cause liver damage, increase risk of certain cancers, and lead to addiction.
3. Caffeine: Found in coffee, tea, and some soft drinks, can increase alertness and concentration, but can also cause insomnia and anxiety in large amounts.
4. Nicotine: Found in tobacco products, can lead to addiction, lung disease, and cancer.
5. Sugar: Can lead to obesity, diabetes, and heart disease when consumed in excess.
6. Salt: Essential for maintaining fluid balance, but too much can increase risk of high blood pressure and heart disease",10.168643708179255,1.571341240773778,2.78522891594977,40.41602902068782,27.53685809702236,29.32990653208537,18.64951768488746,10.989010989010987,13.194444444444445,37.94212218649518,23.44322344322344,25.0,0.0,0.0,0.0,29.33333333333333,10.666666666666668,10.666666666666668,34.375,16.666666666666664,14.545454545454543,31.654676258992804,13.008130081300814,12.307692307692308,0.868242621421814,0.8284944891929626,0.838138222694397,1.0,0.6680300831794739,0.650108814239502,3,2,4
Mixtral-8x7B-Instruct-v0.1 (4bit),mixtral_8x7b_4bit.yaml,4bit,typos_grammar,20,What is (are) Alcoholism and Alcohol Abuse ?,"What is alchoholism and alchohol abuse, are they the same thing or not ?",What is the difference between alcoholism and alcohol abuse; are they considered the same condition or not?,"For most adults, moderate alcohol use is probably not harmful. However, about 18 million adult Americans have an alcohol use disorder. This means that their drinking causes distress and harm. It includes alcoholism and alcohol abuse. Alcoholism, or alcohol dependence, is a disease that causes - Craving - a strong need to drink - Loss of control - not being able to stop drinking once you've started - Physical dependence - withdrawal symptoms - Tolerance - the need to drink more alcohol to feel the same effect With alcohol abuse, you are not physically dependent, but you still have a serious problem. The drinking may cause problems at home, work, or school. It may cause you to put yourself in dangerous situations, or lead to legal or social problems. Another common problem is binge drinking. It is drinking about five or more drinks in two hours for men. For women, it is about four or more drinks in two hours. Too much alcohol is dangerous. Heavy drinking can increase the risk of certain cancers. It can cause damage to the liver, brain, and other organs. Drinking during pregnancy can harm your baby. Alcohol also increases the risk of death from car crashes, injuries, homicide, and suicide. If you want to stop drinking, there is help. Start by talking to your health care provider. Treatment may include medicines, counseling, and support groups. NIH: National Institute on Alcohol Abuse and Alcoholism","Alcoholism, also known as alcohol use disorder, is a chronic relapsing brain disease characterized by the compulsive consumption of alcohol despite negative consequences. It's classified into mild, moderate, or severe subcategories depending upon the symptoms.

Alcohol abuse, on the other hand, refers to a pattern of drinking that leads to significant problems but does not necessarily include physical dependence or tolerance. If left untreated, alcohol abuse can progress into alcoholism over time. Both conditions require professional help for treatment and recovery.","Alcoholism and alcohol abuse are related but not exactly the same. Alcohol abuse refers to drinking habits that result in repeated negative consequences, such as harm to one's health, relationships, or finances. Alcoholism, also known as alcohol use disorder (AUD), is a chronic disease characterized by uncontrolled drinking and preoccupation with alcohol. It includes alcohol dependence, which is a more severe form of alcohol abuse involving tolerance and withdrawal symptoms. So, while alcohol abuse can be a part of alcoholism, the two terms do not mean the exact same thing.","Alcoholism and alcohol abuse are related but distinct conditions. The current medical diagnosis manual (DSM-5) combines them into one condition called Alcohol Use Disorder (AUD), with mild, moderate, and severe subclassifications based on the symptoms presented.

Alcohol abuse is characterized by the recurrent use of alcohol resulting in failure to fulfill major role obligations, recurrent use in physically hazardous situations, legal problems, or continued use despite social or interpersonal problems.

Alcoholism, or alcohol dependence, is a more severe form of AUD. It involves alcohol abuse plus tolerance (needing to drink more to achieve the same effect), withdrawal symptoms when not drinking, and an inability to cut down or control drinking.

So, while alcoholism and alcohol abuse are not exactly the same, they are both considered part of the broader condition",0.7541860193283988,1.4385543998609989,6.129883157393439,23.70135763871093,25.91636197531445,34.28861540840367,12.709030100334449,14.98371335504886,17.391304347826086,27.4247491638796,31.921824104234524,35.94202898550725,0.0,0.0,0.0,13.636363636363637,14.545454545454543,20.0,45.45454545454545,48.48484848484848,41.50943396226416,20.97902097902098,22.377622377622373,26.993865030674847,0.8408727049827576,0.8526726365089417,0.8457239866256714,1.0,0.7763404846191406,0.8002673387527466,4,5,5
Mixtral-8x7B-Instruct-v0.1 (4bit),mixtral_8x7b_4bit.yaml,4bit,ambiguity,21,What is (are) Allergy ?,"when your body acts up around certain stuff and you get weird reactions, what is that whole thing actually?",What is the medical term for experiencing unusual reactions when the body is exposed to certain substances?,"An allergy is a reaction by your immune system to something that does not bother most other people. People who have allergies often are sensitive to more than one thing. Substances that often cause reactions are - Pollen - Dust mites - Mold spores - Pet dander - Food - Insect stings - Medicines Normally, your immune system fights germs. It is your body's defense system. In most allergic reactions, however, it is responding to a false alarm. Genes and the environment probably both play a role. Allergies can cause a variety of symptoms such as a runny nose, sneezing, itching, rashes, swelling, or asthma. Allergies can range from minor to severe. Anaphylaxis is a severe reaction that can be life-threatening. Doctors use skin and blood tests to diagnose allergies. Treatments include medicines, allergy shots, and avoiding the substances that cause the reactions. NIH: National Institute of Allergy and Infectious Diseases","An allergy is a hypersensitive response of the immune system to normally harmless substances, such as pollen, dust mites, or certain foods. This reaction triggers symptoms that can range from mild irritation (like sneezing or a runny nose) to severe reactions like anaphylaxis, which can be life-threatening. It's important to note that allergies are not simply dislikes; they involve an overactive immune response.","What you're describing sounds like allergies. Allergies occur when your immune system overreacts to substances called allergens, which can be things like pollen, pet dander, or certain foods. Your body identifies these allergens as harmful and produces antibodies to combat them, leading to symptoms such as itching, sneezing, rashes, or digestive issues. It's essential to identify the specific allergen causing the reaction so that appropriate measures can be taken to avoid exposure in the future. Consult with a healthcare professional for proper diagnosis and management of allergies.","The medical term for experiencing unusual reactions when the body is exposed to certain substances is ""hypersensitivity."" It's also commonly referred to as an allergic reaction. This response is often exaggerated and can be harmful or life-threatening, depending on the substance and the individual's sensitivity.",3.5216990026278734,2.8249208790893348,0.2891631271687565,29.29488718742809,33.123178107249274,19.020256985790425,22.448979591836736,22.62443438914028,14.525139664804469,39.795918367346935,31.674208144796378,23.46368715083799,0.0,0.0,0.0,21.12676056338028,16.901408450704224,4.225352112676056,51.72413793103448,29.268292682926827,16.666666666666664,30.0,21.428571428571427,6.741573033707865,0.8798354268074036,0.8640303611755371,0.845907986164093,1.0,0.4340211749076843,0.437505304813385,4,5,4
Mixtral-8x7B-Instruct-v0.1 (4bit),mixtral_8x7b_4bit.yaml,4bit,layperson,22,What is (are) Alpha-1 Antitrypsin Deficiency ?,"what is that inherted thing where your body doesnt make enough of some protien to protect the lungs n maybe liver too, like why do ppl get it and what does it even do ?","What is the inherited condition characterized by inadequate production of certain proteins that protect the lungs and potentially the liver, and what are its causes and functions?","Alpha-1 antitrypsin deficiency (AAT deficiency) is an inherited condition that raises your risk for lung and liver disease. Alpha-1 antitrypsin (AAT) is a protein that protects the lungs. The liver makes it. If the AAT proteins aren't the right shape, they get stuck in the liver cells and can't reach the lungs. Symptoms of AAT deficiency include - Shortness of breath and wheezing - Repeated lung infections - Tiredness - Rapid heartbeat upon standing - Vision problems - Weight loss Some people have no symptoms and do not develop complications. Blood tests and genetic tests can tell if you have it. If your lungs are affected, you may also have lung tests. Treatments include medicines, pulmonary rehab, and extra oxygen, if needed. Severe cases may need a lung transplant. Not smoking can prevent or delay lung symptoms. NIH: National Heart, Lung, and Blood Institute","Alpha-1 Antitrypsin Deficiency (AATD) is a genetic disorder that affects the levels of alpha-1 antitrypsin protein in the body. This protein is primarily produced in the liver and helps protect the lungs by inhibiting neutrophil elastase, an enzyme that can damage lung tissue.

In people with AATD, the liver produces insufficient or defective alpha-1 antitrypsin proteins, which can lead to accumulation in the liver causing liver disease, and insufficient amounts reaching the lungs leading to lung disease such as emphysema or chronic obstructive pulmonary disease (COPD).

There are different variants or genotypes of AATD, each associated with varying degrees of severity. The most common severe form is the PiZZ variant. Diagnosis typically involves blood tests to measure alpha-1 antitrypsin levels and genetic testing to identify specific gene mutations. Treatment options may include augmentation therapy (infusions of purified alpha-1 antitrypsin), bronchodilators, corticosteroids, and lifestyle modifications like smoking cessation and avoiding pollutants.","The condition you're referring to is called Alpha-1 Antitrypsin Deficiency (AATD). This is an inherited disorder caused by insufficient levels or improper function of the alpha-1 antitrypsin protein, which is primarily produced in the liver and helps protect the lungs.

People with AATD have lower than normal levels of this protein due to mutations in the SERPINA1 gene. As a result, they may develop lung disease, such as emphysema or chronic obstructive pulmonary disease (COPD), usually during adulthood. In severe cases, individuals can also experience liver damage, though this is less common.

The primary reason people inherit AATD is because both parents pass down one or more defective copies of the SERPINA1 gene to their child. Depending on the specific genetic makeup, various degrees of severity can be observed among affected individuals.","The inherited condition characterized by inadequate production of certain proteins that protect the lungs and potentially the liver is called Alpha-1 Antitrypsin Deficiency. It is caused by mutations in the SERPINA1 gene, which provides instructions for making the alpha-1 antitrypsin protein. This protein protects the lungs by neutralizing enzymes that can damage lung tissue. In the liver, alpha-1 antitrypsin is produced in the liver and secreted into the bloodstream. In people with Alpha-1 Antitrypsin Deficiency, the mutated protein can't be released from the liver properly and accumulates there, potentially leading to liver disease.",3.0149897438919275,3.0679416454320703,2.546952216087324,42.63708409316396,37.64947727229831,35.111384817300966,20.21660649819495,17.829457364341085,17.272727272727273,30.324909747292423,27.90697674418604,31.818181818181817,0.0,0.0,0.0,19.402985074626866,17.91044776119403,23.88059701492537,21.666666666666668,21.818181818181817,40.0,20.47244094488189,19.67213114754098,29.906542056074763,0.8607139587402344,0.8564084768295288,0.8639191389083862,1.0,0.3786769509315491,0.4312878251075744,4,4,5
Mixtral-8x7B-Instruct-v0.1 (4bit),mixtral_8x7b_4bit.yaml,4bit,incomplete,23,What is (are) Alzheimer's Caregivers ?,"what are the people who take care of someone like this with bad memory stuff called, and what do they even do for them?","What are the professional caregivers called who provide care for individuals with memory impairment, and what are their roles and responsibilities in patient care?","Caring for someone who has Alzheimer's disease (AD) can be stressful and overwhelming. It's important to take care of yourself. Ask for and accept help. Talk to the doctor. Find out what treatments might help control symptoms or address behavior problems. Find a support group. Others who have ""been there"" may be able to help and will understand. If there are times of day that the person is less confused or more cooperative, take advantage of that in daily routines. Consider using adult day care or respite services. These offer a break with the peace of mind that the patient is being taken care of. Begin to plan for the future. This may include - Getting financial and legal documents in order - Looking into assisted living or nursing homes - Finding out what your health insurance and Medicare will cover NIH: National Institute on Aging","Alzheimer's caregivers are individuals who provide care for patients with Alzheimer's disease. This can include assisting with daily activities, managing medications, providing emotional support, and helping to manage behavioral symptoms. Caregivers may be professional healthcare providers, family members, or friends. They play a crucial role in ensuring the safety, comfort, and well-being of Alzheimer's patients.","The professionals who take care of individuals with memory loss disorders such as Alzheimer's or dementia are typically referred to as ""caregivers."" They can be family members, friends, or professional healthcare workers. Caregivers perform various tasks, including administering medication, assisting with personal hygiene, preparing meals, helping with mobility, providing companionship, managing safety, and offering emotional support. In some cases, caregivers may also coordinate with medical teams, manage finances, and help with legal matters.","Professional caregivers who provide care for individuals with memory impairment are often called ""Dementia Care Specialists"" or ""Memory Care Unit Staff."" Their roles and responsibilities typically include:

1. Administering medication and monitoring health conditions.
2. Assisting with activities of daily living, such as bathing, dressing, and grooming.
3. Creating and implementing individualized care plans.
4. Providing emotional support and engaging the patient in activities that stimulate cognitive function.
5. Supervising patient safety and security.
6. Communicating with family members and healthcare professionals about the patient's condition and needs.
7. Educating family members about memory impairment and how to provide care.",0.6419801307001302,1.2534328131261716,0.889100047831825,24.571887952464085,27.54344588371659,30.738047185094235,14.35897435897436,10.42654028436019,10.126582278481012,24.615384615384617,18.95734597156398,20.253164556962027,0.0,0.0,0.0,6.349206349206349,6.349206349206349,9.523809523809524,14.285714285714285,11.428571428571429,14.285714285714285,8.79120879120879,8.16326530612245,11.428571428571429,0.8467862010002136,0.8350444436073303,0.8347048163414001,1.0,0.5579156279563904,0.7108889222145081,4,4,3
Mixtral-8x7B-Instruct-v0.1 (4bit),mixtral_8x7b_4bit.yaml,4bit,overgeneralization,24,What is (are) Alzheimer's Disease ?,"what is that kind of old-age brain/memory problem where poeple get real forgetfull and confused over time, like is it just normal aging or some bigger mental health thing or what dose it even mean?",What is the difference between forgetfulness and confusion caused by normal aging and that due to a significant mental health condition?,"Alzheimer's disease (AD) is the most common form of dementia among older people. Dementia is a brain disorder that seriously affects a person's ability to carry out daily activities. AD begins slowly. It first involves the parts of the brain that control thought, memory and language. People with AD may have trouble remembering things that happened recently or names of people they know. A related problem, mild cognitive impairment (MCI), causes more memory problems than normal for people of the same age. Many, but not all, people with MCI will develop AD. In AD, over time, symptoms get worse. People may not recognize family members. They may have trouble speaking, reading or writing. They may forget how to brush their teeth or comb their hair. Later on, they may become anxious or aggressive, or wander away from home. Eventually, they need total care. This can cause great stress for family members who must care for them. AD usually begins after age 60. The risk goes up as you get older. Your risk is also higher if a family member has had the disease. No treatment can stop the disease. However, some drugs may help keep symptoms from getting worse for a limited time. NIH: National Institute on Aging","Alzheimer's disease is a progressive neurological disorder that causes problems with memory, thinking and behavior. It is the most common cause of dementia among older adults. The exact cause is unknown, but it is believed to be related to a combination of genetic, environmental, and lifestyle factors. Over time, Alzheimer's leads to a decline in brain function and the death of nerve cells, causing changes in mood, personality, and cognitive abilities. Currently, there is no cure for Alzheimer's disease, but treatments can help reduce symptoms and improve quality of life.","The condition you're describing sounds like Alzheimer's disease, which is a specific type of dementia. It typically affects people over 65 years old, leading to memory loss, confusion, and difficulties with thinking and reasoning. While some memory loss is a part of normal aging, significant impairments could indicate a more serious issue like Alzheimer's disease. Early diagnosis by a healthcare professional can help manage symptoms and improve quality of life.","Forgetfulness and confusion in normal aging typically involve minor memory lapses and difficulty learning new skills, but there is no significant impairment in daily functioning. In contrast, a significant mental health condition, such as dementia, is characterized by persistent and worsening memory loss, disorientation, and difficulty with familiar tasks, which interfere with daily life and social interactions.",2.246296919775614,0.3528488020348893,0.1635928435924143,26.33229903044886,19.73158829170218,15.974823078863365,15.438596491228068,12.781954887218044,5.511811023622047,28.07017543859649,21.052631578947366,12.598425196850393,0.0,0.0,0.0,10.227272727272728,5.681818181818182,4.545454545454546,21.428571428571427,17.24137931034483,18.181818181818183,13.846153846153848,8.547008547008547,7.272727272727272,0.8637167811393738,0.8443736433982849,0.8400557041168213,1.0,0.4827484786510467,0.4354935884475708,4,4,5
Mixtral-8x7B-Instruct-v0.1 (4bit),mixtral_8x7b_4bit.yaml,4bit,typos_grammar,25,What is (are) Amblyopia ?,"what is amblyopai exactly , and how dose it affect the eye ?","What is amblyopia exactly, and how does it affect vision in the eye?","Amblyopia, or ""lazy eye,"" is the most common cause of visual impairment in children. It happens when an eye fails to work properly with the brain. The eye may look normal, but the brain favors the other eye. In some cases, it can affect both eyes. Causes include - Strabismus - a disorder in which the two eyes don't line up in the same direction - Refractive error in an eye - when one eye cannot focus as well as the other, because of a problem with its shape. This includes nearsightedness, farsightedness, and astigmatism. - Cataract - a clouding in the lens of the eye It can be hard to diagnose amblyopia. It is often found during a routine vision exam. Treatment for amblyopia forces the child to use the eye with weaker vision. There are two common ways to do this. One is to have the child wear a patch over the good eye for several hours each day, over a number of weeks to months. The other is with eye drops that temporarily blur vision. Each day, the child gets a drop of a drug called atropine in the stronger eye. It is also sometimes necessary to treat the underlying cause. This could include glasses or surgery. NIH: National Eye Institute","Amblyopia, also known as ""lazy eye,"" is a vision development disorder that occurs during infancy and early childhood. It results in reduced vision in one or both eyes, even when wearing corrective lenses, due to the brain favoring one eye over the other. If left untreated, it can lead to permanent visual impairment. Treatment typically involves prescription eyeglasses, contact lenses, patching, drops, or surgery, depending on the cause and severity of the condition.","Amblyopia, also known as ""lazy eye,"" is a neurodevelopmental vision disorder that begins in childhood. It occurs when one eye fails to develop normal visual acuity, usually because of strabismus (crossed eyes), a significant difference in prescription between the two eyes, or deprivation of clear vision in one eye during early childhood. As a result, the brain starts to favor the other eye and reduces input from the weaker eye, leading to poor visual development in that eye. If left untreated, amblyopia can lead to permanent visual impairment in the affected eye. Early detection and appropriate treatment, such as patching or using atropine drops, can help improve vision in the lazy eye.","Amblyopia, also known as ""lazy eye,"" is a neurodevelopmental vision disorder that typically begins in infancy or early childhood. It occurs when the brain and one eye do not work together properly, leading to poor vision in the affected eye. The brain begins to favor the other eye, causing the weaker eye to become ""lazy"" and suppressing its visual input. If not treated promptly, amblyopia can result in permanent visual impairment in the affected eye. Treatment usually involves correcting any underlying eye conditions, such as strabismus or refractive errors, and encouraging the use of the weaker eye, often through patching or atropine eye drops.",2.32846228321546,5.067623929791552,4.075068793972265,24.400365012218003,32.526928978520026,31.89601357638133,15.261044176706829,21.12676056338028,18.84057971014493,29.71887550200803,40.14084507042253,38.40579710144927,0.0,0.0,0.0,13.924050632911392,29.11392405063291,27.848101265822784,30.55555555555556,45.09803921568628,47.82608695652174,19.13043478260869,35.384615384615394,35.2,0.8646092414855957,0.8736467957496643,0.8825305700302124,1.0,0.5316331386566162,0.8033172488212585,4,5,5
Mixtral-8x7B-Instruct-v0.1 (4bit),mixtral_8x7b_4bit.yaml,4bit,ambiguity,26,What is (are) Amyloidosis ?,What is that condition where some kind of stuff builds up in the body/organs and starts causing problems?,"What is the medical condition characterized by the abnormal accumulation of substances in the body's organs or tissues, leading to complications?","Amyloidosis occurs when abnormal proteins called amyloids build up and form deposits. The deposits can collect in organs such as the kidney and heart. This can cause the organs to become stiff and unable to work the way they should. There are three main types of amyloidosis: - Primary - with no known cause - Secondary - caused by another disease, including some types of cancer - Familial - passed down through genes Symptoms can vary, depending upon which organs are affected. Treatment depends on the type of amyloidosis you have. The goal is to help with symptoms and limit the production of proteins. If another disease is the cause, it needs to be treated.","Amyloidosis is a group of rare conditions caused by the buildup of an abnormal protein called amyloid in your organs and tissues. This can lead to organ damage, failure, and potentially death if left untreated. There are different types of amyloidosis, including AL (primary) amyloidosis, AA (secondary) amyloidosis, and hereditary or familial amyloidosis. Treatment depends on the type and severity of amyloidosis but may include medications, stem cell transplantation, or organ transplantation.","The condition you're referring to could be one of several medical disorders where waste products or abnormal substances accumulate in the body, potentially leading to health issues. Here are three common examples:

1. Kidney failure: When kidneys lose their function, they can no longer filter wastes and excess fluids from the blood, which may result in the buildup of urea, creatinine, and other waste materials in the body. Symptoms include swelling, shortness of breath, fatigue, and changes in urination patterns.

2. Gout: A type of arthritis caused by an overload of uric acid crystals in the joints. Uric acid is a normal waste product formed when the body breaks down purines found in certain foods and drinks. In gout, these crystals deposit in the joints, causing inflammation, pain, and stiffness.

3. Hemochromatosis: An inherited disorder characterized by excessive absorption of iron from food, resulting in iron overload. Over time, this extra iron gets stored in organs like the liver, heart, and pancreas, damaging tissues and impairing organ functions. Common symptoms include fatigue, weakness, joint pain, and bronze-colored skin.","The medical condition characterized by the abnormal accumulation of substances in the body's organs or tissues, leading to complications, is called ""storage disease"" or ""metabolic storage disorder"". These are genetic disorders where the body cannot break down certain substances properly, leading to a harmful build-up.",7.681039873007247,1.036129508320471,0.3800928794166301,39.45360531744191,35.50767482198585,20.105535112753653,28.40236686390532,9.701492537313433,9.790209790209792,39.05325443786983,23.88059701492537,19.580419580419584,0.0,0.0,0.0,20.0,11.11111111111111,6.666666666666667,28.125,5.813953488372093,15.0,23.37662337662337,7.633587786259542,9.230769230769232,0.8946926593780518,0.8421633839607239,0.8515483736991882,1.0,0.4672171473503113,0.4288532137870788,5,1,2
Mixtral-8x7B-Instruct-v0.1 (4bit),mixtral_8x7b_4bit.yaml,4bit,layperson,27,What is (are) Amyotrophic Lateral Sclerosis ?,"what is that nerve/muscle wasting thing called, where a person gets weaker n weaker, cant move right or talk good after awhile, is it like a body shutting down disease or somthing?",Is the condition characterized by progressive muscle weakness and difficulty with movement and speech referred to as a type of bodily shutdown disease or something similar?,"Amyotrophic lateral sclerosis (ALS) is a nervous system disease that attacks nerve cells called neurons in your brain and spinal cord. These neurons transmit messages from your brain and spinal cord to your voluntary muscles - the ones you can control, like in your arms and legs. At first, this causes mild muscle problems. Some people notice - Trouble walking or running - Trouble writing - Speech problems Eventually, you lose your strength and cannot move. When muscles in your chest fail, you cannot breathe. A breathing machine can help, but most people with ALS die from respiratory failure. The disease usually strikes between age 40 and 60. More men than women get it. No one knows what causes ALS. It can run in families, but usually it strikes at random. There is no cure. Medicines can relieve symptoms and, sometimes, prolong survival. NIH: National Institute of Neurological Disorders and Stroke","Amyotrophic Lateral Sclerosis (ALS), also known as Lou Gehrig's disease, is a progressive neurodegenerative disorder that affects nerve cells in the brain and spinal cord responsible for controlling voluntary muscle movements such as walking, talking, swallowing, and breathing. As these motor neurons degenerate and die, the muscles they control weaken and waste away, leading to paralysis and eventually death, typically within 3-5 years of diagnosis. The exact cause of ALS remains unknown, but it can be hereditary or spontaneous. There is no cure for ALS, but treatments can help manage symptoms, slow down its progression, and improve patients' quality of life.","The condition you're describing sounds like Amyotrophic Lateral Sclerosis (ALS), also known as Lou Gehrig's disease. It's a progressive neurodegenerative disease that affects nerve cells in the brain and spinal cord, leading to muscle weakness, stiffness, and atrophy. Eventually, it can impact speech, swallowing, and breathing abilities. However, it's important to consult with a healthcare professional for an accurate diagnosis, as several other conditions may present similarly.","Yes, the condition you're referring to is Amyotrophic Lateral Sclerosis (ALS), often described as a motor neuron disease. It involves the gradual degeneration of nerve cells that control muscle movement, leading to progressive weakness and stiffness in limbs, difficulty speaking, swallowing, and eventually breathing. However, it's not considered a ""bodily shutdown disease."" Instead, it's a specific neurological disorder.",6.067040390212216,2.2377303449367107,1.017923621727347,35.06221887900517,26.25974344032282,23.53004385376694,25.6198347107438,18.181818181818183,15.07537688442211,37.190082644628106,26.794258373205743,24.12060301507537,0.0,0.0,0.0,19.69696969696969,13.636363636363637,12.12121212121212,27.659574468085108,28.125,25.806451612903224,23.00884955752212,18.36734693877551,16.49484536082474,0.8744308352470398,0.8555116057395935,0.8523603081703186,1.0,0.4054456949234009,0.4579716324806213,4,5,5
Mixtral-8x7B-Instruct-v0.1 (4bit),mixtral_8x7b_4bit.yaml,4bit,incomplete,28,Do you have information about Anabolic Steroids,do you hav any info on those muscle-building stuff?,Do you have any information on muscle-building supplements?,"Summary : Anabolic steroids are man-made substances related to male sex hormones. Doctors use anabolic steroids to treat some hormone problems in men, delayed puberty, and muscle loss from some diseases. Bodybuilders and athletes often use anabolic steroids to build muscles and improve athletic performance. Using them this way is not legal or safe. Abuse of anabolic steroids has been linked with many health problems. They include - Acne - Breast growth and shrinking of testicles in men - Voice deepening and growth of facial hair in women - High blood pressure - Heart problems, including heart attack - Liver disease, including cancer - Kidney damage - Aggressive behavior NIH: National Institute on Drug Abuse","Yes, anabolic steroids are synthetic substances similar to the male hormone testosterone. They can promote muscle growth, often used by bodybuilders and athletes for performance enhancement or to improve physical appearance. However, they also have many potential side effects such as liver damage, heart problems, aggressive behavior, acne, and stunted growth in adolescents. Long-term use can lead to serious health issues like infertility and kidney failure. It's important to note that possession and distribution of anabolic steroids without a prescription is illegal in the United States.","Yes, I can provide some information about muscle-building supplements. It's important to note that building muscle naturally through diet and exercise is the safest and most effective approach. However, there are legal supplements available that may support muscle growth, such as protein powder, creatine, and beta-alanine. These should be used with caution, as they can have side effects and interact with medications. Always consult with a healthcare provider before starting any new supplement regimen. Remember, there is no shortcut to hard work, proper nutrition, and consistent exercise when it comes to building muscle.","Yes, muscle-building supplements often contain proteins, branched-chain amino acids, creatine, and/or beta-hydroxy-beta-methylbutyrate (HMB). Protein is essential for muscle growth and repair, while branched-chain amino acids, creatine, and HMB may help increase muscle mass and strength. However, a balanced diet and regular exercise are more important for muscle building than supplements. Always consult a healthcare provider before starting any new supplement regimen.",2.86567835597758,1.055828719075897,1.048443543509991,40.213822904254485,28.89544653618169,24.23837004667353,21.875,9.950248756218906,8.092485549132947,41.66666666666667,15.92039800995025,12.716763005780344,0.0,0.0,0.0,26.41509433962264,5.660377358490567,3.7735849056603774,35.8974358974359,7.6923076923076925,6.896551724137931,30.434782608695656,6.521739130434784,4.878048780487805,0.8820074200630188,0.8280276656150818,0.8192078471183777,1.0,0.4884521961212158,0.5216231346130371,4,2,3
Mixtral-8x7B-Instruct-v0.1 (4bit),mixtral_8x7b_4bit.yaml,4bit,overgeneralization,29,What is (are) Anal Cancer ?,"what is it called when theres a really bad growth or sick problem down there in the bottom area, like cancer or somthing, and what does that even mean for a person?","What is the medical term for a severe growth or illness, such as cancer, in the lower body region, and what are the potential implications for an affected individual?","The anus is where stool leaves your body when you go to the bathroom. It is made up of your outer layers of skin and the end of your large intestine. Anal cancer is a disease in which cancer cells form in the tissues of the anus. Anal cancer is rare. It is more common in smokers and people over 50. You are also at higher risk if you have HPV, have anal sex, or have many sexual partners. Symptoms include bleeding, pain, or lumps in the anal area. Anal itching and discharge can also be signs of anal cancer. Doctors use tests that examine the anus to diagnose anal cancer. They include a physical exam, endoscopy, ultrasound, and biopsy. Treatments include radiation therapy, chemotherapy, and surgery. NIH: National Cancer Institute","Anal cancer is a type of cancer that starts in the anus, which is the opening at the end of the rectum through which solid waste exits the body. It's relatively rare compared to other types of cancer, but incidence has been increasing in recent years. Risk factors include HPV infection, smoking, anal sex, and weakened immune system. Symptoms may include bleeding, pain, itching, or changes in bowel habits. Treatment typically involves surgery, radiation therapy, and chemotherapy.","The ""bottom area"" you're referring to could be the rectum or colon. A serious growth or sick problem in this region is often referred to as colorectal cancer. This type of cancer can affect either the colon or rectum and is usually characterized by abnormal cell growth leading to the formation of tumors. If left untreated, these tumors can grow and spread (metastasize) to other parts of the body, which can become life-threatening. Symptoms may include changes in bowel habits, blood in stool, unexplained weight loss, fatigue, and abdominal pain. Early detection through screening tests such as colonoscopy increases the likelihood of successful treatment and improved prognosis.","The medical term for a severe growth or illness in the lower body region could be a variety of things, but one common example is pelvic cancer. This includes cancers of the reproductive organs, colon, rectum, and bladder. Potential implications for an affected individual can include:

1. Pain and discomfort in the pelvic area
2. Difficulty with bowel and bladder function
3. Fatigue and weight loss
4. Anemia
5. Sexual dysfunction
6. Potential spread to other parts of the body (metastasis)
7. The need for extensive treatment, such as surgery, radiation therapy, and chemotherapy
8. Possible impact on fertility and overall quality of life. 

It's important to note that early detection and treatment can greatly improve",7.370659530240744,1.5137074390562064,2.52411398993205,35.24194478276736,32.266768974053505,35.007863335217,22.68041237113402,12.5,13.91304347826087,39.175257731958766,27.678571428571423,26.086956521739136,0.0,0.0,0.0,25.0,8.928571428571429,8.928571428571429,38.88888888888889,10.638297872340424,9.615384615384617,30.434782608695656,9.70873786407767,9.25925925925926,0.887907862663269,0.8554247617721558,0.8392379283905029,1.0,0.459678053855896,0.4046667218208313,4,2,3
Mixtral-8x7B-Instruct-v0.1 (4bit),mixtral_8x7b_4bit.yaml,4bit,typos_grammar,30,What is (are) Anal Disorders ?,"what are anal disordrs exacly, and how do they happn ?","What are anal disorders exactly, and how do they typically develop?","The anus is the opening of the rectum through which stool passes out of your body. Problems with the anus are common. They include hemorrhoids, abscesses, fissures (cracks), and cancer. You may be embarrassed to talk about your anal troubles. But it is important to let your doctor know, especially if you have pain or bleeding. The more details you can give about your problem, the better your doctor will be able to help you. Treatments vary depending on the particular problem. NIH: National Institute of Diabetes and Digestive and Kidney Diseases","An anal disorder refers to various conditions that affect the anus, including:

1. Hemorrhoids: Swollen veins in the rectum or anus that can cause pain, itching, and bleeding.
2. Fissures: Small tears in the lining of the anus that can be painful and bleed during bowel movements.
3. Abscesses: Infections that result in pus-filled pockets near the anus.
4. Fistulas: Chronic abnormal connections between the anus and skin around the buttocks.
5. Condyloma acuminata: Genital warts caused by human papillomavirus (HPV), which can appear around the anus.
6. Pruritus ani: Severe itching around the anus without visible causes like rash or infection.
7. Cancer: Both squamous cell carcinomas and adenocarcinomas can develop in the area surrounding the anus.

Treatment for these disorders varies depending on the specific condition but may include medication, surgery, lifestyle changes, or a combination of approaches.","Anal disorders refer to various conditions that affect the anus, including:

1. Hemorrhoids: Swollen veins in the rectum or anus that can cause pain, itching, and bleeding. They can be caused by straining during bowel movements, obesity, pregnancy, standing or sitting for long periods, chronic constipation or diarrhea, eating a low-fiber diet, or aging.
2. Fissures: Small tears in the lining of the anus that can cause pain, bleeding, and itching. They often result from passing hard stools, but can also occur due to childbirth, inflammatory bowel disease (IBD), or STIs.
3. Abscesses: Pockets of pus that form around the anus due to bacterial infection. Common causes include blocked glands, sexually transmitted infections (STIs), or trauma to the area.
4. Fistulas: Abnormal tunnels that develop between the anus and skin near the buttocks. They usually arise as complications of abscesses or IBD.
5. Warts: Genital warts caused by human papillomavirus (HPV) may appear around the anus, leading to symptoms such as itching, bleeding, and discomfort.
6. Condyloma accuminata: A type of genital wart found","Anal disorders refer to various conditions affecting the anus, including hemorrhoids, anal fissures, abscesses, and fistulas. They typically develop due to straining during bowel movements, constipation, diarrhea, aging, or anal intercourse. In some cases, they can be caused by underlying conditions like inflammatory bowel disease or colon cancer. Symptoms may include pain, itching, bleeding, or discharge. Treatment depends on the specific disorder and may involve medication, surgery, or lifestyle changes.",2.0860031016665386,1.11498515886566,3.1156451345748954,35.08162961131153,33.377953088276826,33.012742290481896,10.37735849056604,9.638554216867467,13.071895424836605,23.58490566037736,20.883534136546185,24.836601307189547,0.0,0.0,0.0,22.22222222222222,19.444444444444446,16.666666666666664,11.940298507462686,8.333333333333332,15.384615384615383,15.53398058252427,11.666666666666666,16.0,0.8447644710540771,0.8357340097427368,0.8758358955383301,0.9999998807907104,0.6989064812660217,0.8802592754364014,4,3,5
Mixtral-8x7B-Instruct-v0.1 (4bit),mixtral_8x7b_4bit.yaml,4bit,ambiguity,31,What is (are) Anaphylaxis ?,"when somebody suddenly has a really bad allergic thing, like throat geting tight, cant breath good, maybe rash n swelling all at once, what is that even called or is it just a severe reaction?","What is the medical term for a sudden, severe allergic reaction characterized by symptoms such as throat tightness, difficulty breathing, rash, and swelling?","Anaphylaxis is a serious allergic reaction. It can begin very quickly, and symptoms may be life-threatening. The most common causes are reactions to foods (especially peanuts), medications, and stinging insects. Other causes include exercise and exposure to latex. Sometimes no cause can be found. It can affect many organs: - Skin - itching, hives, redness, swelling - Nose - sneezing, stuffy nose, runny nose - Mouth - itching, swelling of the lips or tongue - Throat - itching, tightness, trouble swallowing, swelling of the back of the throat - Chest - shortness of breath, coughing, wheezing, chest pain or tightness - Heart - weak pulse, passing out, shock - Gastrointestinal tract - vomiting, diarrhea, cramps - Nervous system - dizziness or fainting If someone is having a serious allergic reaction, call 9-1-1. If an auto-injector is available, give the person the injection right away. NIH: National Institute of Allergy and Infectious Diseases","Anaphylaxis is a severe, life-threatening allergic reaction that can be rapid in onset and may cause death if not treated immediately. It often involves multiple organ systems such as skin, respiratory tract, gastrointestinal tract, and cardiovascular system, leading to symptoms like hives, swelling, difficulty breathing, vomiting, and drop in blood pressure. Common triggers include foods, medications, insect stings, and latex. Immediate treatment with epinephrine is crucial for managing anaphylaxis.","That condition is called anaphylaxis. It's a sudden and potentially life-threatening reaction to an allergen, characterized by symptoms such as difficulty breathing, throat tightness, rash, and swelling. Anaphylaxis requires immediate medical attention.","The medical term for a sudden, severe allergic reaction is anaphylaxis. It's a life-threatening emergency that requires immediate medical attention. Symptoms can include throat tightness, difficulty breathing, rash, and swelling, as you mentioned, but can also include rapid heartbeat, a severe drop in blood pressure, feeling lightheaded or faint, and stomach pain, among others.",1.7335752089273369,0.0874332773866955,0.4937668475847703,28.88112148569092,16.075305747869553,21.635735698028967,13.999999999999998,11.042944785276074,12.021857923497269,31.0,15.950920245398772,19.672131147540984,0.0,0.0,0.0,14.666666666666666,8.0,9.333333333333334,30.55555555555556,37.5,28.000000000000004,19.819819819819823,13.186813186813188,14.000000000000002,0.8641763925552368,0.8529800176620483,0.8572068214416504,0.9999998807907104,0.4931648671627044,0.5269827842712402,5,5,5
Mixtral-8x7B-Instruct-v0.1 (4bit),mixtral_8x7b_4bit.yaml,4bit,layperson,32,Do you have information about Anatomy,"do u got any info on how the body is put togther, like where all the inside parts are and what they kinda do maybe?",What is the structure and function of the major internal human body parts?,"Summary : Anatomy is the science that studies the structure of the body. On this page, you'll find links to descriptions and pictures of the human body's parts and organ systems from head to toe.","Yes, I can provide some basic information about anatomy. Anatomy is the study of the structure of organisms and their parts. In human anatomy, we typically study the structures of the human body, including organs, bones, muscles, nerves, blood vessels, and other tissues. Human anatomy is often divided into regional anatomy (studying specific regions or systems of the body) and systemic anatomy (studying individual organ systems). There are many resources available for further study, such as textbooks, online courses, and educational websites.","The human body is composed of several systems that work together to maintain life. Here's an overview of some major organ systems and their functions:

1. Skeletal System: This system provides structure and support for the body. It includes bones, joints, and muscles which facilitate movement.

2. Muscular System: Consisting of over 650 muscles, this system enables movement, blood circulation, and maintains posture.

3. Circulatory System: Composed of the heart, blood vessels (arteries, veins, capillaries), and blood, it transports nutrients, oxygen, hormones, and waste products throughout the body.

4. Nervous System: Including the brain, spinal cord, nerves, and sensory organs, it controls both voluntary action (like walking) and involuntary actions (such as breathing).

5. Digestive System: Responsible for breaking down food into nutrients, absorbing them, and removing waste. Organs include the mouth, esophagus, stomach, small intestine, large intestine, liver, pancreas, and gallbladder.

6. Respiratory System: Involved in gas exchange - taking in oxygen and releasing carbon dioxide. Key components are the nose, throat, windpipe, lungs, and diaphr","Here are the structures and functions of some major internal human body parts:

1. Heart: The heart is a muscular organ that pumps blood throughout the body. It has four chambers: the left and right atria (upper chambers) and the left and right ventricles (lower chambers). The heart's pumping action is regulated by electrical signals that travel through the heart muscle.

2. Lungs: The lungs are a pair of spongy organs located in the chest that facilitate gas exchange between the body and the environment. The lungs take in oxygen and expel carbon dioxide through the process of respiration.

3. Liver: The liver is a large, solid organ located in the upper right abdomen. It plays a crucial role in metabolism, detoxification, and synthesis of various sub",4.279246868009739,1.1390432876586594,1.40602534465187,38.55336586050549,23.165054929017508,26.318041267720197,20.18348623853211,9.424083769633508,11.347517730496454,23.85321100917432,15.706806282722516,17.02127659574468,0.0,0.0,0.0,46.15384615384615,38.46153846153847,30.76923076923077,20.0,5.88235294117647,7.142857142857142,27.906976744186046,10.20408163265306,11.594202898550726,0.8735329508781433,0.8201953172683716,0.8329728245735168,0.9999999403953552,0.5539615154266357,0.4940268397331238,4,4,5
Mixtral-8x7B-Instruct-v0.1 (4bit),mixtral_8x7b_4bit.yaml,4bit,incomplete,33,What is (are) Anemia ?,what does it mean when your blood is low or you dont have enough of it?,"What does it mean when your hemoglobin level is low, indicating a lack of sufficient blood?","If you have anemia, your blood does not carry enough oxygen to the rest of your body. The most common cause of anemia is not having enough iron. Your body needs iron to make hemoglobin. Hemoglobin is an iron-rich protein that gives the red color to blood. It carries oxygen from the lungs to the rest of the body. Anemia has three main causes: blood loss, lack of red blood cell production, and high rates of red blood cell destruction. Conditions that may lead to anemia include - Heavy periods - Pregnancy - Ulcers - Colon polyps or colon cancer - Inherited disorders - A diet that does not have enough iron, folic acid or vitamin B12 - Blood disorders such as sickle cell anemia and thalassemia, or cancer - Aplastic anemia, a condition that can be inherited or acquired - G6PD deficiency, a metabolic disorder Anemia can make you feel tired, cold, dizzy, and irritable. You may be short of breath or have a headache. Your doctor will diagnose anemia with a physical exam and blood tests. Treatment depends on the kind of anemia you have. NIH: National Heart, Lung, and Blood Institute","Anemia is a condition characterized by a lower than normal number of red blood cells or low levels of hemoglobin in the blood. Hemoglobin is an essential protein in red blood cells that carries oxygen from the lungs to the rest of the body. There are many types of anemia, each with different causes. These include iron deficiency anemia, vitamin B12 deficiency anemia, folate deficiency anemia, and anemia caused by chronic diseases such as kidney disease or rheumatoid arthritis. Symptoms may include fatigue, weakness, pale skin, shortness of breath, and irregular heartbeats. Treatment depends on the underlying cause.","A low blood count can indicate various conditions, such as anemia, which means there aren't enough red blood cells to carry adequate oxygen throughout the body. Symptoms may include fatigue, weakness, shortness of breath, and rapid heartbeat. It's essential to consult with a healthcare professional for proper diagnosis and treatment if experiencing these symptoms.","A low hemoglobin level, known as anemia, indicates that you have fewer red blood cells or less hemoglobin than normal in your blood. Hemoglobin is crucial as it carries oxygen from the lungs to the rest of the body. Anemia can cause fatigue, weakness, and a pale complexion due to insufficient oxygen supply to your bodily tissues. It can be caused by various factors, such as nutritional deficiencies, chronic diseases, or blood loss. It is essential to consult a healthcare professional for proper diagnosis and treatment.",8.955948046881224,0.4455877781010002,6.25489521868005,34.80620916564812,18.31164433297517,28.567859280568648,25.8555133079848,12.389380530973453,18.18181818181818,37.26235741444867,21.238938053097343,31.6205533596838,0.0,0.0,0.0,27.058823529411764,7.0588235294117645,14.117647058823527,54.761904761904766,23.07692307692308,33.33333333333333,36.22047244094488,10.81081081081081,19.83471074380165,0.8755651116371155,0.8564228415489197,0.8743852376937866,0.9999999403953552,0.4307384788990021,0.4898220300674438,4,4,5
Mixtral-8x7B-Instruct-v0.1 (4bit),mixtral_8x7b_4bit.yaml,4bit,overgeneralization,34,What is (are) Anesthesia ?,"what is that stuff doctors use to make you not feel anything or kinda go out durring medical things, like how does it even work and what is it exactly?","What is the medication or anesthesia that doctors use to prevent patients from feeling pain during medical procedures, and how does it work?","If you are having surgery, your doctor will give you medicine called an anesthetic. Anesthetics reduce or prevent pain. There are three main types: - Local - numbs one small area of the body. You stay awake and alert. - Regional - blocks pain in an area of the body, such an arm or leg. A common type is epidural anesthesia, which is often used during childbirth. - General - makes you unconscious. You do not feel any pain, and you do not remember the procedure afterwards. You may also get a mild sedative to relax you. You stay awake but may not remember the procedure afterwards. Sedation can be used with or without anesthesia. The type of anesthesia or sedation you get depends on many factors. They include the procedure you are having and your current health.","Anesthesia is a medication that's used to numb pain or make patients insensitive to pain during surgery or other procedures. It can be categorized into three types: local (numbs a small area), regional (numbs a larger part of the body), and general (makes the whole body insensitive to pain). The choice of anesthetic depends on the procedure being performed, the patient's overall health, and their preference.","The ""stuff"" doctors use to prevent patients from feeling pain during medical procedures is called anesthesia. Anesthesia can be administered in various forms, including local (numbing only a specific area), regional (numbing a larger but still limited area), or general (causing unconsciousness).

Anesthetics work by blocking the neural pathways that transmit pain signals to the brain. They achieve this effect through different mechanisms depending on their type. Local and regional anesthetics typically inhibit sodium channels in nerve cell membranes, preventing the generation and transmission of action potentials responsible for pain signaling. General anesthetics act on multiple sites within the nervous system, affecting neurotransmitter receptors, ion channels, and other targets to suppress consciousness, memory formation, and sensory perception.

It's important to note that while under the influence of anesthesia, patients do not experience pain; however, they may still have physiological responses to surgical stress. Therefore, additional medications are often given to support vital functions during anesthetic care.","The medication used to prevent patients from feeling pain during medical procedures is called anesthesia. Anesthesia can be local, regional, or general, depending on the type and extent of the surgical procedure. 

Local anesthesia numbs a small specific area of the body, while regional anesthesia blocks pain in a larger region of the body. Both local and regional anesthesia work by blocking the nerves that carry pain signals to the brain.

General anesthesia, on the other hand, causes a reversible loss of consciousness, and the patient does not feel or remember anything during the procedure. General anesthesia is usually administered through inhalation or injection and works by depressing the central nervous system, preventing the brain from processing pain signals from the body.",1.837658818459448,1.470418506725924,7.148839394481949,28.595980921003594,38.119033103008725,39.88719877327592,20.994475138121548,11.11111111111111,20.264317180616743,36.46408839779005,26.666666666666668,36.12334801762115,0.0,0.0,0.0,28.57142857142857,24.489795918367346,40.81632653061224,51.85185185185185,17.647058823529413,31.25,36.84210526315789,20.512820512820515,35.39823008849557,0.8806591629981995,0.8538718223571777,0.8751603960990906,1.0,0.3666716814041137,0.6067198514938354,4,4,5
Mixtral-8x7B-Instruct-v0.1 (4bit),mixtral_8x7b_4bit.yaml,4bit,typos_grammar,35,What is (are) Aneurysms ?,"What are aneurisims exactly , and what does that even mean in the body ?",What are exactly aneurysms and where in the body do they typically occur?,"An aneurysm is a bulge or ""ballooning"" in the wall of an artery. Arteries are blood vessels that carry oxygen-rich blood from the heart to other parts of the body. If an aneurysm grows large, it can burst and cause dangerous bleeding or even death. Most aneurysms occur in the aorta, the main artery that runs from the heart through the chest and abdomen. Aneurysms also can happen in arteries in the brain, heart and other parts of the body. If an aneurysm in the brain bursts, it causes a stroke. Aneurysms can develop and become large before causing any symptoms. Often doctors can stop aneurysms from bursting if they find and treat them early. They use imaging tests to find aneurysms. Often aneurysms are found by chance during tests done for other reasons. Medicines and surgery are the two main treatments for aneurysms. NIH: National Heart, Lung, and Blood Institute","An aneurysm is a localized, blood-filled dilation or ballooning of a blood vessel caused by weakness in the wall of the vessel. If left untreated, it can rupture and cause life-threatening bleeding. Aneurysms commonly occur in arteries at the base of the brain (cerebral aneurysms) and in the abdominal aorta (abdominal aortic aneurysms).","An aneurysm is a localized, abnormal widening or ballooning of a blood vessel due to weakness in the wall. If left untreated, it can rupture and cause severe internal bleeding or even death. Aneurysms typically occur in arteries at the base of the brain (cerebral aneurysm) or in the abdominal aorta (abdominal aortic aneurysm). They may not present any symptoms until they become large or rupture, so regular screenings are important for individuals at high risk.","An aneurysm is a localized, blood-filled dilation or ballooning of a blood vessel, most commonly arteries, due to weakness in the vessel wall. They can occur in various parts of the body, but the most common locations are:

1. Intracranial (brain) aneurysms: These occur in the cerebral arteries within the brain.
2. Aortic aneurysms: These occur in the aorta, the largest artery in the body, which runs through the chest (thoracic aortic aneurysm) and abdomen (abdominal aortic aneurysm).

If an aneurysm ruptures, it can lead to severe internal bleeding and potentially life-threatening complications.",2.5877857280993823,5.491047568075102,10.089729127606454,24.047990861375013,29.666329842691404,35.74964985857868,24.17582417582418,27.450980392156865,24.88479262672811,30.769230769230766,35.29411764705882,40.55299539170507,0.0,0.0,0.0,15.714285714285714,20.0,28.57142857142857,45.83333333333333,43.75,50.0,23.40425531914893,27.450980392156865,36.36363636363637,0.8908395171165466,0.8881407976150513,0.8782607913017273,0.9999998211860656,0.7902332544326782,0.8088662028312683,4,4,5
Mixtral-8x7B-Instruct-v0.1 (4bit),mixtral_8x7b_4bit.yaml,4bit,ambiguity,36,What is (are) Angina ?,"what is that chest/heart thing people mean when they say angina, like is it just pain or some kind of attack or blood flow problem or what?","What is angina, specifically: is it merely chest/heart pain, a type of attack, or a blood flow issue, or something else?","Angina is chest pain or discomfort you feel when there is not enough blood flow to your heart muscle. Your heart muscle needs the oxygen that the blood carries. Angina may feel like pressure or a squeezing pain in your chest. It may feel like indigestion. You may also feel pain in your shoulders, arms, neck, jaw, or back. Angina is a symptom of coronary artery disease (CAD), the most common heart disease. CAD happens when a sticky substance called plaque builds up in the arteries that supply blood to the heart, reducing blood flow. There are three types of angina: - Stable angina is the most common type. It happens when the heart is working harder than usual. Stable angina has a regular pattern. Rest and medicines usually help. - Unstable angina is the most dangerous. It does not follow a pattern and can happen without physical exertion. It does not go away with rest or medicine. It is a sign that you could have a heart attack soon. - Variant angina is rare. It happens when you are resting. Medicines can help. Not all chest pain or discomfort is angina. If you have chest pain, you should see your health care provider. NIH: National Heart, Lung, and Blood Institute","Angina is chest pain or discomfort caused by an inadequate supply of oxygen-rich blood to your heart muscle. This condition usually occurs due to narrowing or blockage of the coronary arteries as a result of Coronary Artery Disease (CAD). There are three types of angina: stable, unstable, and variant (Prinzmetal's) angina. Each type has different symptoms, causes, and treatment approaches.","Angina is chest discomfort or pain caused by an inadequate supply of oxygen-rich blood to your heart muscle. It's often described as squeezing, pressure, heaviness, or tightness in the chest. This can be due to coronary artery disease (CAD), where the arteries supplying blood to the heart become narrowed or blocked due to plaque buildup. There are two types of angina: stable and unstable. Stable angina occurs during physical exertion or emotional stress and has a predictable pattern. Unstable angina is more dangerous because it can occur at rest, without any obvious trigger, and may indicate an imminent heart attack. If you experience symptoms consistent with angina, consult a healthcare professional for proper diagnosis and treatment.","Angina is chest pain or discomfort caused by an inadequate supply of oxygen-rich blood to your heart muscle. It's often described as a squeezing, pressure, heaviness, or burning sensation in the chest. Angina is a symptom of an underlying heart problem, typically coronary artery disease (CAD), and is not a specific condition itself. It can also occur in other heart conditions.

There are several types of angina, including:

1. Stable angina: This is the most common type. It occurs when the heart works harder than usual, such as during exercise, and the demand for oxygen exceeds the supply.

2. Unstable angina: This type is more severe and unpredictable. It can occur at rest and is a sign of an impending heart attack.

3. Prinz",2.5344344278231445,8.19988729104556,13.541031245295557,21.91953865328892,38.0486411335018,37.33692722960762,23.01587301587302,28.289473684210524,34.52768729641693,28.57142857142857,40.78947368421053,42.34527687296417,0.0,0.0,0.0,13.636363636363637,26.13636363636364,27.27272727272727,46.15384615384615,44.230769230769226,54.54545454545454,21.052631578947363,32.857142857142854,36.36363636363636,0.8659700751304626,0.8923394083976746,0.8910089731216431,1.0,0.7251951098442078,0.8055917620658875,5,4,5
Mixtral-8x7B-Instruct-v0.1 (4bit),mixtral_8x7b_4bit.yaml,4bit,layperson,37,Do you have information about Angioplasty,"do u have any info on that thing where they go in n kinda open up a blocked blood vessel or heart tube thing, like how it works an if its a big deal?","What can you tell me about the procedure called heart bypass surgery, which involves opening up a blocked blood vessel or heart tube to reroute blood flow, and if it is a significant medical intervention?","Summary : If you have coronary artery disease, the arteries in your heart are narrowed or blocked by a sticky material called plaque. Angioplasty is a procedure to restore blood flow through the artery. You have angioplasty in a hospital. The doctor threads a thin tube through a blood vessel in the arm or groin up to the involved site in the artery. The tube has a tiny balloon on the end. When the tube is in place, the doctor inflates the balloon to push the plaque outward against the wall of the artery. This widens the artery and restores blood flow. Doctors may use angioplasty to - Reduce chest pain caused by reduced blood flow to the heart - Minimize damage to heart muscle from a heart attack Many people go home the day after angioplasty, and are able to return to work within a week of coming home. NIH: National Heart, Lung, and Blood Institute","Yes, I can provide some information about angioplasty. It's a minimally invasive procedure used to widen narrowed or blocked blood vessels caused by plaque buildup, which is known as peripheral artery disease (PAD). A small balloon is inflated inside the affected blood vessel to open it up, restoring proper blood flow. Sometimes, a stent (a tiny mesh tube) is placed in the artery to keep it open. This procedure helps alleviate symptoms like leg pain, numbness, or cramping, and reduces the risk of heart attack or stroke due to poor circulation.","Yes, I can provide information on that. It sounds like you're referring to a procedure called Angioplasty with Stenting. This is a minimally invasive procedure used to open blocked or narrowed coronary arteries (the ""heart tubes"" that supply oxygen-rich blood to your heart muscle). Here's how it generally works:

1. A small incision is made, usually in the wrist or groin, through which a thin, flexible catheter is inserted into a blood vessel. Guided by X-ray imaging, this catheter is then carefully threaded up to the affected coronary artery.
2. Once at the blockage site, a tiny balloon attached to the tip of the catheter is inflated. This helps to widen the clogged portion of the artery, restoring blood flow.
3. To maintain the widened opening and prevent reclosure, a stent - a small mesh metal tube - may be placed inside the artery. The stent remains permanently in place after the procedure.
4. After ensuring proper placement and patency of the artery, the catheter is removed.

Angioplasty with stenting is typically performed under local anesthesia and sedation. Patients often experience relief from symptoms soon afterward but will need medications to manage their condition long term. While complications such as bleeding, infection","Heart bypass surgery, also known as coronary artery bypass surgery, is a significant medical intervention. It involves surgically opening the chest to access the heart and using a healthy vein or artery from another part of the body to reroute blood around one or more blocked coronary arteries. This procedure aims to improve blood flow to the heart and reduce the risk of a heart attack. It is considered significant due to its invasive nature, the need for general anesthesia, and the recovery time required. However, it can be a life-saving procedure for individuals with severe coronary artery disease.",2.912447864549795,4.978273067035625,4.821358386637317,31.55860295153801,43.15874060978386,32.1563177067133,18.69158878504673,17.363344051446948,15.59633027522936,31.775700934579444,36.01286173633441,31.19266055045872,0.0,0.0,0.0,18.181818181818183,30.303030303030305,16.666666666666664,30.0,26.31578947368421,24.444444444444443,22.641509433962263,28.169014084507044,19.81981981981982,0.8769997954368591,0.8604727387428284,0.8594912886619568,1.0,0.4293389916419983,0.4401532411575317,3,4,3
Mixtral-8x7B-Instruct-v0.1 (4bit),mixtral_8x7b_4bit.yaml,4bit,incomplete,38,What is (are) Animal Bites ?,"what does it mean if some thing bit you, like from an animal or whatever, is that a big deal or just a normal skin thing?",Is a skin wound caused by an animal bite a significant medical concern or is it typically minor in nature?,"Wild animals usually avoid people. They might attack, however, if they feel threatened, are sick, or are protecting their young or territory. Attacks by pets are more common. Animal bites rarely are life-threatening, but if they become infected, you can develop serious medical problems. To prevent animal bites and complications from bites - Never pet, handle, or feed unknown animals - Leave snakes alone - Watch your children closely around animals - Vaccinate your cats, ferrets, and dogs against rabies - Spay or neuter your dog to make it less aggressive - Get a tetanus booster if you have not had one recently - Wear boots and long pants when you are in areas with venomous snakes If an animal bites you, clean the wound with soap and water as soon as possible. Get medical attention if necessary. Centers for Disease Control and Prevention","Animal bites are injuries caused by animals breaking the skin with their teeth or claws. They can transmit germs that cause infection, including rabies in severe cases. The risk of infection varies depending on the type and location of the bite, as well as the animal's health status and history of vaccinations. It's essential to clean the wound thoroughly, seek medical attention promptly, and report the incident if required by local laws.","An animal bite can be a significant health issue. It's not just a ""normal skin thing."" The severity depends on the animal, location, size, and depth of the wound. Bites can cause injuries, infections, rabies, or other diseases. Always clean the wound thoroughly, seek professional medical attention, and report the incident to your local health department or animal control.","A skin wound caused by an animal bite can be a significant medical concern. The risk of infection is high due to the presence of bacteria in an animal's mouth. Additionally, some animals may carry rabies, which is a serious disease. Therefore, it's important to seek medical attention after an animal bite, even if it appears minor.",1.4488353835283183,1.2528223750068683,0.5742518516895435,24.38689036305816,21.27432950779504,20.447146000237627,12.871287128712869,12.834224598930485,12.903225806451612,24.75247524752476,20.32085561497326,19.354838709677416,0.0,0.0,0.0,9.722222222222223,9.722222222222223,8.333333333333332,21.21212121212121,22.58064516129032,23.07692307692308,13.333333333333334,13.592233009708735,12.244897959183676,0.8489012122154236,0.8523335456848145,0.8573793768882751,0.9999999403953552,0.4406617879867553,0.645302951335907,4,4,5
Mixtral-8x7B-Instruct-v0.1 (4bit),mixtral_8x7b_4bit.yaml,4bit,overgeneralization,39,What is (are) Animal Diseases and Your Health ?,"how do health problms from animals or pets even work, like can being around them make pepole sick in genral and affect your health n stuff?","How can exposure to animals or pets impact human health, and can it lead to illness in general?","Animal diseases that people can catch are called zoonoses. Many diseases affecting humans can be traced to animals or animal products. You can get a disease directly from an animal, or indirectly, through the environment. Farm animals can carry diseases. If you touch them or things they have touched, like fencing or buckets, wash your hands thoroughly. Adults should make sure children who visit farms or petting zoos wash up as well. Though they may be cute and cuddly, wild animals may carry germs, viruses, and parasites. Deer and deer mice carry ticks that cause Lyme disease. Some wild animals may carry rabies. Enjoy wildlife from a distance. Pets can also make you sick. Reptiles pose a particular risk. Turtles, snakes and iguanas can transmit Salmonella bacteria to their owners. You can get rabies from an infected dog or toxoplasmosis from handling kitty litter of an infected cat. The chance that your dog or cat will make you sick is small. You can reduce the risk by practicing good hygiene, keeping pet areas clean and keeping your pets' shots up-to-date.","""Animal diseases"" can refer to illnesses that primarily affect animals, but some of these diseases can also infect humans. These are known as zoonotic diseases. Examples include rabies, Lyme disease, and salmonella infection. It's crucial for people who handle animals or consume animal products to follow proper safety protocols to prevent transmission. Regular vaccination, good hygiene practices, and safe food preparation can help protect both human health and animal health.","Yes, it's possible for people to get sick from animals or pets through a variety of ways. This is known as zoonotic transmission. Here are some examples:

1. Direct contact: Petting or touching animals can result in disease transmission if the animal is carrying certain bacteria, fungi, or viruses. For example, ringworm (a type of fungal infection) can be transmitted this way.

2. Animal bites or scratches: Animals such as cats and dogs can transmit diseases like rabies through their saliva if they bite or scratch you.

3. Consuming contaminated food or water: Pets can sometimes carry harmful germs that can contaminate our food or drinking water, leading to illness. 

4. Inhalation: Some organisms carried by animals can become airborne and cause respiratory problems when inhaled. Examples include certain types of fungal spores found in bird droppings or hay.

5. Parasites: Fleas, ticks, and mosquitoes can also act as vectors for various diseases. Lyme disease, for instance, is often spread via tick bites.

6. Allergic reactions: Many people have allergies triggered by exposure to pet dander, which can lead to symptoms ranging from sneezing and coughing to skin rashes and anaphylaxis.

To reduce","Yes, exposure to animals or pets can impact human health and may lead to illness. This can occur through direct contact with the animal, its saliva, feces, or urine, or through contaminated environments. Common illnesses transmitted from animals to humans include zoonotic diseases such as rabies, salmonella, and cat-scratch disease. It's important to maintain good hygiene practices, such as hand washing after handling animals, and to keep pets vaccinated and clean to minimize the risk of illness.",0.701455708572124,1.43945569962757,1.1469321288839596,25.22248759224453,39.43873591135159,25.501097802773536,12.295081967213113,15.934065934065936,14.4,27.86885245901639,38.46153846153847,27.200000000000003,0.0,0.0,0.0,18.072289156626507,25.301204819277107,15.66265060240964,42.85714285714285,26.923076923076923,35.13513513513514,25.423728813559325,26.08695652173913,21.666666666666668,0.8605510592460632,0.8464251756668091,0.8689571022987366,1.0,0.6223942637443542,0.6789779663085938,4,4,5
Mixtral-8x7B-Instruct-v0.1 (4bit),mixtral_8x7b_4bit.yaml,4bit,typos_grammar,40,What is (are) Ankle Injuries and Disorders ?,"What is/are ankle injurys and disorder's, like what do that even mean for the ankle ?","What are the common injuries and disorders related to the ankle, and what do they typically mean for an individual's ankle health?","Your ankle bone and the ends of your two lower leg bones make up the ankle joint. Your ligaments, which connect bones to one another, stabilize and support it. Your muscles and tendons move it. The most common ankle problems are sprains and fractures. A sprain is an injury to the ligaments. It may take a few weeks to many months to heal completely. A fracture is a break in a bone. You can also injure other parts of the ankle such as tendons, which join muscles to bone, and cartilage, which cushions your joints. Ankle sprains and fractures are common sports injuries.","Ankle injuries and disorders refer to damage or trauma affecting the ankle joint and surrounding structures. This can include sprains, strains, fractures, dislocations, tendonitis, and arthritis. Symptoms may vary depending on the specific injury or disorder but often include pain, swelling, bruising, stiffness, and difficulty walking or bearing weight on the affected ankle. Treatment options range from rest, ice, compression, and elevation (RICE) for minor injuries to immobilization, physical therapy, medication, or even surgery in more severe cases. It's essential to seek medical attention if you suspect an ankle injury or disorder to ensure proper diagnosis and treatment.","Ankle injuries and disorders refer to conditions that affect the function or structure of the ankle joint. This can include:

1. Sprains: A stretching or tearing of the ligaments surrounding the ankle joint, often caused by sudden twisting or rolling of the foot.
2. Strains: Overstretching or tearing of the muscles or tendons in the ankle area.
3. Fractures: Breaking or cracking of one or more bones in the ankle due to trauma or overuse.
4. Arthritis: Inflammation of the ankle joint causing pain, stiffness, and swelling, which can be due to various types such as osteoarthritis, rheumatoid arthritis, or post-traumatic arthritis.
5. Tendonitis: Inflammation or irritation of the tendons around the ankle, leading to pain and discomfort during movement.
6. Bursitis: Swelling and inflammation of the bursa (small fluid-filled sac) located near the ankle joint, resulting in pain and limited mobility.
7. Nerve damage or compression: Compression or injury to nerves within the ankle region, causing numbness, tingling, or weakness in the affected leg.
8. Instability: Persistent looseness or weakness in the an","Common ankle injuries include sprains, strains, and fractures. Sprains refer to injuries of the ligaments, usually caused by sudden twisting or stretching. Strains affect the muscles or tendons and are often result from overuse or sudden stress. Fractures involve breaks in the bone, often caused by trauma or overuse.

Ankle disorders include chronic instability, arthritis, and tendonitis. Chronic instability is a long-term condition that results from repeated ankle sprains. Arthritis causes pain, swelling, and stiffness in the ankle joint, while tendonitis is inflammation of the tendons, leading to pain and swelling.

These injuries and disorders can significantly impact an individual's ankle health, leading to pain, decreased mobility, and increased risk of re-",2.2877018365670074,2.9856244272954013,3.773546961759215,33.35744882210988,35.658034553232724,39.164654086871806,16.0427807486631,16.000000000000004,16.08040201005025,25.66844919786097,27.2,33.165829145728644,0.0,0.0,0.0,16.0,34.0,34.0,15.68627450980392,20.73170731707317,29.310344827586203,15.84158415841584,25.75757575757576,31.48148148148148,0.8438690304756165,0.8478386402130127,0.8646654486656189,1.0,0.9147992730140686,0.856680154800415,3,3,4
Mixtral-8x7B-Instruct-v0.1 (4bit),mixtral_8x7b_4bit.yaml,4bit,ambiguity,41,What is (are) Ankylosing Spondylitis ?,"What is that long-term thing where your lower back/spine gets really stiff and inflamed over time, maybe even starts sort of fusing together or","What is the long-term condition characterized by increasing stiffness and inflammation in the lower back/spine, potentially leading to fusion over time?","Ankylosing spondylitis is a type of arthritis of the spine. It causes inflammation between your vertebrae, which are the bones that make up your spine, and in the joints between your spine and pelvis. In some people, it can affect other joints. AS is more common and more severe in men. It often runs in families. The cause is unknown, but it is likely that both genes and factors in the environment play a role. Early symptoms of AS include back pain and stiffness. These problems often start in late adolescence or early adulthood. Over time, AS can fuse your vertebrae together, limiting movement. Some people have symptoms that come and go. Others have severe, ongoing pain. A diagnosis of AS is based on your medical history and a physical examination. You may also have imaging or blood tests. AS has no cure, but medicines can relieve symptoms and may keep the disease from getting worse. Eating a healthy diet, not smoking, and exercising can also help. In rare cases, you may need surgery to straighten the spine. NIH: National Institute of Arthritis and Musculoskeletal and Skin Disease","Ankylosing spondylitis is a type of arthritis that primarily affects the spine, leading to stiffness and pain in the back and neck. In some cases, it can also impact other joints, such as hips and shoulders. It's characterized by inflammation causing vertebrae in the spine to fuse together, resulting in limited mobility over time. This condition typically affects young men more often than women and has a genetic component, with the HLA-B27 gene being commonly associated with its development. Diagnosis usually involves physical examination, imaging tests like X-rays or MRIs, and sometimes blood tests for specific markers. Treatment options include medication, physical therapy, exercise, and sometimes surgery.","It sounds like you're describing Ankylosing Spondylitis (AS). AS is a type of arthritis that primarily affects the spine, leading to pain and stiffness in the lower back and hips. Over time, it can cause some of the vertebrae in your spine to fuse together, resulting in decreased mobility. However, this fusion process occurs over many years. Early diagnosis and treatment from a healthcare professional can help manage symptoms and potentially slow down disease progression.","The long-term condition characterized by increasing stiffness and inflammation in the lower back/spine, potentially leading to fusion over time, is Ankylosing Spondylitis. It's a type of arthritis that primarily affects the spine.",5.610568271470361,3.352707967558947,0.1227634314837411,36.444674058895245,26.529171480157714,14.197645653731795,24.28571428571428,20.242914979757085,7.729468599033816,36.42857142857142,34.008097165991906,17.39130434782609,0.0,0.0,0.0,20.54794520547945,16.43835616438356,8.21917808219178,31.91489361702128,37.5,42.85714285714285,25.0,22.857142857142858,13.793103448275865,0.8829347491264343,0.8735038042068481,0.8622584939002991,1.0,0.48198401927948,0.5057973861694336,4,5,5
Mixtral-8x7B-Instruct-v0.1 (4bit),mixtral_8x7b_4bit.yaml,4bit,layperson,42,What is (are) Anthrax ?,"what is that bad infection thing people can get from animals or weird powder in the mail,, like what even is it and how does a person catch it?","What is the bacterial infection called anthrax, which can be contracted from animals or suspicious mail powders, and how is it transmitted from these sources to humans?","Anthrax is a disease caused by Bacillus anthracis, a germ that lives in soil. Many people know about it from the 2001 bioterror attacks. In the attacks, someone purposely spread anthrax through the U.S. mail. This killed five people and made 22 sick. Anthrax is rare. It affects animals such as cattle, sheep, and goats more often than people. People can get anthrax from contact with infected animals, wool, meat, or hides. It can cause three forms of disease in people. They are - Cutaneous, which affects the skin. People with cuts or open sores can get it if they touch the bacteria. - Inhalation, which affects the lungs. You can get this if you breathe in spores of the bacteria. - Gastrointestinal, which affects the digestive system. You can get it by eating infected meat. Antibiotics often cure anthrax if it is diagnosed early. But many people don't know they have anthrax until it is too late to treat. A vaccine to prevent anthrax is available for people in the military and others at high risk. NIH: National Institute of Allergy and Infectious Diseases","Anthrax is a serious infectious disease caused by the bacterium Bacillus anthracis. It can occur in several forms, including cutaneous (skin), gastrointestinal, and inhalation anthrax. Cutaneous anthrax is the most common form and usually causes black skin ulcers and blisters. Inhalation anthrax is rare but can be deadly if not treated promptly with antibiotics. Gastrointestinal anthrax affects the intestines and can cause nausea, vomiting, abdominal pain, and diarrhea. Anthrax is treatable with antibiotics, but prevention measures such as vaccination are important for high-risk individuals or those exposed to the bacteria through their work or travel.","The condition you're referring to is called Anthrax. It's a serious infectious disease caused by the bacterium Bacillus anthracis. People typically contract it through contact with infected animals or animal products, or by breathing in spores from contaminated soil or intentionally released spores. It's not commonly spread between people. Symptoms vary depending on the type of exposure but may include skin sores, swelling, fever, chills, fatigue, cough, and difficulty swallowing. If left untreated, anthrax can be fatal.","Anthrax is a serious bacterial infection caused by Bacillus anthracis. It can be contracted from infected animals or contaminated animal products, resulting in cutaneous, gastrointestinal, or inhalation anthrax. Transmission occurs through skin contact with infected animals or their products, ingestion of contaminated meat, or inhalation of spores from infected animals or intentionally released powders.",2.346803799100173,1.7754377511565946,1.2076238452420311,34.85984547163149,27.46592531133547,24.82870698913277,19.771863117870723,16.935483870967744,18.666666666666664,37.26235741444867,29.838709677419352,25.77777777777778,0.0,0.0,0.0,14.285714285714285,12.857142857142856,14.285714285714285,24.390243902439025,25.0,40.0,18.01801801801802,16.9811320754717,21.052631578947363,0.8659814596176147,0.8585816025733948,0.8609164357185364,1.0,0.3414725661277771,0.6883017420768738,4,5,5
Mixtral-8x7B-Instruct-v0.1 (4bit),mixtral_8x7b_4bit.yaml,4bit,incomplete,43,Do you have information about Antibiotic Resistance,Do you have any info on when germs kinda stop responding to medicine and what that means?,When do bacteria become resistant to antibiotics and what does this mean?,"Summary : Antibiotics are medicines that fight bacterial infections. Used properly, they can save lives. But there is a growing problem of antibiotic resistance. It happens when bacteria change and become able to resist the effects of an antibiotic. Using antibiotics can lead to resistance. Each time you take antibiotics, sensitive bacteria are killed. But resistant germs may be left to grow and multiply. They can spread to other people. They can also cause infections that certain antibiotics cannot cure. Methicillin-resistant Staphylococcus aureus (MRSA) is one example. It causes infections that are resistant to several common antibiotics. To help prevent antibiotic resistance - Don't use antibiotics for viruses like colds or flu. Antibiotics don't work on viruses. - Don't pressure your doctor to give you an antibiotic. - When you take antibiotics, follow the directions carefully. Finish your medicine even if you feel better. If you stop treatment too soon, some bacteria may survive and re-infect you. - Don't save antibiotics for later or use someone else's prescription. Centers for Disease Control and Prevention","Yes, antibiotic resistance is a significant global health issue. It occurs when bacteria evolve in response to the use of antibiotics, making them resistant to the effects of these drugs. This means that common infections become harder to treat and may require higher doses or stronger types of antibiotics, which can lead to increased healthcare costs, longer hospital stays, and higher mortality rates.

Antibiotic resistance develops due to several factors, including misuse and overuse of antibiotics in both humans and animals, as well as poor infection control practices. To combat this problem, it's essential to follow proper guidelines for prescribing and using antibiotics, practice good hygiene, and invest in research and development of new antimicrobial agents.","Yes, I can provide information on that. This is referred to as antibiotic resistance, which occurs when bacteria evolve in response to the use of these medicines (antibiotics), making them tougher or even impossible to treat. It's a significant global health concern. When we say germs no longer respond to medicine, it means that the medications we have at our disposal are no longer effective against those specific germs.","Bacteria can become resistant to antibiotics when they are exposed to these drugs. Over time, through natural selection, resistant bacteria can survive and multiply, leading to an increase in the number of resistant bacteria. This means that the antibiotics become less effective at treating infections caused by these bacteria. It's a significant global health concern, as antibiotic resistance can make once easily treatable infections much harder to manage.",2.3496583658894408,0.4955799213219629,0.5701553561948947,34.61512215863716,19.07159066548301,25.373387411057625,16.14035087719298,12.60504201680672,13.559322033898304,30.87719298245614,21.84873949579832,26.27118644067797,0.0,0.0,0.0,21.50537634408602,9.67741935483871,15.053763440860216,32.25806451612903,31.03448275862069,37.83783783783784,25.806451612903224,14.754098360655735,21.53846153846154,0.8596091270446777,0.8488399982452393,0.8604114055633545,1.0,0.3930296003818512,0.6063032746315002,4,4,5
Mixtral-8x7B-Instruct-v0.1 (4bit),mixtral_8x7b_4bit.yaml,4bit,overgeneralization,44,Do you have information about Antibiotics,"do you have any info on meds people take when theyre sick, like the stuff for infections and other health problems in general?",What medications are commonly used to treat various infections and health problems?,"Summary : Antibiotics are powerful medicines that fight bacterial infections. Used properly, antibiotics can save lives. They either kill bacteria or keep them from reproducing. Your body's natural defenses can usually take it from there. Antibiotics do not fight infections caused by viruses, such as - Colds - Flu - Most coughs and bronchitis - Sore throats, unless caused by strep If a virus is making you sick, taking antibiotics may do more harm than good. Using antibiotics when you don't need them, or not using them properly, can add to antibiotic resistance. This happens when bacteria change and become able to resist the effects of an antibiotic. When you take antibiotics, follow the directions carefully. It is important to finish your medicine even if you feel better. If you stop treatment too soon, some bacteria may survive and re-infect you. Do not save antibiotics for later or use someone else's prescription. Centers for Disease Control and Prevention","Yes, I can provide some basic information about antibiotics. Antibiotics are medications used to treat infections caused by bacteria. They work by either killing the bacteria or inhibiting their growth. It's important to note that antibiotics are not effective against viral infections, such as the common cold or flu. Misuse of antibiotics can lead to antibiotic resistance, which is when bacteria evolve in response to the use of these medicines and become resistant to them. This makes it harder to treat bacterial infections in the future. Always consult with a healthcare professional before taking antibiotics.","Yes, there are various medications used to treat different types of infections and health problems. Here are some common categories:

1. Antibiotics - These are used to treat bacterial infections, such as pneumonia or urinary tract infections. Examples include amoxicillin, ciprofloxacin, and azithromycin.
2. Anti-virals - Used to treat viral infections, such as influenza or HIV. Examples include oseltamivir (for flu) and tenofovir (for HIV).
3. Anti-fungals - Used to treat fungal infections, such as candidiasis or athlete's foot. Examples include fluconazole and clotrimazole.
4. Pain Relievers - These are used to alleviate pain associated with various conditions. Over-the-counter options include acetaminophen (Tylenol) and ibuprofen (Advil), while prescription opioids include morphine and oxycodone.
5. Anti-inflammatories - These drugs reduce inflammation and are often used to treat conditions like arthritis or asthma. Examples include prednisone and montelukast.
6. Antihistamines - Used to relieve symptoms of allergies or allergic reactions. Examples include diphenhydramine (","There are many medications used to treat various infections and health problems. Here are some common ones:

1. Antibiotics: These are used to treat bacterial infections. Examples include amoxicillin, azithromycin, and ciprofloxacin.

2. Antivirals: These are used to treat viral infections. Examples include acyclovir for herpes simplex virus, oseltamivir for influenza, and lamivudine for HIV.

3. Antifungals: These are used to treat fungal infections. Examples include fluconazole for candidiasis and itraconazole for aspergillosis.

4. Antipyretics: These are used to reduce fever. Examples include acetaminophen (",2.992024274742776,1.784518564474168,1.2892095582816168,39.44201244258786,32.55001269715896,24.23472880223457,22.13114754098361,10.56105610561056,10.126582278481012,38.52459016393443,17.16171617161716,15.189873417721516,0.0,0.0,0.0,23.684210526315788,5.263157894736842,5.263157894736842,41.86046511627907,8.333333333333332,16.0,30.252100840336134,6.451612903225808,7.920792079207921,0.8773133754730225,0.804815948009491,0.801755428314209,1.0,0.5710306763648987,0.5313971042633057,4,3,5
Mixtral-8x7B-Instruct-v0.1 (4bit),mixtral_8x7b_4bit.yaml,4bit,typos_grammar,45,Do you have information about Antidepressants,do u have any infoormation abot anti depressnts and how they work maybe?,What is the mechanism of action of antidepressants?,"Summary : Antidepressants are medicines that treat depression. Your doctor can prescribe them for you. They work to balance some of the natural chemicals in our brains. It may take several weeks for them to help. There are several types of antidepressants. You and your doctor may have to try a few before finding what works best for you. Antidepressants may cause mild side effects that usually do not last long. These may include headache, nausea, sleep problems, restlessness, and sexual problems. Tell your doctor if you have any side effects. You should also let your doctor know if you take any other medicines, vitamins, or herbal supplements. It is important to keep taking your medicines, even if you feel better. Do not stop taking your medicines without talking to your doctor. You often need to stop antidepressants gradually. NIH: National Institute of Mental Health","Yes, I can provide some basic information about antidepressants. They are medications used to treat various mental health disorders such as depression, anxiety, obsessive-compulsive disorder (OCD), and post-traumatic stress disorder (PTSD). There are several types of antidepressants including selective serotonin reuptake inhibitors (SSRIs), serotonin and norepinephrine reuptake inhibitors (SNRIs), tricyclic antidepressants (TCAs), and monoamine oxidase inhibitors (MAOIs). These drugs work by altering the levels of certain neurotransmitters in the brain, particularly serotonin and norepinephrine, which play a role in mood regulation. It's important to note that antidepressants may cause side effects and it may take several weeks before they start working. Additionally, stopping antidepressant medication should be done gradually under the supervision of a healthcare professional due to potential withdrawal symptoms. Always consult with a qualified healthcare provider for personalized advice regarding any medication or treatment.","Yes, antidepressants are medications used to treat depression and mood disorders. They work by affecting the balance of chemicals in the brain called neurotransmitters, such as serotonin and norepinephrine, which regulate mood. Antidepressants help increase the availability of these neurotransmitters, which can improve symptoms of depression and anxiety. There are several types of antidepressants that work in different ways, including selective serotonin reuptake inhibitors (SSRIs), serotonin and norepinephrine reuptake inhibitors (SNRIs), tricyclic antidepressants (TCAs), and monoamine oxidase inhibitors (MAOIs). It's important to note that antidepressants may take several weeks to start working and may cause side effects. Therefore, it is essential to consult with a healthcare provider for an accurate diagnosis and treatment plan.","Antidepressants primarily work by increasing the levels of neurotransmitters, such as serotonin and norepinephrine, in the brain. They do this by inhibiting their reuptake, which allows the neurotransmitters to remain in the synaptic cleft for a longer period, enhancing their effect on neuronal receptors. This mechanism is thought to improve mood and alleviate symptoms of depression. Different classes of antidepressants, like SSRIs, SNRIs, and tricyclics, target specific neurotransmitters or have additional effects, but the fundamental mechanism of action is the modulation of neurotransmitter activity.",8.05374711076768,8.754563745020299,1.028312849870325,41.82171549798319,42.01646966717497,27.522888309604895,15.272727272727272,21.428571428571427,11.872146118721462,32.72727272727273,34.12698412698412,17.35159817351598,0.0,0.0,0.0,23.33333333333333,25.0,6.666666666666667,28.57142857142857,41.66666666666667,16.666666666666664,25.68807339449541,31.25,9.523809523809522,0.8531063199043274,0.8561898469924927,0.837996244430542,1.0,0.7713297009468079,0.6991737484931946,4,4,5
Mixtral-8x7B-Instruct-v0.1 (4bit),mixtral_8x7b_4bit.yaml,4bit,ambiguity,46,Do you have information about Antioxidants,Do you know much about those things people take or eat that are supposed to help with damage or aging or like cell stuff?,Are there any supplements or foods that are known to help with cellular damage or aging?,"Summary : Antioxidants are man-made or natural substances that may prevent or delay some types of cell damage. Antioxidants are found in many foods, including fruits and vegetables. They are also available as dietary supplements. Examples of antioxidants include - Beta-carotene - Lutein - Lycopene - Selenium - Vitamin A - Vitamin C - Vitamin E Vegetables and fruits are rich sources of antioxidants. There is good evidence that eating a diet with lots of vegetables and fruits is healthy and lowers risks of certain diseases. But it isn't clear whether this is because of the antioxidants, something else in the foods, or other factors. High-dose supplements of antioxidants may be linked to health risks in some cases. For example, high doses of beta-carotene may increase the risk of lung cancer in smokers. High doses of vitamin E may increase risks of prostate cancer and one type of stroke. Antioxidant supplements may also interact with some medicines. To minimize risk, tell you of your health care providers about any antioxidants you use. NIH: National Center for Complementary and Integrative Health","Yes, antioxidants are substances that can prevent or slow damage to cells caused by free radicals, unstable molecules that the body produces as a reaction to environmental and other pressures. They are found in many foods including fruits, vegetables, nuts, grains, and some meat, poultry, and fish. Antioxidants include vitamins C and E, selenium, carotenes, flavonoids, tannins, and phenolic acids among others. Regular consumption of antioxidant-rich foods is associated with numerous health benefits such as reduced risk of chronic diseases like heart disease and cancer. However, high doses of antioxidant supplements may be harmful and their long-term effects are still under research.","Yes, I can provide some information on that. Supplements or foods that may help protect or repair cells include antioxidants such as vitamins C and E, beta-carotene, and selenium. These nutrients can be found in fruits, vegetables, nuts, and grains. Additionally, omega-3 fatty acids, which are found in fish and certain plant oils, have anti-inflammatory properties that may also support cell health. However, it is important to note that while these substances have potential benefits, they should not be used as a substitute for a healthy lifestyle and regular medical care. It's always best to consult with a healthcare provider before starting any new supplement regimen.","Yes, certain supplements and foods are known to have properties that can help with cellular damage or aging. Antioxidants, found in fruits and vegetables like berries and leafy greens, help protect cells from damage. Foods rich in omega-3 fatty acids, such as salmon and flaxseed, can reduce inflammation and promote cell health.

Supplements like Coenzyme Q10 (CoQ10) and Resveratrol are also known to have antioxidant properties. However, it's important to note that while these supplements and foods may help, they should not be used as a substitute for a balanced diet and regular medical care. Always consult with a healthcare provider before starting any new supplement regimen.",5.098380253618156,1.4332082330112648,1.5627038025680238,34.39684030327751,29.510753689285323,29.35364125405851,24.817518248175183,15.053763440860212,15.827338129496404,37.22627737226277,31.54121863799283,30.215827338129497,0.0,0.0,0.0,16.666666666666664,8.333333333333332,18.055555555555557,26.08695652173913,13.636363636363637,28.26086956521739,20.338983050847457,10.344827586206897,22.033898305084747,0.8736128807067871,0.8590341806411743,0.8482245802879333,1.0,0.5183303952217102,0.4538215100765228,4,4,5
Mixtral-8x7B-Instruct-v0.1 (4bit),mixtral_8x7b_4bit.yaml,4bit,layperson,47,What is (are) Anxiety ?,"what is it called when a person gets all nervouse n worked up for no real reason, like heart racing, cant calm down, mind wont stop etc and is that just a normal thing or some kinda problem?","Is it normal to experience symptoms like heart racing, anxiety, and constant mind activity without any apparent reason, and if so, would this be considered a medical condition?","Fear and anxiety are part of life. You may feel anxious before you take a test or walk down a dark street. This kind of anxiety is useful - it can make you more alert or careful. It usually ends soon after you are out of the situation that caused it. But for millions of people in the United States, the anxiety does not go away, and gets worse over time. They may have chest pains or nightmares. They may even be afraid to leave home. These people have anxiety disorders. Types include - Panic disorder - Obsessive-compulsive disorder - Post-traumatic stress disorder - Phobias - Generalized anxiety disorder Treatment can involve medicines, therapy or both. NIH: National Institute of Mental Health","Anxiety is a normal emotional response to stress or danger, but when it becomes excessive, persistent, or interferes with daily activities, it can be classified as an anxiety disorder. There are several types of anxiety disorders including generalized anxiety disorder, panic disorder, social anxiety disorder, phobias, and obsessive-compulsive disorder. Symptoms may include feelings of worry, nervousness, restlessness, or tension; increased heart rate, rapid breathing, sweating, trembling, or feeling weak or tired. Treatment typically involves psychotherapy, medication, or a combination of both.","The symptoms you described (racing heart, difficulty calming down, and repetitive thoughts) can be associated with a condition known as anxiety. While it's common for everyone to experience anxiety from time to time, frequent and disruptive episodes could indicate an Anxiety Disorder. This isn't ""just a normal thing"" - if left untreated, anxiety disorders may interfere with daily life and overall well-being. I recommend consulting with a healthcare professional who can provide guidance tailored to your specific situation.","Yes, experiencing symptoms like heart racing, anxiety, and constant mind activity without an apparent reason can be associated with a medical condition. These symptoms may indicate conditions such as anxiety disorders, panic disorder, or in some cases, heart conditions. It is essential to consult with a healthcare professional for an accurate diagnosis and treatment plan.",1.6685724993368989,1.2337906468280777,0.982176092629207,38.99490552841389,28.37254510700309,23.634106732540317,17.708333333333336,12.765957446808512,10.975609756097562,38.54166666666666,22.34042553191489,21.951219512195124,0.0,0.0,0.0,17.307692307692307,11.538461538461538,7.6923076923076925,25.71428571428571,18.75,18.181818181818183,20.6896551724138,14.285714285714285,10.81081081081081,0.8681039214134216,0.8456015586853027,0.8455030918121338,0.9999999403953552,0.4932754039764404,0.4366675913333893,4,4,5
Mixtral-8x7B-Instruct-v0.1 (4bit),mixtral_8x7b_4bit.yaml,4bit,incomplete,48,What is (are) Aortic Aneurysm ?,"what is that aneurysm thing in the big artery, like what does it mean?",What does it mean when someone has an aneurysm in a large artery?,"An aneurysm is a bulge or ""ballooning"" in the wall of an artery. Arteries are blood vessels that carry oxygen-rich blood from the heart to other parts of the body. If an aneurysm grows large, it can burst and cause dangerous bleeding or even death. Most aneurysms are in the aorta, the main artery that runs from the heart through the chest and abdomen. There are two types of aortic aneurysm: - Thoracic aortic aneurysms - these occur in the part of the aorta running through the chest - Abdominal aortic aneurysms - these occur in the part of the aorta running through the abdomen Most aneurysms are found during tests done for other reasons. Some people are at high risk for aneurysms. It is important for them to get screening, because aneurysms can develop and become large before causing any symptoms Screening is recommended for people between the ages of 65 and 75 if they have a family history, or if they are men who have smoked. Doctors use imaging tests to find aneurysms. Medicines and surgery are the two main treatments. NIH: National Heart, Lung, and Blood Institute","An aortic aneurysm is a bulging or weakness in the wall of the body's largest artery, the aorta, which can lead to rupture if not detected and treated early. There are two types: thoracic aortic aneurysms (in the chest area) and abdominal aortic aneurysms (in the abdomen). They often grow slowly without any symptoms, but once they reach a certain size or begin to leak, they become life-threatening and require immediate medical attention. Risk factors include age, smoking, high blood pressure, family history, and various genetic conditions.","An aneurysm is a bulging or weakened area in the wall of a blood vessel, most commonly in the aorta (the largest artery in the body). If left untreated, an aneurysm can grow larger and eventually rupture, leading to life-threatening internal bleeding. Aneurysms may cause no symptoms until they become large or rupture, but if detected early, they can be treated with medication or surgery to prevent complications.","An aneurysm in a large artery, such as the aorta, indicates a localized dilation or bulging of the blood vessel wall. This occurs due to weakness in the artery wall, causing it to balloon out and fill with blood. If left untreated, it can lead to rupture, causing internal bleeding, which is a medical emergency. Symptoms may vary depending on the location of the aneurysm, but many people do not experience any symptoms until the aneurysm grows or ruptures. Treatment options include monitoring, medication, or surgical repair.",4.80611547752767,2.143720868164983,1.7506068424376957,30.597790006825846,22.6838690674128,25.26769448103664,25.0,17.543859649122805,12.295081967213116,34.677419354838705,28.07017543859649,26.22950819672131,0.0,0.0,0.0,17.94871794871795,14.102564102564102,16.666666666666664,33.33333333333333,35.483870967741936,36.11111111111111,23.33333333333333,20.183486238532108,22.807017543859647,0.8840620517730713,0.884633481502533,0.8750811219215393,0.9999998807907104,0.7426072359085083,0.744086742401123,4,5,5
Mixtral-8x7B-Instruct-v0.1 (4bit),mixtral_8x7b_4bit.yaml,4bit,overgeneralization,49,What is (are) Aphasia ?,"what does it usually mean when some1 suddenly has big problems talking or getting words out and maybe not understanding stuff right, is that like a general brain/language issue or just speech trouble?","What does it typically indicate when someone suddenly experiences significant issues with speech, such as difficulty articulating words or comprehending communication, suggesting either a general brain/language problem or specific speech trouble?","Aphasia is a disorder caused by damage to the parts of the brain that control language. It can make it hard for you to read, write, and say what you mean to say. It is most common in adults who have had a stroke. Brain tumors, infections, injuries, and dementia can also cause it. The type of problem you have and how bad it is depends on which part of your brain is damaged and how much damage there is. There are four main types: - Expressive aphasia - you know what you want to say, but you have trouble saying or writing what you mean - Receptive aphasia - you hear the voice or see the print, but you can't make sense of the words - Anomic aphasia - you have trouble using the correct word for objects, places, or events - Global aphasia - you can't speak, understand speech, read, or write Some people recover from aphasia without treatment. Most, however, need language therapy as soon as possible. NIH: National Institute of Neurological Disorders and Stroke","Aphasia is a disorder that results from damage to the language areas of the brain, often due to stroke or head injury. It can affect a person's ability to speak, understand speech, read, and write. There are different types of aphasia, including expressive aphasia (difficulty speaking), receptive aphasia (difficulty understanding spoken language), global aphasia (severe impairment in both expression and comprehension), and primary progressive aphasia (a degenerative condition primarily affecting language abilities). Treatment typically involves speech-language therapy to help improve communication skills.","This could indicate a neurological disorder affecting language areas in the brain, such as a stroke or a brain injury. However, it can also be caused by conditions specific to the speech muscles or nerves, known as a communication or speech disorder. A healthcare professional should evaluate this symptom promptly for accurate diagnosis and treatment.","A sudden onset of significant speech issues can indicate a neurological problem. It may be a transient ischemic attack (TIA or ""mini-stroke""), a stroke, or a brain injury. The person might have difficulty articulating words (dysarthria), understanding language (aphasia), or both. It's crucial to seek immediate medical attention for a proper diagnosis and treatment.",5.783460052730553,0.3718981626781623,0.4852672718459475,34.22377054198478,19.942908044614043,18.95740417539324,20.66115702479339,11.374407582938389,9.433962264150944,33.884297520661164,21.80094786729858,19.81132075471698,0.0,0.0,0.0,25.333333333333336,9.333333333333334,8.0,42.22222222222222,28.000000000000004,26.08695652173913,31.666666666666664,14.000000000000002,12.244897959183673,0.8873169422149658,0.8438027501106262,0.8422987461090088,1.0,0.2442886382341385,0.3155131936073303,4,4,5
