model,config,quantization,noise_type,question_id,question_clean,question_noisy,question_repaired,reference_answer,answer_clean,answer_noisy,answer_repaired,bleu_clean,bleu_noisy,bleu_repaired,chrf_clean,chrf_noisy,chrf_repaired,rouge_l_clean,rouge_l_noisy,rouge_l_repaired,token_f1_clean,token_f1_noisy,token_f1_repaired,exact_match_clean,exact_match_noisy,exact_match_repaired,med_coverage_clean,med_coverage_noisy,med_coverage_repaired,med_precision_clean,med_precision_noisy,med_precision_repaired,med_f1_clean,med_f1_noisy,med_f1_repaired,bertscore_clean,bertscore_noisy,bertscore_repaired,intent_preservation_clean,intent_preservation_noisy,intent_preservation_repaired,geval_clean,geval_noisy,geval_repaired
Mistral-7B-Instruct-v0.3,mistral_7b.yaml,none,typos_grammar,0,Do you have information about A1C,"do you got any info rmation abotu A1C , like what it is an how it works?",What is A1C and how does it work?,"Summary : A1C is a blood test for type 2 diabetes and prediabetes. It measures your average blood glucose, or blood sugar, level over the past 3 months. Doctors may use the A1C alone or in combination with other diabetes tests to make a diagnosis. They also use the A1C to see how well you are managing your diabetes. This test is different from the blood sugar checks that people with diabetes do every day. Your A1C test result is given in percentages. The higher the percentage, the higher your blood sugar levels have been: - A normal A1C level is below 5.7 percent - Prediabetes is between 5.7 to 6.4 percent. Having prediabetes is a risk factor for getting type 2 diabetes. People with prediabetes may need retests every year. - Type 2 diabetes is above 6.5 percent - If you have diabetes, you should have the A1C test at least twice a year. The A1C goal for many people with diabetes is below 7. It may be different for you. Ask what your goal should be. If your A1C result is too high, you may need to change your diabetes care plan. NIH: National Institute of Diabetes and Digestive and Kidney Diseases","Yes, I do. The A1C test is a common blood test used to diagnose type 1 and type 2 diabetes, as well as gestational diabetes. It provides an average of your blood sugar levels over the past 2-3 months. A normal A1C level is below 5.7%, a level from 5.7% to 6.4% suggests prediabetes, and a level of 6.5% or higher on two separate tests indicates diabetes. Higher values indicate poorer long-term control of blood glucose (sugar) levels.","Yes, I can provide information about A1C (also known as glycohemoglobin or HbA1c). It's a blood test used primarily for the diagnosis of type 1 and type 2 diabetes, and for monitoring disease management over time.

The A1C test measures your average blood sugar level over the past two to three months. The hemoglobin in red blood cells naturally attracts sugar (glucose), so when glucose levels are high, more sugar binds to the hemoglobin. The A1C test shows the percentage of hemoglobin that has been coated with sugar.

Normal A1C levels are below 5.7%. A result between 5.7% and 6.4% suggests prediabetes. If it's 6.5% or higher on at least two separate tests, you have diabetes. Higher values indicate poorer long-term control of blood sugar levels. Regular testing helps healthcare providers adjust treatment plans accordingly.","A1C (HbA1c) is a blood test used primarily for the diagnosis of diabetes and for monitoring the level of glucose control over the previous 2-3 months in individuals with diabetes or at risk for developing diabetes. It works by measuring the percentage of red blood cells that have been coated with sugar (glycated hemoglobin). The higher the A1C level, the poorer the average blood sugar control has been over time. Normal levels typically range from 4% to 5.6%, while those with diabetes usually have an A1C of 6.5% or higher.",4.760893647746509,6.170881010812319,3.099726882145463,25.22189035202852,38.19429148729127,27.22267811751496,24.06015037593985,26.08695652173913,22.058823529411768,39.09774436090226,43.47826086956522,38.97058823529412,0.0,0.0,0.0,24.0,26.666666666666668,18.666666666666668,64.28571428571429,35.714285714285715,48.27586206896552,34.95145631067961,30.53435114503816,26.923076923076923,0.8808571696281433,0.8728195428848267,0.8727136850357056,1.0,0.8034437298774719,0.8761646151542664,4,4,4
Mistral-7B-Instruct-v0.3,mistral_7b.yaml,none,ambiguity,1,What is (are) Abdominal Pain ?,"what does it mean if your stomach/belly area is hurting inside, like that kind of pain in the middle, or around there, is that just a regular stomach ache or something else?","What could cause persistent midline abdominal pain, distinguishing between common gastrointestinal disorders and other potential conditions?","Your abdomen extends from below your chest to your groin. Some people call it the stomach, but your abdomen contains many other important organs. Pain in the abdomen can come from any one of them. The pain may start somewhere else, such as your chest. Severe pain doesn't always mean a serious problem. Nor does mild pain mean a problem is not serious. Call your healthcare provider if mild pain lasts a week or more or if you have pain with other symptoms. Get medical help immediately if - You have abdominal pain that is sudden and sharp - You also have pain in your chest, neck or shoulder - You're vomiting blood or have blood in your stool - Your abdomen is stiff, hard and tender to touch - You can't move your bowels, especially if you're also vomiting","Abdominal pain refers to any discomfort or aching sensation that occurs in the abdomen, which is the area between your chest and pelvis. The cause can vary widely, ranging from minor issues like gas or constipation to serious conditions such as appendicitis, gallstones, or inflammatory bowel disease. It's important to consult with a healthcare professional if you experience persistent or severe abdominal pain.","A stomachache can have various causes, ranging from minor issues such as indigestion, gas, constipation, or food poisoning to more serious conditions like gastroesophageal reflux disease (GERD), ulcers, irritable bowel syndrome (IBS), or even appendicitis. If the pain persists, worsens, or is accompanied by other symptoms like fever, vomiting, diarrhea, blood in stool, or severe abdominal swelling, seek immediate medical attention. However, self-diagnosis should be avoided, and consulting with a healthcare professional for an accurate diagnosis is recommended.","Persistent midline abdominal pain can be caused by several conditions, both gastrointestinal (GI) and non-GI related. Here are some possibilities for each category:

1. Gastrointestinal Disorders:
   - Peptic ulcer disease (stomach or duodenal ulcers)
   - Inflammatory bowel diseases (Crohn's disease, Ulcerative Colitis)
   - Irritable Bowel Syndrome (IBS)
   - Gallstones or cholecystitis
   - Diverticulitis
   - Appendicitis (although typically localized to the right lower quadrant)
   - Gastritis
   - Pancreatitis

2. Non-Gastrointestinal Conditions:
   - Ovarian cysts or torsion
   - Endometriosis
   - Urinary tract infections or kidney stones
   - Aortic aneurysm or dissection
   - Musculoskeletal problems like hernias
   - Psychological issues such as anxiety or somatic symptom disorder

It is essential to consult with a healthcare professional for proper diagnosis and treatment, as symptoms may overlap among these conditions. The doctor will consider various factors, including medical history, physical examination findings, and diagnostic tests results, to determine the underlying cause of",1.5366863522166627,1.1627612964838865,1.1537553135649792,25.628584046868536,29.63152484123832,30.70922556402817,13.471502590673577,15.384615384615383,7.547169811320755,30.051813471502587,26.923076923076927,17.358490566037734,0.0,0.0,0.0,6.666666666666667,6.666666666666667,3.333333333333333,13.333333333333334,11.76470588235294,3.076923076923077,8.888888888888888,8.51063829787234,3.2,0.8605431914329529,0.8420805335044861,0.7986045479774475,1.0,0.6781894564628601,0.7015939354896545,4,4,2
Mistral-7B-Instruct-v0.3,mistral_7b.yaml,none,layperson,2,What is (are) Abortion ?,"what does it mean when a pregancy gets ended early or the baby is not kept, like how does that whole thing happen and what is it exactly ?","What is miscarriage, and how does it occur?","An abortion is a procedure to end a pregnancy. It uses medicine or surgery to remove the embryo or fetus and placenta from the uterus. The procedure is done by a licensed health care professional. The decision to end a pregnancy is very personal. If you are thinking of having an abortion, most healthcare providers advise counseling.","Abortion refers to the termination of pregnancy before the fetus can survive outside the womb. This process removes an embryo or fetus and any accompanying tissue from the uterus. There are two types of abortion: surgical and medical. Surgical abortions involve procedures such as vacuum aspiration or dilation and curettage, while medical abortions use medications like mifepristone and misoprostol to induce expulsion of the pregnancy. The specifics of each method vary depending on factors such as gestational age at the time of procedure. It's important to note that this topic has ethical, legal, and religious implications in different societies and cultures. Always consult with a healthcare provider for accurate information regarding your personal situation.","The termination of a pregnancy before the fetus can survive outside the womb (20-24 weeks) is called a miscarriage. It occurs naturally due to various reasons such as chromosomal abnormalities, hormonal issues, or structural problems with the uterus. In some cases, a healthcare provider may perform an induced abortion if the woman chooses to end the pregnancy intentionally. This procedure involves using medication or surgical methods to remove the embryo or fetus from the uterus. Afterward, the body expels the tissue in a process similar to a heavy menstrual period. It's essential to remember that each person's experience with miscarriage or abortion can be unique, and emotional support during this time is crucial.","A miscarriage, also known as spontaneous abortion, is an unintentional loss of pregnancy before the 20th week. It's relatively common, occurring in about 10-20% of recognized pregnancies. Miscarriages can be devastating for those experiencing them.

Miscarriages typically occur due to chromosomal abnormalities (the most common cause), hormonal or immune system issues, uterine problems, or maternal health conditions. Chromosomal abnormalities often result from errors during conception when the sperm and egg join. These abnormalities can lead to the fetus not developing properly, causing its death and subsequent expulsion from the womb. Other causes may include physical trauma, substance abuse, certain infections, and advanced maternal age. However, in many cases, the exact cause remains unknown.",5.3149028787095824,7.805541637115501,1.1219476410241471,42.664955680967424,43.56570478507531,30.715773608328185,16.993464052287578,19.04761904761905,11.688311688311687,26.14379084967321,31.29251700680272,18.18181818181818,0.0,0.0,0.0,28.57142857142857,33.33333333333333,9.523809523809524,16.216216216216218,14.285714285714285,3.8461538461538463,20.689655172413797,20.0,5.479452054794521,0.8760290145874023,0.8895785808563232,0.8495221138000488,0.9999999403953552,0.4420582950115204,0.4445869624614715,4,4,1
Mistral-7B-Instruct-v0.3,mistral_7b.yaml,none,incomplete,3,What is (are) Abscess ?,what is that painful swollen thing with pus?,"What is the identity of the swollen, painful area containing pus?","An abscess is a pocket of pus. You can get an abscess almost anywhere in your body. When an area of your body becomes infected, your body's immune system tries to fight the infection. White blood cells go to the infected area, collect within the damaged tissue, and cause inflammation. During this process, pus forms. Pus is a mixture of living and dead white blood cells, germs, and dead tissue. Bacteria, viruses, parasites and swallowed objects can all lead to abscesses. Skin abscesses are easy to detect. They are red, raised and painful. Abscesses inside your body may not be obvious and can damage organs, including the brain, lungs and others. Treatments include drainage and antibiotics.","An abscess is a localized infection that's surrounded by inflamed tissue. It's filled with pus, which consists of dead white blood cells, bacteria, and other debris. Abscesses can occur anywhere in the body but are most common in areas rich in bacterial colonies like the skin or internal organs such as the liver, kidneys, or brain. They typically cause redness, swelling, pain, and warmth at the site of the infection. Treatment usually involves draining the pus from the abscess and administering antibiotics to address any remaining infection.","The description provided suggests an abscess. An abscess is a localized collection of pus in tissues of the body, caused by bacterial infection or other inflammatory reactions. Abscesses can occur anywhere in the body but are most common in the skin, liver, kidneys, brain, lungs, and gums. If you suspect having an abscess, it's important to seek immediate medical attention as they may require drainage and antibiotics for proper treatment.","The swollen, painful area containing pus is commonly known as an abscess. It's typically caused by bacterial infection that leads to localized inflammation and the accumulation of pus in tissues.",7.36928327758769,4.119898311631964,0.1893278212063981,38.46115849852927,33.650233997644705,15.100900236600188,20.21276595744681,18.71345029239766,10.294117647058822,32.97872340425532,30.4093567251462,19.117647058823533,0.0,0.0,0.0,22.41379310344828,17.24137931034483,8.620689655172415,34.21052631578947,35.714285714285715,38.46153846153847,27.08333333333333,23.255813953488374,14.084507042253522,0.887866199016571,0.8816751837730408,0.8760335445404053,1.0,0.4006654024124145,0.4275960028171539,5,5,5
Mistral-7B-Instruct-v0.3,mistral_7b.yaml,none,overgeneralization,4,What is (are) Acne ?,"What is that skin break out stuff, like when your face an maybe back gets little bumps n red spots, is it just a normal skin problem or some bigger body thing?","What is the cause of small red bumps on my face and back, could it be a common skin condition or indicative of a larger systemic issue?","Acne is a common skin disease that causes pimples. Pimples form when hair follicles under your skin clog up. Most pimples form on the face, neck, back, chest, and shoulders. Anyone can get acne, but it is common in teenagers and young adults. It is not serious, but it can cause scars. No one knows exactly what causes acne. Hormone changes, such as those during the teenage years and pregnancy, probably play a role. There are many myths about what causes acne. Chocolate and greasy foods are often blamed, but there is little evidence that foods have much effect on acne in most people. Another common myth is that dirty skin causes acne; however, blackheads and pimples are not caused by dirt. Stress doesn't cause acne, but stress can make it worse. If you have acne - Clean your skin gently - Try not to touch your skin - Avoid the sun Treatments for acne include medicines and creams. NIH: National Institute of Arthritis and Musculoskeletal and Skin Diseases","Acne is a common skin condition characterized by blackheads, whiteheads, pimples, and cysts that occur when hair follicles become plugged with oil and dead skin cells. It primarily affects areas of the skin rich in sebaceous glands such as the face, back, and chest. Acne can cause scarring if not treated properly.","The skin condition you're describing could be acne vulgaris, which is a common skin disorder characterized by areas of skin with many inflamed or non-inflamed papules (small pink or red rounded bumps), pustules (papules with pus at their tips), comedones (blackheads and whiteheads), or nodules (large solid swellings). Acne can affect areas of skin rich in sebaceous glands such as the face, back, and chest. It's generally considered a normal skin condition due to its prevalence, but if severe or persistent, it may require medical treatment. If you have concerns about your skin, consult a healthcare professional for advice tailored to your specific situation.","The small red bumps you're experiencing on your face and back could be due to several common skin conditions such as acne, rosacea, or eczema. Acne is characterized by blackheads, whiteheads, pimples, and possibly deeper lumps (cysts) that can occur on the face, neck, chest, back, shoulders, and upper arms. Rosacea typically presents with flushing, persistent redness, and small, pus-filled bumps called papules and pustules. Eczema often appears as dry, scaly patches that may weep and crust over. If these symptoms persist or worsen, consult a healthcare professional for an accurate diagnosis and treatment options. In rare cases, these symptoms might indicate a more serious underlying condition like lupus or folliculitis decalvans; however, this would require further evaluation by a dermatologist or other healthcare provider.",1.6378433014756806,4.495196920197991,5.956009966443047,19.52376205507912,29.26676779735079,33.968678653102714,17.061611374407583,15.909090909090908,12.014134275618376,27.48815165876777,25.75757575757576,25.441696113074208,0.0,0.0,0.0,14.102564102564102,11.538461538461538,11.538461538461538,44.0,21.428571428571427,18.0,21.359223300970875,15.0,14.0625,0.87187659740448,0.8417800664901733,0.8435910940170288,1.0,0.4476477205753326,0.3901110887527466,4,4,3
Mistral-7B-Instruct-v0.3,mistral_7b.yaml,none,typos_grammar,5,What is (are) Acoustic Neuroma ?,what is/are accoustic neuoroma exacly ?,What is an acoustic neuroma?,"An acoustic neuroma is a benign tumor that develops on the nerve that connects the ear to the brain. The tumor usually grows slowly. As it grows, it presses against the hearing and balance nerves. At first, you may have no symptoms or mild symptoms. They can include - Loss of hearing on one side - Ringing in ears - Dizziness and balance problems The tumor can also eventually cause numbness or paralysis of the face. If it grows large enough, it can press against the brain, becoming life-threatening. Acoustic neuroma can be difficult to diagnose, because the symptoms are similar to those of middle ear problems. Ear exams, hearing tests, and scans can show if you have it. If the tumor stays small, you may only need to have it checked regularly. If you do need treatment, surgery and radiation are options. If the tumors affect both hearing nerves, it is often because of a genetic disorder called neurofibromatosis. NIH: National Institute on Deafness and Communication Disorders","Acoustic neuroma, also known as vestibular schwannoma, is a benign tumor that develops on the nerve connecting the inner ear to the brain (the acoustic or vestibulocochlear nerve). These slow-growing tumors can affect hearing and balance abilities. They typically grow slowly over many years without causing symptoms in their early stages but may lead to hearing loss, tinnitus (ringing in the ears), imbalance, and facial numbness if they become larger. Treatment options include observation, surgery, and radiation therapy.","Acoustic neuromas (also known as vestibular schwannomas) are benign tumors that grow on the nerve connecting the inner ear to the brain (the vestibulocochlear nerve or 8th cranial nerve). They originate from the sheath covering this nerve. These slow-growing tumors can cause hearing loss, tinnitus (ringing in the ears), balance problems, and facial numbness or weakness if they press against these nerves. If left untreated, they may eventually lead to other complications such as facial paralysis or difficulty with swallowing. However, most acoustic neuromas are treatable through surgery, radiation therapy, or observation depending on their size and growth rate.","An acoustic neuroma (also known as vestibular schwannoma) is a benign tumor that develops on the nerve connecting the inner ear to the brain (the vestibulocochlear nerve or 8th cranial nerve). It can cause hearing loss, tinnitus (ringing in the ears), balance problems, and facial numbness or weakness. If it grows large enough, it may put pressure on the brainstem, causing additional symptoms such as headaches and difficulty with coordination. Treatment options include observation, surgery, and radiation therapy.",6.220547237366273,3.1087867691238844,9.038414770941538,32.878857230617626,36.1050027457226,33.785646343577184,24.0,23.57723577235772,30.630630630630627,36.44444444444444,33.333333333333336,39.63963963963964,0.0,0.0,0.0,18.055555555555557,18.055555555555557,22.22222222222222,41.935483870967744,33.33333333333333,50.0,25.24271844660195,23.423423423423426,30.769230769230766,0.876844584941864,0.8756591081619263,0.8803585767745972,1.0,0.3386049270629883,0.9461374878883362,5,5,5
Mistral-7B-Instruct-v0.3,mistral_7b.yaml,none,ambiguity,6,Do you have information about Acupuncture,"Do you know much about that needle kind of thing people do for pain n stuff, like what its for or if it actually helps?",What is the purpose and effectiveness of interventional procedures using needles (such as epidural injections) for managing pain?,"Summary : Acupuncture has been practiced in China and other Asian countries for thousands of years. Acupuncture involves stimulating specific points on the body. This is most often done by inserting thin needles through the skin, to cause a change in the physical functions of the body. Research has shown that acupuncture reduces nausea and vomiting after surgery and chemotherapy. It can also relieve pain. Researchers don't fully understand how acupuncture works. It might aid the activity of your body's pain-killing chemicals. It also might affect how you release chemicals that regulate blood pressure and flow. NIH: National Center for Complementary and Integrative Health","Yes, I can provide some information about acupuncture. It is an ancient Chinese practice that involves stimulating specific points on the body using thin needles. The theory behind acupuncture is that it helps to balance the flow of energy or life force (known as qi) in the body.

Acupuncture is used for various conditions including chronic pain, headaches, osteoarthritis, and anxiety. However, its effectiveness varies depending on the condition being treated. Some studies suggest it may be effective for certain conditions while others do not find consistent evidence supporting its use.

It's important to note that acupuncture should only be performed by trained practitioners to minimize risks such as infection or injury. Always consult with your healthcare provider before starting any new treatment.","The device you're referring to is likely an injection or a hypodermic needle. It's used to deliver medication directly into the body through various layers of tissue beneath the skin. This method bypasses digestion, allowing medications to take effect more quickly than oral administration.

Injections can be used for various purposes such as treating illnesses (like insulin in diabetes), preventing diseases (vaccinations), managing chronic conditions, providing pain relief, and administering anesthetics before surgeries. They can indeed help alleviate pain, manage symptoms, prevent disease spread, and improve overall health when used appropriately under a healthcare provider's guidance.","Interventional procedures using needles, such as epidural injections, serve to manage pain by delivering medications directly to specific areas of the body that are causing discomfort. These procedures can be effective in reducing pain levels, particularly for conditions like lower back pain, sciatica, and post-operative pain. The analgesic effects of these injections help to block or reduce the transmission of pain signals from the affected area to the brain. However, their effectiveness varies depending on the individual patient, the underlying condition, and the type of medication used. It's important to note that while they can provide significant relief, they may not eliminate pain completely and often require repeated treatments over time. Always consult with a healthcare professional for personalized advice regarding pain management options.",7.743468994351677,1.5066665297084705,2.072992082353391,41.72392600453448,30.47479959675749,32.82668441083693,16.51376146788991,10.362694300518136,11.981566820276496,28.440366972477065,18.65284974093264,21.19815668202765,0.0,0.0,0.0,23.91304347826087,4.3478260869565215,6.521739130434782,20.75471698113208,3.8461538461538463,5.263157894736842,22.222222222222225,4.081632653061225,5.825242718446602,0.8671997785568237,0.8473554253578186,0.8522772192955017,1.0,0.4658557176589966,0.4090324640274048,4,1,2
Mistral-7B-Instruct-v0.3,mistral_7b.yaml,none,layperson,7,What is (are) Acute Bronchitis ?,"what is that chest/throat thing called when u get a bad cough n lots of mucus cuz the breathing tubes are all irritated or infected for a short bit, like not pneumonia but kinda in there?","What is the condition referred to when an individual experiences a persistent cough with increased mucus production due to temporary inflammation or infection of the respiratory tract (bronchitis), excluding pneumonia?","Bronchitis is an inflammation of the bronchial tubes, the airways that carry air to your lungs. It causes a cough that often brings up mucus. It can also cause shortness of breath, wheezing, a low fever, and chest tightness. There are two main types of bronchitis: acute and chronic. Most cases of acute bronchitis get better within several days. But your cough can last for several weeks after the infection is gone. The same viruses that cause colds and the flu often cause acute bronchitis. These viruses spread through the air when people cough, or though physical contact (for example, on unwashed hands). Being exposed to tobacco smoke, air pollution, dusts, vapors, and fumes can also cause acute bronchitis. Less often, bacteria can also cause acute bronchitis. To diagnose acute bronchitis, your health care provider will ask about your symptoms and listen to your breathing. You may also have other tests. Treatments include rest, fluids, and aspirin (for adults) or acetaminophen to treat fever. A humidifier or steam can also help. You may need inhaled medicine to open your airways if you are wheezing. Antibiotics won't help if the cause is viral. You may get antibiotics if the cause is bacterial. NIH: National Heart, Lung, and Blood Institute","Acute bronchitis is an inflammation of the bronchial tubes, which carry air to and from your lungs. It's usually caused by a viral infection, but it can also be due to bacterial infections or irritants such as smoke or dust. The main symptom is a persistent cough that often brings up mucus, accompanied by other symptoms like chest discomfort, shortness of breath, wheezing, and low-grade fever. Unlike chronic bronchitis, acute bronchitis is a short-term condition that typically resolves within 2-3 weeks with appropriate treatment and self-care measures.","The condition you're describing sounds like Bronchitis. Acute bronchitis is an inflammation of the bronchial tubes (the airways leading to your lungs) caused by viral or bacterial infection. It often results in a persistent cough with mucus production, as well as chest discomfort. However, it's important to note that symptoms can vary and severity may differ from person to person. If symptoms persist, it would be best to consult a healthcare professional for proper diagnosis and treatment.","The condition you're referring to is typically known as Acute Bronchitis. It causes a persistent cough that often produces mucus, which results from temporary inflammation or irritation in the bronchial tubes (the airways leading to the lungs). This usually resolves within three weeks but can sometimes last longer. However, it should be noted that if symptoms persist for more than a few weeks, or if they worsen, medical attention may be required to rule out other conditions such as chronic bronchitis or pneumonia.",5.460508730619086,1.905946886968627,1.3812819427461274,29.36504197868855,23.71100692745345,22.45846609208416,21.908127208480565,15.555555555555555,12.363636363636363,37.455830388692576,25.185185185185187,26.18181818181818,0.0,0.0,0.0,19.19191919191919,12.12121212121212,14.14141414141414,52.77777777777778,32.432432432432435,43.75,28.148148148148145,17.647058823529413,21.37404580152672,0.8838422298431396,0.8676725625991821,0.8630210161209106,1.0,0.6061661839485168,0.6735024452209473,5,5,5
Mistral-7B-Instruct-v0.3,mistral_7b.yaml,none,incomplete,8,What is (are) Acute Lymphocytic Leukemia ?,"What is acute leukemia, exactly?",What is the definition of acute leukemia in medicine?,"Leukemia is cancer of the white blood cells. White blood cells help your body fight infection. Your blood cells form in your bone marrow. In leukemia, however, the bone marrow produces abnormal white blood cells. These cells crowd out the healthy blood cells, making it hard for blood to do its work. In acute lymphocytic leukemia (ALL), also called acute lymphoblastic leukemia, there are too many of specific types of white blood cells called lymphocytes or lymphoblasts. ALL is the most common type of cancer in children. Possible risk factors for ALL include being male, being white, previous chemotherapy treatment, exposure to radiation, and for adults, being older than 70. Symptoms of ALL include: - Weakness or feeling tired - Fever - Easy bruising or bleeding - Bleeding under the skin - Shortness of breath - Weight loss or loss of appetite - Pain in the bones or stomach - Pain or a feeling of fullness below the ribs - Painless lumps in the neck, underarm, stomach, or groin Tests that examine the blood and bone marrow diagnose ALL. Treatments include chemotherapy, radiation therapy, stem cell transplants, and targeted therapy. Targeted therapy uses substances that attack cancer cells without harming normal cells. Once the leukemia is in remission, you need additional treatment to make sure that it does not come back. NIH: National Cancer Institute","Acute Lymphocytic Leukemia (ALL) is a type of cancer that starts from immature cells in the bone marrow called lymphocytes. These cells normally develop into white blood cells to help fight infection, but in ALL they do not mature or function properly. As these abnormal cells accumulate in the body, they crowd out healthy cells, particularly those needed for proper blood clotting, fighting infections, and producing red blood cells. This can lead to symptoms such as fatigue, frequent infections, easy bruising or bleeding, and an enlarged liver or spleen. It's important to note that ALL primarily affects children and young adults compared to other types of leukemia which more commonly affect older individuals. Treatment typically involves chemotherapy with possible additional treatments like radiation therapy, stem cell transplantation, or targeted therapies depending on the specific case.","Acute leukemia is a type of cancer that starts from immature cells in the bone marrow, specifically those destined to become white blood cells (myeloid), or less commonly red blood cells (lymphocytic). In acute leukemia, these abnormal cells do not mature or function properly, leading to an overproduction of immature cells that accumulate in the bone marrow and interfere with the production of normal blood cells. This results in low levels of healthy blood cells circulating throughout the body, causing symptoms such as fatigue, frequent infections, easy bruising, and bleeding. The two main types of acute leukemia are acute myelogenous leukemia (AML) and acute lymphoblastic leukemia (ALL). Both require prompt treatment due to their rapid progression.","Acute leukemia, specifically referring to acute myeloid leukemia (AML) or acute lymphoblastic leukemia (ALL), is a type of cancer that starts from immature cells produced in the bone marrow. In this disease, these abnormal white blood cells accumulate in large numbers and interfere with the production of normal blood cells, leading to anemia, easy bruising, and increased susceptibility to infection. Unlike chronic leukemias, which progress slowly, acute leukemias can rapidly worsen if not treated promptly due to the rapid proliferation of abnormal cells.",4.937200689257879,3.580360440953537,3.062082601404859,39.529783256290926,33.72231502904117,25.21868279929357,21.428571428571427,18.471337579617835,15.492957746478876,43.45238095238095,39.490445859872615,27.464788732394368,0.0,0.0,0.0,21.782178217821784,21.782178217821784,12.871287128712872,35.483870967741936,40.0,33.33333333333333,26.993865030674847,28.20512820512821,18.571428571428573,0.8713492155075073,0.8595501184463501,0.8493295311927795,0.9999999403953552,0.836963951587677,0.8086274862289429,4,4,4
Mistral-7B-Instruct-v0.3,mistral_7b.yaml,none,overgeneralization,9,What is (are) Acute Myeloid Leukemia ?,"what is this kind of serious blood problem/cancer thing where the bone marrow makes too many bad white cells, and what does it even mean for someone health overall?","What is chronic myeloid leukemia (CML), specifically regarding excessive production of abnormal white blood cells in the bone marrow, and how does its presence impact an individual's overall health?","Leukemia is cancer of the white blood cells. White blood cells help your body fight infection. Your blood cells form in your bone marrow. In leukemia, however, the bone marrow produces abnormal white blood cells. These cells crowd out the healthy blood cells, making it hard for blood to do its work. In acute myeloid leukemia (AML), there are too many of a specific type of white blood cell called a myeloblast. AML is the most common type of acute leukemia in adults. This type of cancer usually gets worse quickly if it is not treated. Possible risk factors include smoking, previous chemotherapy treatment, and exposure to radiation. Symptoms of AML include: - Fever - Shortness of breath - Easy bruising or bleeding - Bleeding under the skin - Weakness or feeling tired - Weight loss or loss of appetite Tests that examine the blood and bone marrow diagnose AML. Treatments include chemotherapy, other drugs, radiation therapy, stem cell transplants, and targeted therapy. Targeted therapy uses substances that attack cancer cells without harming normal cells. Once the leukemia is in remission, you need additional treatment to make sure that it does not come back. NIH: National Cancer Institute","Acute Myeloid Leukemia (AML) is a type of cancer that starts from immature myeloid cells in the bone marrow. These cells normally develop into different types of blood cells such as red blood cells, white blood cells, or platelets. In AML, these cells do not mature properly and accumulate in large numbers within the bone marrow and other organs like the liver and spleen, interfering with normal blood production. This leads to low levels of healthy blood cells, causing anemia, increased risk of infection, and easy bruising or bleeding. Symptoms may include fatigue, frequent infections, weight loss, fever, and swollen lymph nodes, gums, or liver. Treatment options for AML typically involve chemotherapy, stem cell transplantation, targeted therapy, or clinical trials depending on the patient's age, overall health, and specific characteristics of their leukemia.","The condition you're referring to is called Acute Myeloid Leukemia (AML). It's a type of cancer that starts from immature myeloid cells in the bone marrow. Instead of maturing into healthy white blood cells, red blood cells, or platelets, these abnormal cells accumulate and crowd out normal blood cells. This can lead to anemia (low red blood cell count), increased risk of infection due to low white blood cell count, and easy bruising or bleeding due to low platelet count. Overall, AML significantly impacts a person's health as it weakens their immune system, increases susceptibility to infections, and can cause symptoms such as fatigue, weight loss, fever, and frequent infections. If left untreated, it can be life-threatening. Treatment options include chemotherapy, stem cell transplantation, targeted therapy, and clinical trials.","Chronic Myeloid Leukemia (CML) is a type of cancer that starts from certain immature cells in the bone marrow called stem cells. In CML, these cells produce too many abnormal white blood cells, known as granulocytes or neutrophils. These abnormal cells accumulate in the bone marrow, blood, spleen, liver, and lymph nodes, crowding out normal cells.

The excess production of these abnormal cells can lead to several issues affecting an individual's overall health:

1. Anemia: Due to reduced production of red blood cells, patients may experience fatigue, weakness, and shortness of breath.
2. Increased risk of infection: The abnormal white blood cells do not function properly, leading to a weakened immune system and increased susceptibility to infections.
3. Bleeding problems: Excessive platelets (thrombocytosis) caused by CML can result in easy bruising, prolonged bleeding from minor cuts, and an increased risk of blood clots.
4. Spleen enlargement: As the spleen tries to filter the excessive number of abnormal white blood cells, it becomes enlarged, causing discomfort or pain in the left upper abdomen.
5. Bone pain: Overcrowding of the bone marrow with abnormal cells can cause pain in the",5.250553694370794,4.313919927618485,5.136148411996217,39.7017752006968,39.25228515268099,41.08623386105921,21.7948717948718,21.7948717948718,18.38440111420613,43.5897435897436,41.66666666666667,38.99721448467967,0.0,0.0,0.0,27.58620689655172,21.83908045977012,21.83908045977012,40.0,31.14754098360656,22.35294117647059,32.6530612244898,25.67567567567568,22.093023255813957,0.8759456872940063,0.8745241165161133,0.8527183532714844,1.0,0.4924976825714111,0.6915770173072815,4,4,2
Mistral-7B-Instruct-v0.3,mistral_7b.yaml,none,typos_grammar,10,What is (are) Addison Disease ?,"what is addison disease ,, like what does it actualy do to youre body ?",What are the effects of Addison's disease on the human body?,"Your adrenal glands are just above your kidneys. The outside layer of these glands makes hormones that help your body respond to stress and regulate your blood pressure and water and salt balance. Addison disease happens if the adrenal glands don't make enough of these hormones. A problem with your immune system usually causes Addison disease. The immune system mistakenly attacks your own tissues, damaging your adrenal glands. Other causes include infections and cancer. Symptoms include - Weight loss - Muscle weakness - Fatigue that gets worse over time - Low blood pressure - Patchy or dark skin Lab tests can confirm that you have Addison disease. If you don't treat it, it can be fatal. You will need to take hormone pills for the rest of your life. If you have Addison disease, you should carry an emergency ID. It should say that you have the disease, list your medicines and say how much you need in an emergency. NIH: National Institute of Diabetes and Digestive and Kidney Diseases","Addison's disease, also known as primary adrenal insufficiency, is a condition where your adrenal glands do not produce enough of certain hormones – cortisol and aldosterone. The adrenal glands are located just above your kidneys. Cortisol helps regulate metabolism and helps your body respond to stress, while aldosterone controls blood pressure by managing sodium and potassium levels in your body. Symptoms can include fatigue, weight loss, low blood pressure, salt cravings, and darkening of skin during periods of stress. It's often caused by an autoimmune disorder that destroys the adrenal tissue or by tuberculosis infection. Treatment involves replacing the missing hormones through medication.","Addison's Disease, also known as primary adrenal insufficiency, is a condition where your adrenal glands don't produce enough of certain hormones – cortisol and aldosterone. The adrenal glands are located on top of each kidney.

Cortisol helps regulate metabolism, immune response, and the sleep-wake cycle. Aldosterone regulates sodium and potassium balance in the body, which affects blood pressure.

In Addison's Disease, the lack of these hormones can lead to symptoms such as fatigue, weakness, weight loss, low blood sugar (hypoglycemia), salt cravings, dehydration, and low blood pressure that may cause dizziness or fainting upon standing. Skin pigmentation changes (hyperpigmentation) may occur due to increased production of melanin in response to high levels of ACTH from the pituitary gland trying to stimulate the underactive adrenals.

This condition can be caused by autoimmune destruction of the adrenal glands, tuberculosis infection, or other less common causes. It requires lifelong treatment with replacement doses of corticosteroids and sometimes mineralocorticoids.","Addison's disease primarily affects the adrenal glands, leading to deficiencies in hormones cortisol and aldosterone. Symptoms may include fatigue, weakness, weight loss, low blood pressure, dehydration, salt cravings, nausea, vomiting, darkening of skin (hyperpigmentation), and increased sensitivity to stress or illness. In severe cases, it can lead to hypoglycemia, electrolyte imbalances, and even shock or coma if left untreated.",6.488792167265504,3.732437258665528,1.244177029852018,37.76217288288164,41.73533363265496,23.179502696378336,21.705426356589143,18.770226537216825,16.513761467889907,36.43410852713178,36.24595469255664,25.68807339449541,0.0,0.0,0.0,20.0,24.285714285714285,12.857142857142856,26.41509433962264,22.972972972972972,31.03448275862069,22.764227642276424,23.611111111111114,18.181818181818183,0.8755926489830017,0.8541197180747986,0.8476073741912842,1.0,0.8497042655944824,0.7774747610092163,4,4,4
Mistral-7B-Instruct-v0.3,mistral_7b.yaml,none,ambiguity,11,What is (are) Adhesions ?,"What does it mean when stuff inside your body kind of sticks together after something, like is that the same as those internal scar-band things?",Is the adhesion (sticking together) of internal tissues similar to internal scars or fibrosis?,"Adhesions are bands of scar-like tissue. Normally, internal tissues and organs have slippery surfaces so they can shift easily as the body moves. Adhesions cause tissues and organs to stick together. They might connect the loops of the intestines to each other, to nearby organs, or to the wall of the abdomen. They can pull sections of the intestines out of place. This may block food from passing through the intestine. Adhesions can occur anywhere in the body. But they often form after surgery on the abdomen. Almost everyone who has surgery on the abdomen gets adhesions. Some adhesions don't cause any problems. But when they partly or completely block the intestines, they cause symptoms such as - Severe abdominal pain or cramping - Vomiting - Bloating - An inability to pass gas - Constipation Adhesions can sometimes cause infertility in women by preventing fertilized eggs from reaching the uterus. No tests are available to detect adhesions. Doctors usually find them during surgery to diagnose other problems. Some adhesions go away by themselves. If they partly block your intestines, a diet low in fiber can allow food to move easily through the affected area. If you have a complete intestinal obstruction, it is life threatening. You should get immediate medical attention and may need surgery. NIH: National Institute of Diabetes and Digestive and Kidney Diseases","Adhesions are bands of scar tissue that form between internal organs or tissues within the body after injury or surgery. These bands can cause organs and tissues to stick together, potentially leading to pain, organ dysfunction, and blockages in the flow of bodily fluids. They often develop as part of the natural healing process but may also result from inflammation or infection.","The phenomenon you're describing could be related to adhesions. Adhesions are abnormal bands or tissues that can form between organs, surfaces within the body, or between an organ and the inner wall of the cavity containing it. These bands develop as part of the natural healing process in response to injury, surgery, inflammation, or infection. However, they can sometimes cause pain, bowel obstruction, or infertility if they affect critical structures. Internal scars (fibrosis) may also contribute to this sticking together effect but are not exactly the same as adhesions since fibrosis typically occurs at the site of injury rather than bridging between separate structures. It's essential to consult with a healthcare professional for accurate diagnosis and treatment options if experiencing such symptoms.","Yes, adhesions in the body can be likened to internal scars or fibrosis. Adhesions occur when internal tissues such as the lining of the abdominal cavity (the peritoneum) become stuck together due to inflammation or injury during surgery, infection, or other conditions. This results in bands or sheets of scar tissue that can cause organs and structures within the affected area to stick together, potentially leading to pain, organ dysfunction, and blockages. Fibrosis is also a type of excessive scarring where normal tissue is replaced with dense connective tissue, which can result in similar symptoms depending on its location in the body.",0.629357557637024,1.7718320885852603,2.180824126615013,17.57255064130119,30.31155740544612,26.83311894766252,15.849056603773583,14.953271028037385,13.2890365448505,27.16981132075472,29.90654205607477,30.564784053156146,0.0,0.0,0.0,10.638297872340424,11.702127659574469,14.893617021276595,33.33333333333333,20.75471698113208,30.434782608695656,16.129032258064516,14.965986394557824,20.0,0.8644953370094299,0.8492093682289124,0.8529108762741089,1.0,0.4365291595458984,0.5093263387680054,4,4,5
Mistral-7B-Instruct-v0.3,mistral_7b.yaml,none,layperson,12,Do you have information about Adoption,"do u have any info or stuff abt, like, when a kid gets taken in by another family n how that all works maybe?",What is the process involved when a child is placed with another family through adoption?,"Summary : Adoption brings a child born to other parents into a new family. Birth parents have a number of reasons for placing children for adoption. Overall, they want better lives for their children than they think they can give them. Children who are eligible for adoption come from many different settings. Some are in foster care, a temporary home setting. Other children live in orphanages or with birth relatives until they can be adopted. There are different kinds of adoption. Children may be adopted by a relative or a new family. Some parents adopt children from the U.S, and some adopt from abroad.","While I'm primarily designed to provide health-related information, I can certainly help with questions about adoption! Adoption is a legal process where a child who was born to one set of parents is raised by another family not related to the child biologically or genetically. The specifics of the process vary depending on factors such as the child's age, country of origin, and the type of adoption (domestic, international, foster care). It's always best to consult with an experienced adoption professional for detailed guidance tailored to your situation.","I'm not a social worker, but I can provide some general information about adoption processes. When a child is unable to live with their birth parents due to various reasons such as abandonment, neglect, or abuse, they may become available for adoption. The process of adopting a child varies depending on the country and state, but generally follows these steps:

1. Home study: A home study evaluation assesses whether potential adoptive parents are suitable caregivers for a child. This includes background checks, interviews, and home inspections.

2. Adoption agency/attorney selection: Choose an accredited adoption agency or attorney experienced in handling adoptions specific to your situation (domestic, international, foster care).

3. Waiting period: Depending on factors such as age, race, and special needs, there could be a waiting list for prospective families. Some families choose to work with older children, siblings, or those with special needs to reduce wait times.

4. Matching: Once approved, you will be matched with a child who meets your preferences and needs. In some cases, this may involve working through the foster care system where children are already living temporarily with foster families.

5. Legal proceedings: Finalize the legal aspects of the adoption through court hearings, typically requiring the consent of the child's birth parents. If the birth parents cannot be located or refuse to give consent, laws vary","The process of adopting a child involves several steps:

1. Home Study Evaluation: This is an assessment by a social worker to determine if the prospective adoptive parents are suitable for providing a safe, loving home for a child. It includes background checks, interviews, and home inspections.

2. Adoption Agency or Attorney Involvement: Prospective parents may work with an adoption agency or attorney who specializes in adoption. These professionals can help navigate the legal complexities and find potential matches.

3. Choosing an Adoptive Child: If working with an agency that has waiting children, parents will be presented with profiles of available children. Some families choose to pursue international or private domestic adoptions, which may involve different processes.

4. Legalization of Adoption: Once a match is made, the adoption must be legally finalized. This typically requires court proceedings where the rights of both birth parents (if they have not already terminated their parental rights) and the adoptive parents are addressed.

5. Post-Adoption Services: After the adoption is finalized, many agencies offer post-adoption services such as counseling, support groups, and educational resources to assist the new family during this transition period.",1.7468032786256589,1.439239359046182,1.175375295926604,30.713011872103664,38.16941423715433,38.43103461808886,13.259668508287293,14.983713355048858,11.808118081180814,23.204419889502763,28.66449511400652,28.044280442804432,0.0,0.0,0.0,13.513513513513514,32.432432432432435,27.027027027027028,20.0,13.953488372093023,16.129032258064516,16.129032258064516,19.51219512195122,20.202020202020204,0.8555577993392944,0.8463547825813293,0.8463675379753113,0.9999998807907104,0.5078020691871643,0.6497970819473267,4,4,2
Mistral-7B-Instruct-v0.3,mistral_7b.yaml,none,incomplete,13,What is (are) Adrenal Gland Cancer ?,"wht is that kinda cancer in the little glands on top the kidneys, like what does it even mean ?",What is the type of cancer affecting the parathyroid glands located above the kidneys?,"Your adrenal, or suprarenal, glands are located on the top of each kidney. These glands produce hormones that you can't live without, including sex hormones and cortisol, which helps you respond to stress and has many other functions. A number of disorders can affect the adrenal glands, including tumors. Tumors can be either benign or malignant. Benign tumors aren't cancer. Malignant ones are. Most adrenal gland tumors are benign. They usually do not cause symptoms and may not require treatment. Malignant adrenal gland cancers are uncommon. Types of tumors include - Adrenocortical carcinoma - cancer in the outer part of the gland - Neuroblastoma, a type of childhood cancer - Pheochromocytoma - a rare tumor that is usually benign Symptoms depend on the type of cancer you have. Treatments may include surgery, chemotherapy, or radiation therapy.","Adrenal gland cancer refers to malignant tumors that originate in the adrenal glands, which are located above each kidney. There are two main types of adrenal gland cancers: adrenocortical carcinoma (ACC), arising from cells that produce hormones like cortisol and aldosterone; and neuroblastoma or pheochromocytoma, originating from nerve tissue remnants present during fetal development. Symptoms may include high blood pressure, rapid heart rate, weight loss, back pain, and excessive production of certain hormones leading to various symptoms such as moon face, muscle weakness, and irregular menstruation. Treatment options depend on the type and stage of the cancer but often involve surgery, chemotherapy, radiation therapy, or targeted therapies.","The type of cancer you're referring to is Renal Cell Carcinoma (RCC), which originates from the cells of the kidney. However, the small gland-like structures on top of each kidney are actually called adrenal glands, not part of the kidney itself. Adrenal gland tumors are relatively rare compared to RCC and can be benign or malignant. If you suspect any issues with your kidneys or adrenal glands, please consult a healthcare professional for proper diagnosis and treatment options.","The question seems to contain an error as Parathyroid glands are not located above the kidneys; they're typically found in the neck near the thyroid gland. There isn't any specific type of cancer that exclusively affects the parathyroid glands. However, primary hyperparathyroidism can be caused by benign tumors (adenomas) or less commonly, carcinoma of the parathyroid glands. It's important to consult with a healthcare professional for accurate diagnosis and treatment options.",8.393521002055625,5.741572314204127,1.585525987179247,47.33931530817011,30.23761632106765,26.00915333526321,21.83406113537118,17.085427135678398,12.56544502617801,43.66812227074236,39.19597989949749,25.13089005235602,0.0,0.0,0.0,33.92857142857143,19.642857142857142,8.928571428571429,36.53846153846153,35.483870967741936,16.666666666666664,35.18518518518519,25.287356321839084,11.627906976744184,0.8753238916397095,0.8619942665100098,0.8495046496391296,0.9999998807907104,0.6013485789299011,0.6278522610664368,4,2,1
Mistral-7B-Instruct-v0.3,mistral_7b.yaml,none,overgeneralization,14,What is (are) Adrenal Gland Disorders ?,"what are the diff kinds of hormone gland problems in the body, esp the little ones by the kidneys, and how do those issues usually mess you up or make you feel off ?","What are the different types of endocrine disorders that affect the adrenal glands specifically, and what symptoms or feelings might these conditions typically cause?","The adrenal glands are small glands located on top of each kidney. They produce hormones that you can't live without, including sex hormones and cortisol. Cortisol helps you respond to stress and has many other important functions. With adrenal gland disorders, your glands make too much or not enough hormones. In Cushing's syndrome, there's too much cortisol, while with Addison's disease, there is too little. Some people are born unable to make enough cortisol. Causes of adrenal gland disorders include - Genetic mutations - Tumors including pheochromocytomas - Infections - A problem in another gland, such as the pituitary, which helps to regulate the adrenal gland - Certain medicines Treatment depends on which problem you have. Surgery or medicines can treat many adrenal gland disorders. NIH: National Institute of Child Health and Human Development","Adrenal gland disorders refer to conditions that affect the functioning of the adrenal glands, which are small endocrine glands located above each kidney. These glands produce hormones such as cortisol, aldosterone, and adrenaline.

Some common types of adrenal gland disorders include:

1. Cushing's syndrome: Overproduction of cortisol due to excessive intake of steroid medication or tumors in the pituitary gland or adrenal glands.
2. Conn's syndrome (primary hyperaldosteronism): Overproduction of aldosterone by one or both adrenal glands, leading to high blood pressure and low potassium levels.
3. Addison's disease (hypocortisolism): Underproduction of cortisol and aldosterone due to damage or destruction of the adrenal glands, often caused by an autoimmune disorder.
4. Pheochromocytoma: A rare tumor of the adrenal gland that produces excess amounts of adrenaline and noradrenaline, causing episodes of high blood pressure, sweating, and anxiety.
5. Non-functioning adenomas: Benign tumors of the adrenal gland that do not secrete any hormones. They can grow large enough to cause symptoms if","The two types of endocrine glands located near the kidneys are the adrenal glands (specifically, the adrenal cortex and medulla). Here's an overview of common disorders affecting these glands and their symptoms:

1. Adrenal Cortex Disorders:
   - Cushing's Syndrome: Overproduction of cortisol leads to weight gain, thin skin, moon face, high blood pressure, and increased susceptibility to infection.
   - Addison's Disease: Underproduction of corticosteroids results in fatigue, weakness, low blood sugar levels, salt cravings, and darkening of the skin.
   - Conn's Syndrome: Hyperaldosteronism caused by overactive adrenal glands can lead to high blood pressure, muscle weakness, and potassium deficiency.

2. Adrenal Medulla Disorders:
   - Pheochromocytoma: A tumor that secretes excessive amounts of epinephrine and norepinephrine, causing headaches, sweating, rapid heartbeat, anxiety, and hypertension.
   - Paraganglioma: Similar to pheochromocytoma but arises from extra-adrenal tissue; it may cause similar symptoms as well as facial flushing and diarrhea.","There are two main types of endocrine disorders that primarily affect the adrenal glands: Adrenal hyperplasia (AH) and Adrenal tumors (both benign and malignant).

1. Adrenal Hyperplasia:
   - Congenital Adrenal Hyperplasia (CAH): This is an inherited disorder caused by a deficiency in enzymes needed to produce certain hormones, such as cortisol and aldosterone. Symptoms can include excessive hair growth in females, early puberty, irregular menstruation, fatigue, nausea, vomiting, and salt cravings. In severe cases, it may lead to life-threatening conditions like dehydration, low blood pressure, and electrolyte imbalances.
   - Pheochromocytoma: A rare tumor arising from chromaffin cells of the adrenal medulla. It causes overproduction of catecholamines (epinephrine and norepinephrine), leading to symptoms like high blood pressure, sweating, headache, rapid heart rate, anxiety, and tremors. In some cases, episodes can be life-threatening due to sudden spikes in blood pressure.

2. Adrenal Tumors:
   - Benign Adrenal Tumors (",6.018127270243761,1.1657907815471666,1.803712455201524,47.87046324612585,38.17955580947228,35.764363377179585,21.05263157894737,16.479400749063668,11.194029850746269,40.0,25.46816479400749,25.37313432835821,0.0,0.0,0.0,36.84210526315789,17.543859649122805,10.526315789473683,32.30769230769231,14.925373134328357,8.333333333333332,34.42622950819672,16.129032258064516,9.30232558139535,0.8615760803222656,0.8339834213256836,0.8327197432518005,1.0,0.5124713182449341,0.7530295848846436,3,4,2
Mistral-7B-Instruct-v0.3,mistral_7b.yaml,none,typos_grammar,15,Do you have information about Advance Directives,"Do u have any informaiton abotu Advance Directvies, like what it is an how they work ?",What is Advanced Directive and how does it function in healthcare decision making?,"Summary : What kind of medical care would you want if you were too ill or hurt to express your wishes? Advance directives are legal documents that allow you to spell out your decisions about end-of-life care ahead of time. They give you a way to tell your wishes to family, friends, and health care professionals and to avoid confusion later on. A living will tells which treatments you want if you are dying or permanently unconscious. You can accept or refuse medical care. You might want to include instructions on - The use of dialysis and breathing machines - If you want to be resuscitated if your breathing or heartbeat stops - Tube feeding - Organ or tissue donation A durable power of attorney for health care is a document that names your health care proxy. Your proxy is someone you trust to make health decisions for you if you are unable to do so. NIH: National Cancer Institute","Yes, I can provide information about Advance Directives. An Advance Directive is a legal document that allows individuals to express their preferences for healthcare decisions in the event they become unable to make or communicate those decisions themselves due to illness or injury. There are two main types of advance directives: Living Will (or Medical Power of Attorney) and Durable Power of Attorney for Health Care. A Living Will outlines specific treatments an individual does or doesn't want if they have a terminal condition or persistent vegetative state, while a Durable Power of Attorney for Health Care appoints someone to make health care decisions on their behalf when they cannot do so themselves. It's essential to discuss these matters with family members, doctors, and lawyers to ensure your wishes are understood and respected.","An Advanced Directive (often referred to as Living Will or Healthcare Power of Attorney) is a legal document that communicates a person's wishes for future healthcare decisions in case they become unable to make or communicate those decisions themselves due to illness or incapacity. It helps ensure that their preferences regarding life-prolonging treatments, end-of-life care, organ donation, etc., are respected.

There are two main types of advanced directives:
1. Living Will: This outlines specific treatment choices you want or do not want when facing a terminal condition or permanent unconsciousness. For example, whether you wish to be kept alive by artificial means such as ventilators or feeding tubes.
2. Durable Power of Attorney for Health Care: Also known as a health care proxy, this appoints someone (your agent) to make healthcare decisions on your behalf if you cannot make them yourself. Your agent will follow the instructions you provided in your living will but can also use their judgment about other medical situations not covered therein.

Advanced directives should be discussed with family members, doctors, and lawyers to ensure everyone understands your wishes. They can be changed at any time while you are competent to do so.","An Advanced Directive (also known as Living Will or Healthcare Power of Attorney) is a legal document that communicates a person's wishes for future healthcare decisions if they become unable to make or communicate those decisions themselves due to illness or incapacity. It functions by providing guidance to healthcare providers about the kind of treatment or life-prolonging measures desired, such as resuscitation, artificial nutrition, or palliative care. The appointed healthcare proxy can also carry out these wishes when the individual cannot express them directly. This document helps ensure respect for patient autonomy and promotes informed consent in healthcare decision making.",2.5332481431728544,3.721532111087821,1.2440842839569397,39.55767417806677,46.87629186260619,37.395816645507615,23.57142857142857,23.631123919308354,12.096774193548386,41.42857142857143,44.38040345821326,29.83870967741936,0.0,0.0,0.0,25.0,38.333333333333336,18.33333333333333,33.33333333333333,34.84848484848485,27.500000000000004,28.571428571428577,36.50793650793651,22.0,0.873343288898468,0.8767391443252563,0.8657222986221313,0.9999999403953552,0.3716906011104584,0.6944020390510559,4,5,4
Mistral-7B-Instruct-v0.3,mistral_7b.yaml,none,ambiguity,16,Do you have information about African American Health,"Do you have any info on health stuff for Black people, like the kinds of problems that come up more or things they should watch for?",What are common health issues and potential concerns specific to African Americans that require monitoring?,"Summary : Every racial or ethnic group has specific health concerns. Differences in the health of groups can result from - Genetics - Environmental factors - Access to care - Cultural factors On this page, you'll find links to health issues that affect African Americans.","Yes, I can provide some general insights into African American health based on established research and statistics. It's important to note that these observations apply broadly but may not reflect every individual's experience due to genetic diversity within populations. Here are some key points:

1. Higher prevalence of certain diseases: Compared to non-Hispanic whites, African Americans have higher rates of conditions such as hypertension (high blood pressure), diabetes, obesity, heart disease, stroke, asthma, prostate cancer, and sickle cell anemia.

2. Disparities in healthcare access: There is evidence suggesting disparities in healthcare access for African Americans compared to other racial/ethnic groups. This includes factors like insurance coverage, quality of care received, and geographic distribution of healthcare facilities.

3. Social determinants of health: Factors such as socioeconomic status, education level, housing, employment, and environmental exposures play significant roles in shaping health outcomes among African Americans. These social determinants often contribute to health disparities between different racial/ethnic groups.

4. Cultural competency: To improve healthcare outcomes for African Americans, it's essential to address cultural barriers and promote culturally sensitive care practices. This involves understanding unique cultural beliefs, values, and communication styles related to health and wellness within this population.","While it's important to note that genetics, lifestyle, and environmental factors can vary greatly among individuals within any ethnic group, there are certain health conditions that disproportionately affect African Americans compared to other populations in the United States. Here are some key points:

1. High Blood Pressure (Hypertension): African Americans tend to develop high blood pressure at an earlier age and have higher rates of hypertension than other racial/ethnic groups. It's crucial to get regular check-ups and maintain a healthy diet low in sodium, saturated fats, and added sugars.

2. Heart Disease: Due to higher rates of hypertension, diabetes, and obesity, heart disease is a significant concern for many African Americans. Regular exercise, maintaining a balanced diet, and managing chronic conditions effectively can help reduce risk.

3. Diabetes: African Americans are 1.7 times more likely to have diabetes than non-Hispanic whites. Early detection through routine screenings and proper management with medication, diet, and exercise can improve outcomes.

4. Sickle Cell Disease: This inherited red blood cell disorder affects primarily people of African, Mediterranean, Middle Eastern, Indian, and Caribbean ancestry. In the U.S., about 1 out of every 365 African American births is affected by sickle cell disease.

5. Prostate Cancer: African","Common health issues and potential concerns specific to African Americans that require monitoring include:

1. Hypertension (High Blood Pressure): More prevalent in the African American population compared to other racial groups. It increases the risk of heart disease and stroke. Regular check-ups and medication management are essential.

2. Diabetes Mellitus Type 2: Higher incidence rates among African Americans due to genetic predisposition and lifestyle factors such as obesity. Proper diet, exercise, and regular blood glucose monitoring can help manage this condition.

3. Obesity: A higher percentage of African Americans struggle with obesity than other racial/ethnic groups. This contributes to an increased risk for diabetes, hypertension, and cardiovascular diseases. Weight loss strategies should be tailored to individual needs.

4. Sickle Cell Disease: A hereditary disorder more common in people of African descent. It affects red blood cells' shape, leading to various complications like anemia, pain crises, and organ damage. Early diagnosis and proper treatment can improve outcomes.

5. Cancer: Some types of cancer, such as prostate cancer in men and breast cancer in women, have higher incidences within the African American community. Regular screenings and early detection efforts are crucial.

6. Mental Health Disorders: Depression, anxiety, and substance abuse disorders",1.0177531794947527,1.2986903468213935,0.7106076453509426,28.123121718881087,28.90623015663171,27.163110476134005,9.95850622406639,8.264462809917356,7.659574468085106,19.08713692946058,15.702479338842975,15.319148936170212,0.0,0.0,0.0,25.0,25.0,31.25,4.705882352941177,4.2105263157894735,5.319148936170213,7.920792079207921,7.207207207207207,9.09090909090909,0.8500099778175354,0.8434817790985107,0.8386059403419495,1.0,0.794005274772644,0.6759609580039978,4,3,2
Mistral-7B-Instruct-v0.3,mistral_7b.yaml,none,layperson,17,What is (are) After Surgery ?,"what all can happn after you get somthing done at the hospitol, like after they fix stuff and your home agian ?",What potential complications or side effects might occur following hospital treatment and discharge?,"After any operation, you'll have some side effects. There is usually some pain with surgery. There may also be swelling and soreness around the area that the surgeon cut. Your surgeon can tell you which side effects to expect. There can also be complications. These are unplanned events linked to the operation. Some complications are infection, too much bleeding, reaction to anesthesia, or accidental injury. Some people have a greater risk of complications because of other medical conditions. Your surgeon can tell you how you might feel and what you will be able to do - or not do - the first few days, weeks, or months after surgery. Some other questions to ask are - How long you will be in the hospital - What kind of supplies, equipment, and help you might need when you go home - When you can go back to work - When it is ok to start exercising again - Are they any other restrictions in your activities Following your surgeon's advice can help you recover as soon as possible. Agency for Healthcare Quality and Research","""After Surgery"" refers to the period that follows a surgical procedure, during which the body heals and recovers from the operation. This phase involves various stages such as immediate recovery in the post-anesthesia care unit, hospital stay for monitoring and initial healing, and then transitioning to home with follow-up care by healthcare providers or self-care instructions. Potential complications after surgery may include infection, bleeding, adverse reactions to medications, or issues related to anesthesia. It's essential to closely follow your surgeon's advice regarding wound care, activity restrictions, dietary guidelines, and any prescribed medication during this time.","After hospital discharge, several things may occur as part of the recovery process:

1. Follow-up appointments with doctors or specialists to monitor progress and address any concerns.
2. Prescription medications for pain management, prevention of complications, or ongoing treatment.
3. Home healthcare services such as nursing care, physical therapy, occupational therapy, or speech therapy if needed.
4. Limitations in daily activities (e.g., lifting heavy objects, driving) during the healing period.
5. Dietary restrictions or recommendations to aid in recovery.
6. Wound care instructions if applicable.
7. Emotional support from family, friends, or mental health professionals to cope with the stress and changes associated with illness or surgery.
8. Continuous monitoring of symptoms and reporting any unusual developments to healthcare providers.","Following hospital treatment and discharge, several potential complications or side effects may arise depending on the nature of the initial condition, surgery, medications used, and individual patient factors. Here are some common examples:

1. Infection at the surgical site or catheter insertion sites
2. Allergic reactions to medications
3. Post-operative pain and difficulty managing it effectively
4. Blood clots (deep vein thrombosis) due to immobility during recovery
5. Pneumonia from inactivity or breathing difficulties after certain surgeries
6. Wound dehiscence (opening of the incision)
7. Adverse effects related to anesthesia, such as nausea, vomiting, headache, or confusion
8. Readmission for worsening symptoms or complications not addressed during the initial stay
9. Mental health issues like depression or anxiety, especially following major surgeries or prolonged hospital stays
10. Medication errors or interactions leading to unwanted side effects or reduced efficacy",1.9945785903414892,1.076360272807111,1.7520826770304827,34.74326153280563,33.39567286609624,37.59126365519511,14.9812734082397,8.934707903780069,10.42345276872964,27.71535580524344,21.305841924398624,20.84690553745928,0.0,0.0,0.0,17.1875,12.5,17.1875,22.0,12.12121212121212,16.176470588235293,19.29824561403509,12.307692307692308,16.666666666666668,0.8609049320220947,0.8362624049186707,0.8339385390281677,1.0,0.2722005844116211,0.3033017516136169,4,4,3
Mistral-7B-Instruct-v0.3,mistral_7b.yaml,none,incomplete,18,Do you have information about Air Pollution,do u have any info on bad air stuff and what it can do?,What health effects may poor air quality cause?,"Summary : Air pollution is a mixture of solid particles and gases in the air. Car emissions, chemicals from factories, dust, pollen and mold spores may be suspended as particles. Ozone, a gas, is a major part of air pollution in cities. When ozone forms air pollution, it's also called smog. Some air pollutants are poisonous. Inhaling them can increase the chance you'll have health problems. People with heart or lung disease, older adults and children are at greater risk from air pollution. Air pollution isn't just outside - the air inside buildings can also be polluted and affect your health. Environmental Protection Agency","Yes, I can provide some basic information about air pollution. Air pollution refers to the introduction of harmful substances into Earth's atmosphere, primarily from human activities such as burning fossil fuels, industrial processes, and deforestation. These pollutants can include particulate matter, sulfur dioxide, nitrogen oxides, carbon monoxide, and ozone. Prolonged exposure to high levels of air pollution can lead to various health issues, including respiratory problems (such as asthma), heart disease, stroke, and even premature death in severe cases. It is important for individuals to be aware of local air quality indexes and take necessary precautions when air pollution levels are high.","Yes, poor air quality can have several negative effects on health. Here are some potential issues:

1. Respiratory problems: Exposure to polluted air can worsen existing respiratory conditions such as asthma or chronic obstructive pulmonary disease (COPD). It may also increase susceptibility to developing these conditions in the long term.
2. Cardiovascular diseases: Long-term exposure to air pollution has been linked to an increased risk of heart disease, stroke, and premature death. This is particularly true for fine particulate matter (PM2.5) and nitrogen dioxide (NO2) emissions.
3. Lung cancer: Some studies suggest that there might be a link between lung cancer and prolonged exposure to certain types of air pollution, although more research is needed to confirm this association.
4. Neurological disorders: There's evidence indicating that exposure to air pollution could contribute to cognitive decline, dementia, and even Parkinson's disease in some cases.
5. Pregnancy complications: Poor air quality during pregnancy may lead to low birth weight, preterm delivery, and developmental delays in infants.
6. Eye irritation: Short-term exposure to polluted air can cause eye redness, watering, and discomfort due to inflammation.
7. Headaches and fatigue: Air pollution can","Poor air quality can lead to various short-term and long-term health issues. Short-term effects include irritation of eyes, nose, and throat; coughing; phlegm production; and difficulty breathing. In more severe cases, it can exacerbate chronic respiratory conditions such as asthma or COPD (Chronic Obstructive Pulmonary Disease). Long-term exposure to polluted air has been linked to increased risk of developing lung cancer, heart disease, stroke, and even premature death. It also affects children's growth and development, particularly in areas with high levels of particulate matter.",6.025712682359546,2.387281633030246,1.198564224963221,38.16061612885551,36.80866742423344,30.22994032070608,17.910447761194032,13.10344827586207,13.829787234042554,32.83582089552239,29.655172413793103,26.595744680851062,0.0,0.0,0.0,12.5,20.833333333333336,6.25,13.953488372093023,11.235955056179774,6.666666666666667,13.186813186813184,14.598540145985403,6.451612903225808,0.8628172874450684,0.8408260345458984,0.8527224063873291,0.9999998807907104,0.6020172238349915,0.5878321528434753,4,3,4
Mistral-7B-Instruct-v0.3,mistral_7b.yaml,none,overgeneralization,19,Do you have information about Alcohol,do you have any info on things people use or drink and how that,"What substances (including foods, drinks, supplements, medications) might affect health outcomes in individuals?","Summary : If you are like many Americans, you drink alcohol at least occasionally. For many people, moderate drinking is probably safe. It may even have health benefits, including reducing your risk of certain heart problems. For most women and for most people over 65, moderate drinking is no more than three drinks a day or seven drinks per week. For men under 65, it is no more than four drinks a day or 14 drinks per week. Some people should not drink at all, including alcoholics, children, pregnant women, people taking certain medicines, and people with certain medical conditions. If you have questions about whether it is safe for you to drink, speak with your health care provider. Anything more than moderate drinking can be risky. Heavy drinking can lead to alcoholism and alcohol abuse, as well as injuries, liver disease, heart disease, cancer, and other health problems. It can also cause problems at home, at work, and with friends. NIH: National Institute on Alcohol Abuse and Alcoholism","Yes, I can provide some general information about alcohol. Alcohol is a psychoactive substance containing ethanol, typically produced by fermentation of sugars. It's found in beer, wine, liquor, and other beverages. Regular consumption can lead to short-term effects like impaired judgment, coordination, and reaction time. Long-term use may result in chronic diseases such as liver disease (e.g., cirrhosis), heart disease, certain types of cancer, mental health problems, and addiction. Moderate drinking is defined as up to one drink per day for women and up to two drinks per day for men, according to the Dietary Guidelines for Americans. However, it's important to note that no amount of alcohol is considered safe during pregnancy due to potential risks to the developing fetus. Always consult with a healthcare provider for personalized advice regarding alcohol consumption.","affects their blood pressure?

Certain substances can significantly impact an individual's blood pressure. Here are some examples:

1. Alcohol: Consuming alcohol can cause both short-term (temporary) increases in blood pressure as well as long-term elevations if consumed excessively. Moderate drinking is defined as up to one drink per day for women and up to two drinks per day for men.

2. Caffeine: Found in coffee, tea, energy drinks, and chocolate, caffeine can temporarily increase blood pressure by stimulating the heart and constricting blood vessels. However, regular consumption may lead to habituation, where the body adjusts and the effect on blood pressure decreases over time.

3. Salt (Sodium): A high sodium diet can raise blood pressure due to increased fluid retention in the body. The American Heart Association recommends limiting daily sodium intake to less than 2,300 milligrams (mg), with an ideal limit of no more than 1,500 mg per day for most adults.

4. Nicotine: Smoking tobacco products causes immediate increases in blood pressure, which can last for several minutes after smoking. Long-term exposure to nicotine also contributes to chronic hypertension.

5. Certain foods: Foods rich in saturated fats, trans fats, and ch","Several substances can potentially impact health outcomes in individuals:

1. Foods: Certain foods may contribute to weight gain or obesity if consumed excessively, increasing risks for conditions like diabetes, heart disease, and certain types of cancer. On the other hand, nutrient-dense foods such as fruits, vegetables, lean proteins, and whole grains promote overall health.

2. Drinks: Excessive consumption of sugary beverages, alcohol, and caffeine can lead to various health issues including tooth decay, liver disease, dehydration, and increased risk of chronic diseases. Water is essential for maintaining hydration and supporting numerous bodily functions.

3. Supplements: While dietary supplements can help fill nutritional gaps, they should not replace a balanced diet. Some supplements may interact with medications or have adverse effects when taken improperly. It's important to consult a healthcare provider before starting any new supplement regimen.

4. Medications: Prescription drugs, over-the-counter medicines, and herbal remedies can all influence health outcomes. They can treat illnesses effectively but also come with potential side effects and interactions that could harm an individual's wellbeing. Always follow your doctor's instructions regarding medication use.

5. Tobacco products and recreational drugs: Smoking tobacco significantly increases the risk of lung cancer, heart disease",4.033736599728332,2.263057062902305,4.783900824611663,37.555221231894826,34.36716548488398,37.60047904462846,15.333333333333332,12.324929971988798,12.188365650969528,34.66666666666667,28.571428571428577,29.362880886426595,0.0,0.0,0.0,24.0,18.666666666666668,12.0,28.57142857142857,14.893617021276595,10.112359550561797,26.08695652173913,16.56804733727811,10.975609756097562,0.8609704375267029,0.8313162326812744,0.8346251845359802,1.0,0.6680300831794739,0.4097448587417602,3,2,2
Mistral-7B-Instruct-v0.3,mistral_7b.yaml,none,typos_grammar,20,What is (are) Alcoholism and Alcohol Abuse ?,"What is alchoholism and alchohol abuse, are they the same thing or not ?",Is alcoholism and alcohol use disorder the same condition?,"For most adults, moderate alcohol use is probably not harmful. However, about 18 million adult Americans have an alcohol use disorder. This means that their drinking causes distress and harm. It includes alcoholism and alcohol abuse. Alcoholism, or alcohol dependence, is a disease that causes - Craving - a strong need to drink - Loss of control - not being able to stop drinking once you've started - Physical dependence - withdrawal symptoms - Tolerance - the need to drink more alcohol to feel the same effect With alcohol abuse, you are not physically dependent, but you still have a serious problem. The drinking may cause problems at home, work, or school. It may cause you to put yourself in dangerous situations, or lead to legal or social problems. Another common problem is binge drinking. It is drinking about five or more drinks in two hours for men. For women, it is about four or more drinks in two hours. Too much alcohol is dangerous. Heavy drinking can increase the risk of certain cancers. It can cause damage to the liver, brain, and other organs. Drinking during pregnancy can harm your baby. Alcohol also increases the risk of death from car crashes, injuries, homicide, and suicide. If you want to stop drinking, there is help. Start by talking to your health care provider. Treatment may include medicines, counseling, and support groups. NIH: National Institute on Alcohol Abuse and Alcoholism","Alcoholism, also known as alcohol use disorder, is a chronic relapsing brain disease characterized by an impaired ability to stop or control alcohol consumption despite adverse social, occupational, or health consequences. It's marked by tolerance, withdrawal symptoms, and a persistent desire or unsuccessful efforts to cut down or control alcohol use.

Alcohol abuse refers to a pattern of drinking that causes significant problems or distress in one's personal life, relationships, career, or physical health. This may include recurrent alcohol use resulting in failure to fulfill major responsibilities at work, school, or home; recurrent alcohol-related legal problems; repeated alcohol-related physical hazards; continued alcohol use despite having ongoing relationship problems caused or worsened by alcohol; and alcohol use that results in social or interpersonal problems or makes the person vulnerable to physical harm. While not classified as a full-blown addiction, it indicates harmful patterns of alcohol use.","Alcoholism (also known as alcohol use disorder) and alcohol abuse are related but distinct conditions. Both involve problematic drinking that causes significant problems in an individual's life, but there are differences between them.

Alcohol abuse refers to a pattern of excessive drinking that results in harm to one's health, relationships, or ability to fulfill major responsibilities at work, school, or home. However, it does not necessarily mean that the person is physically dependent on alcohol.

On the other hand, alcoholism involves both physical dependence and compulsive alcohol use despite negative consequences. It includes tolerance (needing more alcohol to feel its effects), withdrawal symptoms when alcohol use stops, unsuccessful attempts to cut down or control drinking, spending a lot of time drinking or recovering from its effects, giving up important activities because of alcohol use, continuing to drink even though it causes physical or psychological problems, and using alcohol in dangerous situations such as driving.

In summary, while alcohol abuse can lead to alcoholism if left untreated, they are not exactly the same condition. Alcohol abuse focuses primarily on harmful behavior patterns, whereas alcoholism also encompasses addiction and physical dependency.","Yes, they refer to the same condition. Alcoholism is an older term that has fallen out of favor in recent years due to its negative connotations and lack of specificity. The preferred term now is Alcohol Use Disorder (AUD), which encompasses a range of problems related to excessive or problematic drinking. Both terms can be used interchangeably to describe this chronic relapsing brain disease characterized by impaired control over alcohol use, preoccupation with alcohol, continued use despite adverse consequences, and distortions in thinking, most often denial.",2.0002563176915538,4.388366979034219,0.4198038631157348,35.45909442528874,43.94891799564412,20.079563183058426,15.30054644808743,16.707616707616708,10.526315789473683,35.51912568306011,43.73464373464373,21.710526315789476,0.0,0.0,0.0,19.090909090909093,29.09090909090909,9.090909090909092,33.33333333333333,37.64705882352941,32.25806451612903,24.277456647398846,32.82051282051282,14.184397163120568,0.8544676303863525,0.8565856218338013,0.8338567018508911,1.0,0.7763404846191406,0.6899899244308472,4,4,3
Mistral-7B-Instruct-v0.3,mistral_7b.yaml,none,ambiguity,21,What is (are) Allergy ?,"when your body acts up around certain stuff and you get weird reactions, what is that whole thing actually?",What condition causes abnormal bodily responses to specific substances?,"An allergy is a reaction by your immune system to something that does not bother most other people. People who have allergies often are sensitive to more than one thing. Substances that often cause reactions are - Pollen - Dust mites - Mold spores - Pet dander - Food - Insect stings - Medicines Normally, your immune system fights germs. It is your body's defense system. In most allergic reactions, however, it is responding to a false alarm. Genes and the environment probably both play a role. Allergies can cause a variety of symptoms such as a runny nose, sneezing, itching, rashes, swelling, or asthma. Allergies can range from minor to severe. Anaphylaxis is a severe reaction that can be life-threatening. Doctors use skin and blood tests to diagnose allergies. Treatments include medicines, allergy shots, and avoiding the substances that cause the reactions. NIH: National Institute of Allergy and Infectious Diseases","An allergy is an adverse immune response to normally harmless substances, such as pollen, foods, dust mites, or pets. The immune system produces antibodies called immunoglobulin E (IgE), which cause the release of chemicals like histamine when exposed to these allergens. These chemicals can lead to symptoms such as itching, sneezing, runny nose, rashes, swelling, and in severe cases, anaphylaxis. There are various types of allergies including hay fever, food allergies, drug allergies, and insect sting allergies among others.","The condition where one's body reacts adversely to specific substances is known as an allergy or hypersensitivity. Allergies occur when the immune system overreacts to normally harmless substances called allergens. Common allergens include pollen, dust mites, pet dander, foods, insect stings, and medications. Symptoms can range from mild (such as sneezing, itching, or hives) to severe (anaphylaxis). If you suspect you have an allergy, consult with a healthcare professional for proper diagnosis and treatment options.","The condition that causes abnormal bodily responses to specific substances is called an allergic reaction or allergy. Allergies occur when the immune system overreacts to typically harmless substances such as pollen, foods, dust mites, pets, insect stings, and medications. This response can lead to symptoms like itching, hives, swelling, difficulty breathing, and in severe cases, anaphylaxis.",4.968593645531442,2.778696073929868,1.1146279793535152,33.559488387442336,33.01899223215003,27.441556559291453,21.80094786729858,23.18840579710145,19.047619047619047,36.96682464454976,35.7487922705314,31.746031746031743,0.0,0.0,0.0,28.169014084507044,23.943661971830984,16.901408450704224,51.28205128205128,53.125,41.37931034482759,36.36363636363636,33.009708737864074,24.000000000000004,0.8732991814613342,0.8832857012748718,0.876494288444519,1.0,0.4340211749076843,0.372270405292511,4,5,5
Mistral-7B-Instruct-v0.3,mistral_7b.yaml,none,layperson,22,What is (are) Alpha-1 Antitrypsin Deficiency ?,"what is that inherted thing where your body doesnt make enough of some protien to protect the lungs n maybe liver too, like why do ppl get it and what does it even do ?","What is the inherited condition known as Protein Deficiency Disorder, specifically focusing on Alpha-1 Antitrypsin Deficiency, affecting both the lungs and possibly the liver?","Alpha-1 antitrypsin deficiency (AAT deficiency) is an inherited condition that raises your risk for lung and liver disease. Alpha-1 antitrypsin (AAT) is a protein that protects the lungs. The liver makes it. If the AAT proteins aren't the right shape, they get stuck in the liver cells and can't reach the lungs. Symptoms of AAT deficiency include - Shortness of breath and wheezing - Repeated lung infections - Tiredness - Rapid heartbeat upon standing - Vision problems - Weight loss Some people have no symptoms and do not develop complications. Blood tests and genetic tests can tell if you have it. If your lungs are affected, you may also have lung tests. Treatments include medicines, pulmonary rehab, and extra oxygen, if needed. Severe cases may need a lung transplant. Not smoking can prevent or delay lung symptoms. NIH: National Heart, Lung, and Blood Institute","Alpha-1 Antitrypsin Deficiency (AATD), also known as PiZ deficiency, is an inherited disorder where there's a lack or abnormal form of alpha-1 antitrypsin, a protein made in the liver that helps protect the lungs from damage. In people with AATD, this protective protein isn't produced correctly, leading to its accumulation in the liver instead of being released into the bloodstream. This can cause liver disease in some individuals. Additionally, due to the low levels of alpha-1 antitrypsin in the blood, the lungs may be damaged over time by enzymes called proteases, potentially resulting in emphysema or chronic obstructive pulmonary disease (COPD).","The condition you're referring to is known as Alpha-1 Antitrypsin Deficiency (AATD). It's an inherited disorder in which a mutation prevents the normal production or function of alpha-1 antitrypsin (AAT), a protein made by the liver that helps protect the lungs and potentially other organs such as the liver from damage caused by inflammation.

People with AATD have low levels of AAT in their blood due to genetic variations in the SERPINA1 gene, which codes for this protein. This deficiency can lead to early-onset emphysema and chronic obstructive pulmonary disease (COPD) because the lack of AAT allows neutrophils (a type of white blood cell) to break down elastin fibers in the lungs, causing them to become weakened and damaged over time. In severe cases, liver disease may also occur due to accumulation of misfolded AAT proteins within liver cells.

Approximately 1 in 3,000 people worldwide carry one copy of the defective allele, making them carriers without symptoms but at risk of passing the trait onto their offspring. When both parents are carriers, there is a 25% chance with each pregnancy that their child will inherit two copies of the defective allele and develop AATD.","The Protein Deficiency Disorder you're referring to is primarily Alpha-1 Antitrypsin Deficiency (AATD). This genetic disorder results from mutations in the SERPINA1 gene, which produces alpha-1 antitrypsin, a protein that helps protect the lungs and liver.

In AATD, there's a deficiency or abnormal form of this protein, leading to increased susceptibility to conditions such as emphysema and chronic obstructive pulmonary disease (COPD) due to lung tissue damage. Some individuals may also develop liver disease, including cirrhosis, because the abnormal protein can accumulate and cause liver cell damage over time. It's important to note that not everyone with AATD will develop symptoms, but those who do typically show signs later in life.",2.4946883861217835,3.144641846612533,2.14248131009126,34.51961726010336,41.455329708439685,36.7201727178455,19.21397379912664,17.034700315457414,18.10699588477366,26.20087336244541,33.43848580441641,30.45267489711934,0.0,0.0,0.0,16.417910447761194,26.86567164179105,17.91044776119403,26.82926829268293,24.65753424657534,24.0,20.37037037037037,25.71428571428571,20.512820512820515,0.8668904900550842,0.8538113832473755,0.8619756698608398,1.0,0.3786769509315491,0.7806953191757202,4,5,4
Mistral-7B-Instruct-v0.3,mistral_7b.yaml,none,incomplete,23,What is (are) Alzheimer's Caregivers ?,"what are the people who take care of someone like this with bad memory stuff called, and what do they even do for them?","What is the profession of individuals who provide care for patients with memory impairments, and what tasks do they perform in their role?","Caring for someone who has Alzheimer's disease (AD) can be stressful and overwhelming. It's important to take care of yourself. Ask for and accept help. Talk to the doctor. Find out what treatments might help control symptoms or address behavior problems. Find a support group. Others who have ""been there"" may be able to help and will understand. If there are times of day that the person is less confused or more cooperative, take advantage of that in daily routines. Consider using adult day care or respite services. These offer a break with the peace of mind that the patient is being taken care of. Begin to plan for the future. This may include - Getting financial and legal documents in order - Looking into assisted living or nursing homes - Finding out what your health insurance and Medicare will cover NIH: National Institute on Aging","Alzheimer's caregivers are individuals who provide assistance, support, and care to people with Alzheimer's disease or other forms of dementia. These caregivers can be family members, friends, professional healthcare workers, or paid home health aides. They help manage daily activities such as personal care, medication management, meal preparation, transportation, and providing emotional support for both the patient and their loved ones. Their role often involves understanding the progression of the disease, learning strategies to cope with challenging behaviors, and advocating for the needs of the person they care for.","The professionals who provide care to individuals with memory issues or dementia are typically referred to as Caregivers or Memory Care Specialists. Their roles can vary depending on the level of assistance required but often include:

1. Personal Care: Helping with daily activities such as bathing, dressing, eating, and using the bathroom.
2. Medication Management: Ensuring medications are taken correctly and at the right times.
3. Safety Monitoring: Making sure the environment is safe and secure to prevent accidents.
4. Social Interaction: Encouraging engagement in social activities to stimulate mental function and reduce feelings of isolation.
5. Emotional Support: Offering comfort, companionship, and understanding during challenging moments.
6. Healthcare Coordination: Working closely with healthcare providers, therapists, and other professionals involved in the person's care.
7. Household Tasks: Assisting with chores around the house, shopping, cooking, and managing finances if necessary.","The professionals who provide care for patients with memory impairments, such as Alzheimer's disease or dementia, are typically called Memory Care Specialists, Geriatric Nurses, Dementia Care Coordinators, or Dementia Caregivers. Their roles may include:

1. Assessing patient needs: They evaluate each patient to determine their specific cognitive, physical, emotional, and social requirements.
2. Developing care plans: Based on assessments, they create individualized care plans that address all aspects of the patient's well-being.
3. Administering medication: They ensure medications are taken correctly according to the prescribed schedule.
4. Monitoring progress: They track changes in the patient's condition over time and adjust care plans accordingly.
5. Providing support: They offer emotional support to both the patient and their family members during challenging times.
6. Facilitating activities: They organize engaging activities designed to stimulate mental function, improve quality of life, and reduce feelings of isolation.
7. Enhancing safety: They make modifications to the environment to minimize risks associated with memory loss, such as falls.
8. Collaborating with healthcare providers: They work closely with doctors, therapists, and other healthcare professionals to coordinate comprehensive care.",1.302820706150495,0.5368952589834796,1.0334693026422512,33.23833887101132,35.15638751323824,35.32331636462874,13.392857142857142,10.294117647058824,11.39240506329114,29.464285714285715,24.264705882352946,23.417721518987346,0.0,0.0,0.0,9.523809523809524,9.523809523809524,14.285714285714285,14.285714285714285,9.375,10.843373493975903,11.428571428571429,9.448818897637794,12.32876712328767,0.8456318378448486,0.8351141214370728,0.8337709307670593,1.0,0.5579156279563904,0.6242581605911255,4,2,2
Mistral-7B-Instruct-v0.3,mistral_7b.yaml,none,overgeneralization,24,What is (are) Alzheimer's Disease ?,"what is that kind of old-age brain/memory problem where poeple get real forgetfull and confused over time, like is it just normal aging or some bigger mental health thing or what dose it even mean?","What is the condition known as age-related memory loss or cognitive decline, and how does it differ from typical aging or larger mental health issues?","Alzheimer's disease (AD) is the most common form of dementia among older people. Dementia is a brain disorder that seriously affects a person's ability to carry out daily activities. AD begins slowly. It first involves the parts of the brain that control thought, memory and language. People with AD may have trouble remembering things that happened recently or names of people they know. A related problem, mild cognitive impairment (MCI), causes more memory problems than normal for people of the same age. Many, but not all, people with MCI will develop AD. In AD, over time, symptoms get worse. People may not recognize family members. They may have trouble speaking, reading or writing. They may forget how to brush their teeth or comb their hair. Later on, they may become anxious or aggressive, or wander away from home. Eventually, they need total care. This can cause great stress for family members who must care for them. AD usually begins after age 60. The risk goes up as you get older. Your risk is also higher if a family member has had the disease. No treatment can stop the disease. However, some drugs may help keep symptoms from getting worse for a limited time. NIH: National Institute on Aging","Alzheimer's disease is a progressive neurodegenerative disorder that affects memory, thinking, and behavior. It is characterized by the buildup of abnormal protein deposits called amyloid plaques and tau tangles in the brain. These deposits damage and kill nerve cells, leading to loss of connections between neurons and eventual death of those cells. This results in symptoms such as memory loss, confusion, and changes in mood or personality. There is currently no cure for Alzheimer's disease, but treatments may help manage symptoms and improve quality of life.","The condition you're referring to is likely Alzheimer's disease, which is a progressive disorder that causes memory loss and cognitive decline. It's not a part of regular aging; however, age is the greatest known risk factor for this disease. Other dementias such as vascular dementia can also cause similar symptoms due to issues with blood flow in the brain. If someone experiences significant memory loss, confusion, and difficulty performing everyday tasks, they should consult a healthcare professional for an evaluation. Early diagnosis and treatment may help slow down the progression of these conditions.","The condition you're referring to is often called Age-Associated Memory Impairment (AAMI) or Mild Cognitive Impairment (MCI). These conditions involve minor but measurable and noticeable declines in cognition beyond what might be expected from normal aging. This can include difficulties with remembering names, faces, or recent events.

It differs from typical aging in that the changes are more significant than those associated with normal aging. However, it's important to note that not everyone who experiences AAMI will develop Alzheimer's disease or other dementias.

In contrast, larger mental health issues such as depression, anxiety disorders, bipolar disorder, schizophrenia, etc., while they may also affect memory, typically present with a broader range of symptoms affecting mood, behavior, perception, and/or thought processes.",0.58570792337925,0.6785273056613248,2.0748170417731564,23.806286577297865,25.43215494996593,31.42038572864349,15.547703180212014,12.587412587412588,11.285266457680253,22.61484098939929,30.069930069930063,31.347962382445143,0.0,0.0,0.0,5.681818181818182,14.772727272727272,11.363636363636363,14.285714285714285,29.545454545454547,23.809523809523807,8.130081300813007,19.6969696969697,15.384615384615383,0.8474294543266296,0.8518494367599487,0.8461402654647827,1.0,0.4827484786510467,0.6104362607002258,4,4,3
Mistral-7B-Instruct-v0.3,mistral_7b.yaml,none,typos_grammar,25,What is (are) Amblyopia ?,"what is amblyopai exactly , and how dose it affect the eye ?",What is the definition of amblyopia and how does it impact vision in the affected eye?,"Amblyopia, or ""lazy eye,"" is the most common cause of visual impairment in children. It happens when an eye fails to work properly with the brain. The eye may look normal, but the brain favors the other eye. In some cases, it can affect both eyes. Causes include - Strabismus - a disorder in which the two eyes don't line up in the same direction - Refractive error in an eye - when one eye cannot focus as well as the other, because of a problem with its shape. This includes nearsightedness, farsightedness, and astigmatism. - Cataract - a clouding in the lens of the eye It can be hard to diagnose amblyopia. It is often found during a routine vision exam. Treatment for amblyopia forces the child to use the eye with weaker vision. There are two common ways to do this. One is to have the child wear a patch over the good eye for several hours each day, over a number of weeks to months. The other is with eye drops that temporarily blur vision. Each day, the child gets a drop of a drug called atropine in the stronger eye. It is also sometimes necessary to treat the underlying cause. This could include glasses or surgery. NIH: National Eye Institute","Amblyopia, also known as ""lazy eye,"" is a neuro-developmental vision condition in which an eye fails to achieve normal visual acuity or alignment due to abnormal visual experience early in life. It's often caused by uncorrected refractive errors, misalignment of the eyes (strabismus), or a high amount of cloudiness (cataract) in the newborn's eye. The brain ignores the image from the amblyopic eye, resulting in reduced vision in that eye compared to the other one. If left untreated, it can lead to permanent vision loss in the affected eye. Treatments may include glasses, patches, drops, or surgery.","Amblyopia, often referred to as ""lazy eye,"" is a neuro-developmental vision condition in which the brain and the eye are not aligned properly. This misalignment causes one or both eyes to lose sharpness of sight, even when glasses can correct the eye's focusing problem. The brain favors the other eye, effectively ignoring the weaker eye, leading to reduced visual acuity in that eye over time. If left untreated, amblyopia can lead to permanent vision loss in the affected eye. It usually develops during childhood but can also occur in adults due to certain conditions like stroke or cataracts. Treatments for amblyopia include eyeglasses, patches, drops, or vision therapy.","Amblyopia, also known as ""lazy eye,"" is a neuro-developmental vision disorder that affects alignment or focusing of the eyes, causing reduced vision in one or both eyes without any obvious eye health issue. It's usually developed during childhood and occurs when the brain ignores input from one eye because the images sent by that eye don't match those from the other eye (strabismus) or because that eye has a significantly different prescription than the other (refractive anisometropia).

In terms of its impact on vision, the affected eye may have blurred or impaired vision compared to the normal eye, even with glasses or contact lenses. The brain favors the clearer image from the good eye, which can lead to decreased visual acuity, depth perception problems, and potentially permanent vision loss if left untreated, especially in young children.",4.536224006867385,5.387107153811104,5.300537134760298,29.59186555658262,33.362691898865336,36.706988448731,21.402214022140225,18.374558303886925,18.18181818181818,36.16236162361624,40.98939929328622,37.66233766233766,0.0,0.0,0.0,20.253164556962027,20.253164556962027,30.37974683544304,40.0,32.6530612244898,42.10526315789473,26.89075630252101,25.0,35.29411764705882,0.8718430995941162,0.8735727667808533,0.8642945289611816,1.0,0.5316331386566162,0.7787092328071594,4,4,4
Mistral-7B-Instruct-v0.3,mistral_7b.yaml,none,ambiguity,26,What is (are) Amyloidosis ?,What is that condition where some kind of stuff builds up in the body/organs and starts causing problems?,What is the medical condition known as organ or tissue accumulation leading to complications?,"Amyloidosis occurs when abnormal proteins called amyloids build up and form deposits. The deposits can collect in organs such as the kidney and heart. This can cause the organs to become stiff and unable to work the way they should. There are three main types of amyloidosis: - Primary - with no known cause - Secondary - caused by another disease, including some types of cancer - Familial - passed down through genes Symptoms can vary, depending upon which organs are affected. Treatment depends on the type of amyloidosis you have. The goal is to help with symptoms and limit the production of proteins. If another disease is the cause, it needs to be treated.","Amyloidosis is a group of rare diseases characterized by abnormal protein buildup, called amyloid, in various organs and tissues throughout the body. This buildup can interfere with organ function, leading to symptoms such as fatigue, weight loss, swelling, and damage to specific organs like the heart, kidneys, liver, or nerves. There are several types of amyloidosis, including primary amyloidosis, secondary amyloidosis, hereditary amyloidosis, and localized amyloidosis, each with different causes and treatment approaches.","The condition you're referring to is known as a ""chronic buildup of substances"" or more specifically, depending on the substance, it could be chronic liver disease (like cirrhosis due to accumulation of scar tissue), kidney stones (accumulation of minerals and salts), gallstones (accumulation of cholesterol and bile pigments in the gallbladder), or plaque buildup in arteries leading to atherosclerosis. Each of these conditions can cause various health issues if left untreated.","The medical condition you're referring to is called ""Organ or Tissue Accumulation Syndrome"" or more specifically in certain cases like liver disease - Hepatic Fibrosis, in kidney disease - Renal Fibrosis, or in lung disease - Pulmonary Fibrosis. These conditions occur when there is an excessive production of fibrous connective tissue within organs or tissues, which can lead to various complications depending on the affected organ.",3.0591023396879566,1.450527204164595,1.1008087711883447,38.667186314046766,26.55055460274168,27.35329893458896,24.561403508771924,10.650887573964496,9.876543209876546,38.59649122807018,27.2189349112426,24.69135802469136,0.0,0.0,0.0,22.22222222222222,4.444444444444445,6.666666666666667,24.390243902439025,6.0606060606060606,10.344827586206897,23.25581395348837,5.128205128205128,8.108108108108109,0.8970874547958374,0.8334001898765564,0.8454194068908691,1.0,0.4672171473503113,0.3985460698604584,4,1,1
Mistral-7B-Instruct-v0.3,mistral_7b.yaml,none,layperson,27,What is (are) Amyotrophic Lateral Sclerosis ?,"what is that nerve/muscle wasting thing called, where a person gets weaker n weaker, cant move right or talk good after awhile, is it like a body shutting down disease or somthing?","What is the condition referred to as when a person experiences progressive muscle weakness, difficulty moving, and speaking impairment over time, similar to a bodily deterioration process?","Amyotrophic lateral sclerosis (ALS) is a nervous system disease that attacks nerve cells called neurons in your brain and spinal cord. These neurons transmit messages from your brain and spinal cord to your voluntary muscles - the ones you can control, like in your arms and legs. At first, this causes mild muscle problems. Some people notice - Trouble walking or running - Trouble writing - Speech problems Eventually, you lose your strength and cannot move. When muscles in your chest fail, you cannot breathe. A breathing machine can help, but most people with ALS die from respiratory failure. The disease usually strikes between age 40 and 60. More men than women get it. No one knows what causes ALS. It can run in families, but usually it strikes at random. There is no cure. Medicines can relieve symptoms and, sometimes, prolong survival. NIH: National Institute of Neurological Disorders and Stroke","Amyotrophic Lateral Sclerosis (ALS), also known as Lou Gehrig's disease, is a progressive neurodegenerative disorder that affects nerve cells in the brain and spinal cord called motor neurons. These motor neurons transmit signals to the muscles that enable voluntary movement. In ALS, these motor neurons gradually break down, leading to weakness, paralysis, and eventually death due to respiratory failure usually within 2-5 years from diagnosis if not treated with supportive care or specific therapies like Riluzole or Edaravone. There is currently no cure for ALS.","The condition you're describing sounds similar to Amyotrophic Lateral Sclerosis (ALS), also known as Lou Gehrig's Disease. ALS is a progressive neurodegenerative disorder that affects nerve cells in the brain and the spinal cord. It leads to weakness and wasting of muscles, impairing a person's ability to move, speak, eat, and breathe over time. It's not exactly a ""body shutting down"" disease, but rather a degeneration of specific motor neurons responsible for controlling voluntary muscle movements. However, please consult with a healthcare professional for accurate diagnosis and information tailored to your situation.","The condition you're describing sounds like Amyotrophic Lateral Sclerosis (ALS), also known as Lou Gehrig's disease. ALS is a neurodegenerative disorder that affects nerve cells in the brain and the spinal cord, leading to muscle weakness, difficulty moving, speaking impairment, and eventually paralysis. It typically progresses rapidly over several years, although the rate of progression can vary among individuals.",3.4802384130250865,2.347336061028716,1.091481836216285,32.43152949768713,31.162542700945018,22.888031955043186,24.669603524229075,18.181818181818183,18.09045226130653,33.48017621145374,28.57142857142857,24.12060301507537,0.0,0.0,0.0,22.727272727272727,19.696969696969692,12.12121212121212,37.5,30.952380952380956,28.57142857142857,28.30188679245283,24.074074074074076,17.02127659574468,0.8645870685577393,0.8559389114379883,0.8617383241653442,1.0,0.4054456949234009,0.4133483469486236,4,5,5
Mistral-7B-Instruct-v0.3,mistral_7b.yaml,none,incomplete,28,Do you have information about Anabolic Steroids,do you hav any info on those muscle-building stuff?,What information is available about supplements or medications used for muscle building?,"Summary : Anabolic steroids are man-made substances related to male sex hormones. Doctors use anabolic steroids to treat some hormone problems in men, delayed puberty, and muscle loss from some diseases. Bodybuilders and athletes often use anabolic steroids to build muscles and improve athletic performance. Using them this way is not legal or safe. Abuse of anabolic steroids has been linked with many health problems. They include - Acne - Breast growth and shrinking of testicles in men - Voice deepening and growth of facial hair in women - High blood pressure - Heart problems, including heart attack - Liver disease, including cancer - Kidney damage - Aggressive behavior NIH: National Institute on Drug Abuse","Yes, I can provide some information about anabolic steroids. They are synthetic substances similar to testosterone, a natural male hormone produced by the adrenal gland. Anabolic steroids promote muscle growth and tissue repair in the body.

They are often used illegally by athletes for performance enhancement or by bodybuilders for physique and strength improvement. However, their use is associated with several health risks, including liver damage, high blood pressure, increased risk of heart attack and stroke, aggressive behavior, acne, hair loss, stunted growth (in adolescents), shrinking of the testicles, breast development in males, infertility, and psychological problems such as mood swings, paranoia, and depression.

It's important to note that using anabolic steroids without a prescription from a doctor is illegal and dangerous. If you suspect someone may be using these drugs, it's crucial to encourage them to seek help from a healthcare professional.","Yes, I can provide information about muscle-building supplements or nutritional aids often used in conjunction with exercise for muscle growth. These include:

1. Protein Supplements (Whey, Casein): Aid in muscle recovery and growth by providing essential amino acids.
2. Creatine Monohydrate: Helps increase physical performance during short bursts of high-intensity activities.
3. Branched-Chain Amino Acids (BCAAs): May help reduce muscle soreness and promote muscle protein synthesis.
4. Beta-Alanine: Can improve exercise capacity and delay muscle fatigue.
5. HMB (beta-hydroxy beta-methylbutyrate): May help prevent muscle damage and aid in muscle recovery.","There are several supplements and medications commonly used to support muscle growth, often in conjunction with regular exercise and a balanced diet. Here's some key information about a few of them:

1. Protein Supplements (Whey, Casein): Proteins are essential for muscle repair and growth. Whey protein is quickly absorbed by the body, making it ideal post-workout, while casein digests slowly, providing sustained release over time.

2. Creatine Monohydrate: This substance helps increase physical performance during short bursts of high-intensity activities. It works by increasing the availability of phosphocreatine, which plays a role in energy production within muscles.

3. Beta-Alanine: This amino acid can help delay muscle fatigue and improve exercise capacity during high-intensity workouts due to its role in buffering hydrogen ions that accumulate during intense exercise.

4. Branched-Chain Amino Acids (BCAAs): Leucine, isoleucine, and valine make up these essential amino acids. They play a crucial role in stimulating muscle protein synthesis and reducing muscle breakdown.

5. Testosterone Replacement Therapy (TRT) & Anabolic Steroids: These hormones and drugs artificially boost testosterone levels, promoting muscle growth but also carrying significant risks such as",1.7495863018014228,1.0947851989015318,0.9796867985102384,47.90226636439836,30.324327591118585,34.421916610790376,18.775510204081638,9.852216748768472,9.027777777777777,46.53061224489796,18.719211822660096,21.52777777777778,0.0,0.0,0.0,37.735849056603776,11.320754716981131,13.20754716981132,30.303030303030305,14.285714285714285,8.974358974358974,33.613445378151255,12.63157894736842,10.68702290076336,0.8815021514892578,0.8156710267066956,0.8122016191482544,1.0,0.4884521961212158,0.4793305993080139,4,2,2
Mistral-7B-Instruct-v0.3,mistral_7b.yaml,none,overgeneralization,29,What is (are) Anal Cancer ?,"what is it called when theres a really bad growth or sick problem down there in the bottom area, like cancer or somthing, and what does that even mean for a person?","What is the name of a severe growth or illness affecting the lower abdominal region, similar to cancer, and could you describe its potential implications for an individual?","The anus is where stool leaves your body when you go to the bathroom. It is made up of your outer layers of skin and the end of your large intestine. Anal cancer is a disease in which cancer cells form in the tissues of the anus. Anal cancer is rare. It is more common in smokers and people over 50. You are also at higher risk if you have HPV, have anal sex, or have many sexual partners. Symptoms include bleeding, pain, or lumps in the anal area. Anal itching and discharge can also be signs of anal cancer. Doctors use tests that examine the anus to diagnose anal cancer. They include a physical exam, endoscopy, ultrasound, and biopsy. Treatments include radiation therapy, chemotherapy, and surgery. NIH: National Cancer Institute","Anal cancer is a type of cancer that develops in the anal canal, which is the lower part of the digestive system where stool leaves the body. It's typically found in squamous cells lining the anus, similar to those found on the surface of the skin. Symptoms may include pain or itching near the anus, rectal bleeding, lumps or growths around the anus, and changes in bowel habits. Risk factors can include HPV infection, smoking, and having a compromised immune system. Treatment options often involve surgery, radiation therapy, chemotherapy, or a combination thereof. Regular screenings for high-risk individuals can help detect anal cancer early when it's more treatable.","The condition you're referring to could be various types of cancers or other serious diseases affecting the lower abdomen and pelvic region, such as colorectal cancer (affecting the colon or rectum), cervical cancer (affecting the cervix), ovarian cancer (affecting the ovaries), or prostate cancer (affecting the prostate). These conditions are often referred to as ""cancer"" or more specifically by their location (e.g., colorectal cancer, cervical cancer, etc.).

For an individual diagnosed with any of these conditions, it means they have cells growing abnormally within their body, which may invade nearby tissues and spread to other parts of the body if left untreated. Treatment options vary depending on the specific type and stage of the disease but typically include surgery, radiation therapy, chemotherapy, immunotherapy, or a combination of these treatments. Early detection through regular screenings increases the chances of successful treatment and improved outcomes. It's essential to maintain open communication with healthcare providers about concerns related to one's health and undergo recommended screenings according to age, gender, family history, and personal risk factors.","The condition you're referring to might be appendicitis, which is not a type of cancer but a common inflammation that affects the appendix, a small tube-shaped pouch attached to the beginning of the large intestine in the lower right abdomen. If left untreated, it can lead to a rupture of the appendix, causing peritonitis – a serious infection of the abdominal cavity lining. This can result in sepsis (blood poisoning) and potentially life-threatening complications such as organ failure or death if prompt treatment isn't received. Symptoms often include sudden pain starting around the navel and moving to the lower right abdomen, loss of appetite, nausea, vomiting, fever, and constipation or diarrhea. It's crucial to seek immediate medical attention if these symptoms occur.",8.467497078305847,3.5281167882642563,1.6380640300965656,42.62124941252139,37.218021897720405,32.46787871415109,19.90950226244344,12.587412587412588,15.384615384615383,43.43891402714932,28.671328671328663,25.64102564102565,0.0,0.0,0.0,30.35714285714285,10.714285714285714,8.928571428571429,34.0,7.59493670886076,8.771929824561402,32.075471698113205,8.88888888888889,8.849557522123892,0.8911994695663452,0.8343976140022278,0.8429973721504211,1.0,0.459678053855896,0.5027872323989868,4,2,1
Mistral-7B-Instruct-v0.3,mistral_7b.yaml,none,typos_grammar,30,What is (are) Anal Disorders ?,"what are anal disordrs exacly, and how do they happn ?","What specifically are anorectal disorders, including their causes?","The anus is the opening of the rectum through which stool passes out of your body. Problems with the anus are common. They include hemorrhoids, abscesses, fissures (cracks), and cancer. You may be embarrassed to talk about your anal troubles. But it is important to let your doctor know, especially if you have pain or bleeding. The more details you can give about your problem, the better your doctor will be able to help you. Treatments vary depending on the particular problem. NIH: National Institute of Diabetes and Digestive and Kidney Diseases","Anal disorders refer to various conditions that affect the anus or rectum. These may include hemorrhoids, anal fissures, pruritus ani (itchy anus), fistulas, abscesses, and inflammatory bowel disease affecting the anorectal region. Symptoms can range from pain, itching, bleeding, discharge, or changes in bowel habits. Treatment depends on the specific disorder.","Anal disorders refer to conditions that affect the anus or rectum, causing pain, itching, bleeding, or other symptoms. Some common examples include hemorrhoids (swollen veins in the anus), fissures (tears in the skin of the anus), abscesses (infections with pus-filled pockets), and fistulas (abnormal connections between the anus and nearby organs).

Anal disorders can occur due to various factors such as straining during bowel movements, chronic constipation or diarrhea, inflammatory bowel disease, sexually transmitted infections, and certain genetic predispositions. Lifestyle factors like obesity, lack of fiber in the diet, sedentary lifestyle, and prolonged sitting can also contribute to their development. In some cases, the exact cause may not be known. If you suspect you have an anal disorder, it's important to consult a healthcare provider for proper diagnosis and treatment.","Anorectal disorders refer to health issues that affect the lower part of the digestive system, particularly the rectum and anus. These conditions can cause discomfort, pain, or changes in bowel habits. Some common examples include:

1. Hemorrhoids (piles): Swollen veins in the rectum or anus, often caused by straining during bowel movements, pregnancy, obesity, or chronic constipation/diarrhea.
2. Fissures: Small tears in the skin around the anus, usually due to hard stools causing trauma during bowel movements.
3. Abscesses: Infections that form pus-filled pockets near the anus, typically resulting from bacterial infection.
4. Anal fistulas: Tunnels between the anal canal and skin outside the anus, caused by inflammation or infection.
5. Rectal prolapse: A condition where the rectum slides out through the anus, often due to weakened muscles supporting the rectum.
6. Constipation: Difficulty passing stool, which may be caused by dietary factors, lack of physical activity, stress, certain medications, or underlying medical conditions like irritable bowel syndrome (IBS) or neurological problems.
7. Diarrhea: Frequent watery stools, which can be caused by viruses, bacteria,",3.279210985289738,2.992396703383993,0.9765772525519452,30.497411246096945,37.17173881656534,33.33226693281488,13.533834586466163,13.461538461538462,10.483870967741938,24.060150375939852,28.846153846153843,22.58064516129032,0.0,0.0,0.0,22.22222222222222,25.0,27.77777777777778,28.57142857142857,13.636363636363637,10.989010989010987,25.0,17.64705882352941,15.748031496062993,0.8777085542678833,0.8676064014434814,0.839552640914917,0.9999998807907104,0.6989064812660217,0.563666820526123,4,4,3
Mistral-7B-Instruct-v0.3,mistral_7b.yaml,none,ambiguity,31,What is (are) Anaphylaxis ?,"when somebody suddenly has a really bad allergic thing, like throat geting tight, cant breath good, maybe rash n swelling all at once, what is that even called or is it just a severe reaction?","What is the condition referred to when someone experiences sudden symptoms such as throat tightness, difficulty breathing, hives, and swelling simultaneously, which may indicate a severe allergic reaction?","Anaphylaxis is a serious allergic reaction. It can begin very quickly, and symptoms may be life-threatening. The most common causes are reactions to foods (especially peanuts), medications, and stinging insects. Other causes include exercise and exposure to latex. Sometimes no cause can be found. It can affect many organs: - Skin - itching, hives, redness, swelling - Nose - sneezing, stuffy nose, runny nose - Mouth - itching, swelling of the lips or tongue - Throat - itching, tightness, trouble swallowing, swelling of the back of the throat - Chest - shortness of breath, coughing, wheezing, chest pain or tightness - Heart - weak pulse, passing out, shock - Gastrointestinal tract - vomiting, diarrhea, cramps - Nervous system - dizziness or fainting If someone is having a serious allergic reaction, call 9-1-1. If an auto-injector is available, give the person the injection right away. NIH: National Institute of Allergy and Infectious Diseases","Anaphylaxis is a severe, potentially life-threatening allergic reaction that affects multiple organs in the body. It can cause symptoms such as hives, swelling, itching, difficulty breathing, rapid heartbeat, and low blood pressure. If left untreated, anaphylaxis can lead to shock or even death. Common triggers for anaphylaxis include foods like peanuts, shellfish, and dairy products; medications; insect stings; and latex. Immediate treatment involves administering epinephrine via an auto-injector and seeking emergency medical care.","This condition you're describing sounds like anaphylaxis, which is a severe, life-threatening allergic reaction. Symptoms can include rapid swelling, difficulty breathing, hives, and a feeling of impending doom. If someone experiences these symptoms, immediate medical attention should be sought as anaphylaxis can quickly become fatal if not treated promptly.","The condition you're describing sounds like anaphylaxis, a serious allergic reaction that can be life-threatening if not treated promptly. Symptoms often include rapid heartbeat, low blood pressure (hypotension), dizziness or fainting, and mental confusion or anxiety. It requires immediate medical attention.",1.87060426607662,0.7214917675482512,0.676167136572358,29.78630882224847,21.49309703309822,19.60254789810813,15.763546798029555,12.22222222222222,15.11627906976744,30.541871921182263,21.111111111111107,19.767441860465112,0.0,0.0,0.0,14.666666666666666,10.666666666666668,9.333333333333334,30.55555555555556,33.33333333333333,31.818181818181817,19.819819819819823,16.16161616161616,14.432989690721651,0.865953803062439,0.8533973693847656,0.8493019938468933,0.9999998807907104,0.4931648671627044,0.4723446071147918,5,5,4
Mistral-7B-Instruct-v0.3,mistral_7b.yaml,none,layperson,32,Do you have information about Anatomy,"do u got any info on how the body is put togther, like where all the inside parts are and what they kinda do maybe?",What is the structure and function of the internal organs in the human body?,"Summary : Anatomy is the science that studies the structure of the body. On this page, you'll find links to descriptions and pictures of the human body's parts and organ systems from head to toe.","Yes, I can provide some basic information about anatomy. Anatomy is the branch of biology that deals with the study of the structure of organisms and their parts. In human anatomy, we focus on understanding the structures within the body such as bones, muscles, organs, and tissues. This knowledge helps in understanding how the body functions and diagnosing diseases or injuries. However, for detailed and specific questions regarding human anatomy, it's best to consult a healthcare professional or a textbook on the subject.","The human body is an intricate system composed of several major systems that work together for survival. Here's a brief overview:

1. **Skeletal System**: This consists of bones and cartilage that provide structure, support, protection, and mobility. Bones also store minerals such as calcium.

2. **Muscular System**: Made up of more than 600 muscles, this system allows movement by producing force and motion. Muscles can be classified into three types: skeletal (voluntary), cardiac (involuntary), and smooth (also involuntary).

3. **Nervous System**: Responsible for sending, receiving, and processing information in the form of electrical signals. It includes the brain, spinal cord, and nerves. The nervous system controls bodily functions and enables responses to stimuli.

4. **Cardiovascular System**: Consists of the heart and blood vessels. The heart pumps blood throughout the body, delivering oxygen and nutrients to tissues while removing waste products. Blood vessels transport the blood.

5. **Respiratory System**: Enables gas exchange between the environment and the body through breathing. Major components include the nose, throat (pharynx), voice box (larynx), windpipe (trachea), bronchi, lungs, and diaphragm.

6. **Dig","The human body has several major internal organs that perform specific functions to maintain life. Here's an overview:

1. Heart: Located in the chest, it pumps blood throughout the body, supplying oxygen and nutrients to tissues and removing carbon dioxide and other wastes.

2. Lungs: Found in the chest cavity, they facilitate gas exchange between the air we breathe and our bloodstream, allowing for the uptake of oxygen and release of carbon dioxide.

3. Liver: Positioned in the upper right abdomen, it plays multiple roles including detoxification (removing harmful substances from the blood), protein synthesis, production of bile for digestion, and storage of glycogen (a form of stored glucose).

4. Kidneys: Situated in the lower back, they filter waste products and excess fluids from the blood, producing urine which is then excreted through the bladder and urethra. They also regulate electrolyte balance and help control blood pressure.

5. Stomach & Intestines: These organs make up the digestive system. The stomach breaks down food using acids and enzymes, while the intestines absorb nutrients into the bloodstream and eliminate undigested material as feces.

6. Pancreas: This organ lies",3.4949877199292207,0.5994910459685764,0.570271924757379,34.048522804261616,21.7385975083575,20.80614258300321,20.5607476635514,10.152284263959393,6.965174129353235,29.906542056074763,15.228426395939088,14.925373134328357,0.0,0.0,0.0,30.76923076923077,30.76923076923077,23.07692307692308,13.333333333333334,4.761904761904762,3.5294117647058822,18.6046511627907,8.24742268041237,6.122448979591837,0.87629234790802,0.8139106631278992,0.813721776008606,0.9999999403953552,0.5539615154266357,0.4843126535415649,4,3,2
Mistral-7B-Instruct-v0.3,mistral_7b.yaml,none,incomplete,33,What is (are) Anemia ?,what does it mean when your blood is low or you dont have enough of it?,What does anemia (low red blood cell count) indicate?,"If you have anemia, your blood does not carry enough oxygen to the rest of your body. The most common cause of anemia is not having enough iron. Your body needs iron to make hemoglobin. Hemoglobin is an iron-rich protein that gives the red color to blood. It carries oxygen from the lungs to the rest of the body. Anemia has three main causes: blood loss, lack of red blood cell production, and high rates of red blood cell destruction. Conditions that may lead to anemia include - Heavy periods - Pregnancy - Ulcers - Colon polyps or colon cancer - Inherited disorders - A diet that does not have enough iron, folic acid or vitamin B12 - Blood disorders such as sickle cell anemia and thalassemia, or cancer - Aplastic anemia, a condition that can be inherited or acquired - G6PD deficiency, a metabolic disorder Anemia can make you feel tired, cold, dizzy, and irritable. You may be short of breath or have a headache. Your doctor will diagnose anemia with a physical exam and blood tests. Treatment depends on the kind of anemia you have. NIH: National Heart, Lung, and Blood Institute","Anemia is a condition in which the number of red blood cells or their ability to carry oxygen is reduced. This results in insufficient oxygen being delivered to organs and tissues throughout the body, leading to fatigue, weakness, and shortness of breath among other symptoms. There are several types of anemia, including iron-deficiency anemia, vitamin deficiency anemias (such as B12 or folate), anemia due to chronic disease, and anemia caused by bone marrow disorders. Diagnosis typically involves a complete blood count (CBC). Treatment depends on the underlying cause but may include dietary changes, supplements, medications, or transfusions.","When your blood volume or total amount of blood in your body is insufficient, it's known as anemia (not having enough red blood cells) or hypovolemia (decreased fluid volume). Both conditions can lead to symptoms such as fatigue, weakness, dizziness, pale skin, rapid heartbeat, and shortness of breath due to reduced oxygen delivery to tissues. Causes may include bleeding, dehydration, kidney disease, certain medications, nutritional deficiencies, or chronic diseases like sickle cell anemia. It's important to consult with a healthcare professional for proper diagnosis and treatment if experiencing these symptoms.","Anemia indicates that your red blood cells, hemoglobin, or overall red blood cell mass is lower than normal. This can lead to less oxygen being delivered to various parts of your body, potentially causing symptoms such as fatigue, weakness, pale skin, shortness of breath, and heart palpitations. There are several types of anemia caused by different underlying conditions like iron deficiency, vitamin deficiencies, chronic diseases, bleeding disorders, or inherited genetic factors.",3.407772072309532,1.7365965188295691,1.214210823295428,30.657784160225127,27.80154116464021,24.977652771322177,17.293233082706767,18.181818181818183,15.57377049180328,31.578947368421044,30.303030303030305,27.86885245901639,0.0,0.0,0.0,16.470588235294116,14.117647058823527,17.647058823529413,30.434782608695656,25.53191489361702,37.5,21.37404580152672,18.18181818181818,24.0,0.8610300421714783,0.8591800928115845,0.8674507141113281,0.9999999403953552,0.4307384788990021,0.6963301301002502,4,3,5
Mistral-7B-Instruct-v0.3,mistral_7b.yaml,none,overgeneralization,34,What is (are) Anesthesia ?,"what is that stuff doctors use to make you not feel anything or kinda go out durring medical things, like how does it even work and what is it exactly?","What is the name of the anesthetic used during medical procedures, and can you explain its mechanism of action?","If you are having surgery, your doctor will give you medicine called an anesthetic. Anesthetics reduce or prevent pain. There are three main types: - Local - numbs one small area of the body. You stay awake and alert. - Regional - blocks pain in an area of the body, such an arm or leg. A common type is epidural anesthesia, which is often used during childbirth. - General - makes you unconscious. You do not feel any pain, and you do not remember the procedure afterwards. You may also get a mild sedative to relax you. You stay awake but may not remember the procedure afterwards. Sedation can be used with or without anesthesia. The type of anesthesia or sedation you get depends on many factors. They include the procedure you are having and your current health.","Anesthesia refers to the use of medications or other means to prevent the perception of pain during surgical procedures or other painful medical treatments. There are three main types of anesthesia: general anesthesia (loss of consciousness), regional anesthesia (numbing a specific area of the body), and local anesthesia (numbing a small area). The choice depends on various factors such as the type of procedure, patient's health status, and personal preferences.","The substance doctors often use during medical procedures to help alleviate pain and induce temporary loss of consciousness is called anesthesia. There are two main types: local anesthetics (which numb a specific area) and general anesthetics (which render the patient unconscious).

Local anesthetics block nerve signals carrying pain from a specific area of the body to the brain by binding to sodium channels in the nerves, preventing them from depolarizing and conducting impulses. Common examples include lidocaine and prilocain.

General anesthetics affect multiple areas within the central nervous system, including the brain, spinal cord, and peripheral nerves. They cause a reversible loss of consciousness, muscle relaxation, and lack of response to stimuli. Examples include propofol, sevoflurane, and fentanyl. These drugs act on various receptors such as GABA receptors, NMDA receptors, and ion channels to produce their effects.","The most commonly used anesthetic for surgical procedures is Propofol (Diprivan). It's a short-acting intravenous anesthetic that works by rapidly inducing and maintaining general anesthesia. Its exact mechanism of action isn't fully understood, but it's believed to act primarily on the GABA receptors in the brain, enhancing their inhibitory effects which leads to sedation and loss of consciousness. Additionally, Propofol may also have some effect on other neurotransmitter systems such as NMDA receptors. However, specific details about these mechanisms require further research.",5.6725915407050405,4.219286706714122,0.9187072818538896,34.80761355611907,39.16428491532197,29.855147452934013,21.62162162162162,14.516129032258062,7.881773399014778,35.67567567567568,25.806451612903224,17.73399014778325,0.0,0.0,0.0,32.6530612244898,18.367346938775512,6.122448979591836,47.05882352941176,16.363636363636363,10.344827586206897,38.55421686746988,17.307692307692307,7.6923076923076925,0.8784837126731873,0.8505519032478333,0.8366156220436096,1.0,0.3666716814041137,0.7209554314613342,5,3,2
Mistral-7B-Instruct-v0.3,mistral_7b.yaml,none,typos_grammar,35,What is (are) Aneurysms ?,"What are aneurisims exactly , and what does that even mean in the body ?","What is an aneurysm, specifically within the human body?","An aneurysm is a bulge or ""ballooning"" in the wall of an artery. Arteries are blood vessels that carry oxygen-rich blood from the heart to other parts of the body. If an aneurysm grows large, it can burst and cause dangerous bleeding or even death. Most aneurysms occur in the aorta, the main artery that runs from the heart through the chest and abdomen. Aneurysms also can happen in arteries in the brain, heart and other parts of the body. If an aneurysm in the brain bursts, it causes a stroke. Aneurysms can develop and become large before causing any symptoms. Often doctors can stop aneurysms from bursting if they find and treat them early. They use imaging tests to find aneurysms. Often aneurysms are found by chance during tests done for other reasons. Medicines and surgery are the two main treatments for aneurysms. NIH: National Heart, Lung, and Blood Institute","An aneurysm is a localized dilatation or widening of a blood vessel, usually caused by a weakening in its wall. This weakened area bulges or balloons outward due to pressure from the circulating blood. Aneurysms can develop in any artery throughout the body but are most common in the brain (cerebral), abdomen (aortic), and legs (popliteal). If left untreated, large aneurysms may rupture, causing severe bleeding that can be life-threatening.","Aneurysms are localized dilations or widening of a part of a blood vessel (artery or vein), caused by a weakening of the vessel wall. They can occur anywhere in the body but most commonly affect arteries leading to the brain, heart, abdomen, and legs. When an aneurysm occurs in an artery, it means the artery has become weakened and is bulging outward due to pressure from the blood flow within it. If left untreated, large aneurysms may rupture, causing severe bleeding which could be life-threatening.","An aneurysm is a localized dilatation or widening of a normally circular blood vessel, such as an artery or vein, to three times its normal diameter. In the context of the human body, it most commonly occurs in arteries, particularly those supplying the brain (cerebral), abdomen (abdominal aortic) and heart (coronary). If left untreated, aneurysms can rupture, leading to potentially life-threatening internal bleeding.",3.7534739106156367,3.0528735456953475,2.0594291712034285,27.23794894292996,29.50591925428957,23.62259454727689,17.08542713567839,17.061611374407583,18.750000000000004,32.1608040201005,36.96682464454976,25.0,0.0,0.0,0.0,17.142857142857142,21.428571428571427,12.857142857142856,41.37931034482759,38.46153846153847,36.0,24.24242424242424,27.522935779816518,18.94736842105263,0.8802818655967712,0.8860728740692139,0.8716287016868591,0.9999998211860656,0.7902332544326782,0.8425715565681458,4,4,4
Mistral-7B-Instruct-v0.3,mistral_7b.yaml,none,ambiguity,36,What is (are) Angina ?,"what is that chest/heart thing people mean when they say angina, like is it just pain or some kind of attack or blood flow problem or what?","What is the definition of angina, specifically regarding its symptoms (pain), potential severity (attack), and relation to heart function (blood flow problems)?","Angina is chest pain or discomfort you feel when there is not enough blood flow to your heart muscle. Your heart muscle needs the oxygen that the blood carries. Angina may feel like pressure or a squeezing pain in your chest. It may feel like indigestion. You may also feel pain in your shoulders, arms, neck, jaw, or back. Angina is a symptom of coronary artery disease (CAD), the most common heart disease. CAD happens when a sticky substance called plaque builds up in the arteries that supply blood to the heart, reducing blood flow. There are three types of angina: - Stable angina is the most common type. It happens when the heart is working harder than usual. Stable angina has a regular pattern. Rest and medicines usually help. - Unstable angina is the most dangerous. It does not follow a pattern and can happen without physical exertion. It does not go away with rest or medicine. It is a sign that you could have a heart attack soon. - Variant angina is rare. It happens when you are resting. Medicines can help. Not all chest pain or discomfort is angina. If you have chest pain, you should see your health care provider. NIH: National Heart, Lung, and Blood Institute","Angina is a type of chest pain or discomfort caused by an insufficient supply of oxygen-rich blood to the heart muscle, usually due to blockages in the coronary arteries. It's a common symptom of heart disease and can feel like pressure, squeezing, fullness, or pain in the center of the chest. Angina may also cause shortness of breath, sweating, nausea, or weakness. There are two main types: stable angina, which occurs during physical exertion or emotional stress, and unstable angina, which happens more frequently and at rest, often indicating a more severe blockage or impending heart attack.","Angina is not a heart attack but a symptom of an insufficient supply of oxygen-rich blood to the heart muscle, usually caused by narrowed coronary arteries due to a buildup of fatty deposits (atherosclerosis). It's characterized by discomfort or pain in the chest, often described as pressure, squeezing, fullness, burning, or heaviness. This discomfort may also spread to the arms, neck, jaw, back, or stomach. The severity can vary from mild to severe, and it's typically triggered by physical activity or emotional stress. If you suspect you have angina, consult with your healthcare provider immediately for proper diagnosis and treatment.","Angina is a type of chest pain or discomfort caused by an insufficient supply of oxygen-rich blood to the heart muscle. This occurs when one or more of the coronary arteries that supply blood to the heart become narrowed or blocked due to plaque buildup, usually from atherosclerosis. The most common symptom of angina is a feeling of pressure, tightness, burning, squeezing, or heaviness in the chest, which may radiate to other areas such as the arms, neck, jaw, back, or stomach.

Angina attacks can be classified into two types: stable angina and unstable angina. Stable angina follows a predictable pattern, occurring during physical exertion or emotional stress and subsiding with rest within a few minutes. Unstable angina is less predictable, often worsening over time, increasing in frequency, duration, or intensity, and may occur at rest. It's a sign of potentially serious underlying heart conditions like a heart attack.

In terms of heart function, angina indicates that the heart isn't receiving enough oxygenated blood for its needs, leading to temporary damage if left untreated. Severe or prolonged episodes of angina could indicate a higher risk of heart attack or other cardiovascular events.",3.714299170045738,4.585903637711096,11.068066882889044,31.58381050060965,30.24984797248856,46.09566662865375,23.943661971830988,19.44444444444444,23.056300268096518,39.43661971830986,34.02777777777778,43.96782841823056,0.0,0.0,0.0,20.454545454545457,17.045454545454543,36.36363636363637,42.85714285714285,35.714285714285715,38.55421686746988,27.692307692307693,23.07692307692308,37.42690058479533,0.8834396004676819,0.875427782535553,0.8825565576553345,1.0,0.7251951098442078,0.7491925358772278,4,5,4
Mistral-7B-Instruct-v0.3,mistral_7b.yaml,none,layperson,37,Do you have information about Angioplasty,"do u have any info on that thing where they go in n kinda open up a blocked blood vessel or heart tube thing, like how it works an if its a big deal?","What is the process involved in percutaneous coronary intervention (PCI), also known as angioplasty, for treating blocked coronary arteries, and what are the potential risks associated with this procedure?","Summary : If you have coronary artery disease, the arteries in your heart are narrowed or blocked by a sticky material called plaque. Angioplasty is a procedure to restore blood flow through the artery. You have angioplasty in a hospital. The doctor threads a thin tube through a blood vessel in the arm or groin up to the involved site in the artery. The tube has a tiny balloon on the end. When the tube is in place, the doctor inflates the balloon to push the plaque outward against the wall of the artery. This widens the artery and restores blood flow. Doctors may use angioplasty to - Reduce chest pain caused by reduced blood flow to the heart - Minimize damage to heart muscle from a heart attack Many people go home the day after angioplasty, and are able to return to work within a week of coming home. NIH: National Heart, Lung, and Blood Institute","Yes, I can provide information about angioplasty. Angioplasty is a minimally invasive medical procedure used to open narrowed or blocked blood vessels, usually in the heart (coronary arteries) but also in other locations such as peripheral arteries or carotid arteries. The main goal of this procedure is to restore blood flow to an obstructed vessel by widening the lumen (inner space).

During the procedure, a thin, flexible tube called a catheter with a small balloon at its tip is inserted into an artery, typically in the groin or arm, and guided through the bloodstream to the site of the blockage. Once the catheter reaches the blockage, the balloon is inflated to compress the plaque against the artery walls, thus increasing the diameter of the affected area. Afterward, a stent – a tiny mesh tube – may be placed inside the artery to help keep it open and prevent future blockages.","The procedure you're referring to is called Percutaneous Coronary Intervention (PCI), often known as angioplasty with stenting. It's used to treat narrowed or blocked coronary arteries caused by atherosclerosis. Here's a simplified explanation of how it works:

1. A thin, flexible tube called a catheter is inserted into an artery, usually in the groin or arm, and guided through the body towards the heart.
2. At the site of the blockage, a small balloon at the tip of the catheter is inflated to widen the narrowed or blocked coronary artery. This helps restore blood flow to the heart muscle.
3. To keep the artery open, a tiny mesh tube called a stent is then permanently placed inside the artery. Stents help prevent the artery from re-narrowing.
4. After the procedure, the catheter is slowly withdrawn, and pressure is applied to the insertion site to stop any bleeding.

 PCI is a significant treatment for many people with coronary artery disease because it can quickly improve symptoms such as chest pain and reduce the risk of serious complications like heart attacks. However, like all procedures, it does carry some risks, including bleeding, infection, allergic reactions to medications, and damage to the artery during the procedure. It's","Percutaneous Coronary Intervention (PCI), or angioplasty, is a minimally invasive surgical treatment used to open blocked or narrowed coronary arteries caused by conditions like coronary heart disease or atherosclerosis. The process involves the following steps:

1. Accessing the Artery: A small catheter is inserted through an artery in the groin or arm and guided towards the blocked coronary artery using X-ray imaging (angiography).
2. Inflating the Balloon: Once at the blockage site, a tiny balloon on the end of the catheter is inflated to widen the narrowed or blocked section of the artery.
3. Stent Placement: After the artery is widened, a mesh tube called a stent may be placed inside the artery to help keep it open.
4. Closing the Incision Site: Finally, the catheter is removed, and pressure is applied to stop any bleeding from the incision site.

Potential Risks Associated with PCI include:

1. Allergic Reactions: To contrast dye used during the procedure or medications given.
2. Bleeding: At the site where the catheter was inserted.
3. Blood Clots: Formation of blood clots within the stents or elsewhere in the body can cause",7.366426371120866,6.139145646709697,6.749903764164234,44.3150343625933,44.38710812420194,40.86852237816831,18.972332015810277,19.29260450160772,17.99307958477509,38.73517786561265,37.94212218649518,32.52595155709343,0.0,0.0,0.0,30.303030303030305,40.909090909090914,30.303030303030305,36.36363636363637,35.526315789473685,28.57142857142857,33.05785123966942,38.0281690140845,29.411764705882348,0.8727921843528748,0.8699250817298889,0.8553009629249573,1.0,0.4293389916419983,0.4988020062446594,4,4,4
Mistral-7B-Instruct-v0.3,mistral_7b.yaml,none,incomplete,38,What is (are) Animal Bites ?,"what does it mean if some thing bit you, like from an animal or whatever, is that a big deal or just a normal skin thing?",What are the potential health implications if I am bitten by an animal?,"Wild animals usually avoid people. They might attack, however, if they feel threatened, are sick, or are protecting their young or territory. Attacks by pets are more common. Animal bites rarely are life-threatening, but if they become infected, you can develop serious medical problems. To prevent animal bites and complications from bites - Never pet, handle, or feed unknown animals - Leave snakes alone - Watch your children closely around animals - Vaccinate your cats, ferrets, and dogs against rabies - Spay or neuter your dog to make it less aggressive - Get a tetanus booster if you have not had one recently - Wear boots and long pants when you are in areas with venomous snakes If an animal bites you, clean the wound with soap and water as soon as possible. Get medical attention if necessary. Centers for Disease Control and Prevention","Animal bites refer to injuries caused by teeth marks from animals such as dogs, cats, rodents, or wild animals like snakes, spiders, etc., when they bite human skin. These bites can cause puncture wounds, lacerations, or crushing injuries, potentially leading to infections if not properly treated. The severity of an animal bite depends on factors like the type and size of the animal, the location and depth of the wound, and the presence of bacteria in the animal's mouth.","If something bites you, it could potentially be a significant issue depending on the source of the bite. Bites can cause infections, allergic reactions, or even transmit diseases such as rabies (from animals) or Lyme disease (from ticks). It's important to clean the wound thoroughly with soap and water, apply an antibiotic ointment, and cover it with a bandage. Monitor for signs of infection (redness, swelling, pus, increasing pain), allergic reaction (hives, difficulty breathing), or symptoms of disease transmission (fever, headache, rash). If you suspect the bite was from an infected or dangerous animal, seek immediate medical attention.","Potential health implications of being bitten by an animal can include infection (such as rabies in mammals or bacterial infections like capnocytophaga from dogs), tetanus, allergic reactions, and in severe cases, damage to nerves, tendons, or muscles. It's important to clean the wound thoroughly, seek immediate medical attention, and report the bite to local public health authorities for possible rabies exposure assessment. Rabies vaccination may be necessary depending on the type of animal and circumstances surrounding the bite.",1.3128309283143038,4.111434051879512,1.669145190278767,25.796543214234458,31.111919600294826,29.25526883151776,14.492753623188406,14.159292035398233,13.397129186602871,27.05314009661836,27.433628318584077,23.92344497607655,0.0,0.0,0.0,16.666666666666664,13.88888888888889,13.88888888888889,32.432432432432435,21.73913043478261,26.31578947368421,22.01834862385321,16.94915254237288,18.181818181818183,0.8452410697937012,0.8456739187240601,0.8437470197677612,0.9999999403953552,0.4406617879867553,0.5873260498046875,3,4,4
Mistral-7B-Instruct-v0.3,mistral_7b.yaml,none,overgeneralization,39,What is (are) Animal Diseases and Your Health ?,"how do health problms from animals or pets even work, like can being around them make pepole sick in genral and affect your health n stuff?","What are the potential health issues that can arise from contact with animals or pets, and how might they impact human health negatively?","Animal diseases that people can catch are called zoonoses. Many diseases affecting humans can be traced to animals or animal products. You can get a disease directly from an animal, or indirectly, through the environment. Farm animals can carry diseases. If you touch them or things they have touched, like fencing or buckets, wash your hands thoroughly. Adults should make sure children who visit farms or petting zoos wash up as well. Though they may be cute and cuddly, wild animals may carry germs, viruses, and parasites. Deer and deer mice carry ticks that cause Lyme disease. Some wild animals may carry rabies. Enjoy wildlife from a distance. Pets can also make you sick. Reptiles pose a particular risk. Turtles, snakes and iguanas can transmit Salmonella bacteria to their owners. You can get rabies from an infected dog or toxoplasmosis from handling kitty litter of an infected cat. The chance that your dog or cat will make you sick is small. You can reduce the risk by practicing good hygiene, keeping pet areas clean and keeping your pets' shots up-to-date.","""Animal diseases"" refer to illnesses or infections that affect animals, including pets, livestock, and wildlife. While most animal diseases do not directly pose an immediate threat to human health, some can have indirect impacts through zoonotic transmission – this means they can be transmitted from animals to humans under certain conditions. Examples of such zoonotic diseases include rabies, avian influenza, Ebola virus disease, Lyme disease, and Salmonella infection.

To minimize the risk of zoonotic transmissions, it's essential to practice good hygiene when handling animals, their food, and waste. This includes washing hands thoroughly after contact with animals, avoiding close contact with wild or sick animals, and ensuring proper cooking of meat products before consumption. Regular veterinary care for pets also helps prevent them from carrying infectious agents that could potentially harm people.","Health problems from animals or pets can occur due to several reasons, including zoonotic diseases (diseases that can be transmitted from animals to humans), allergies, parasitic infestations, and injuries.

Zoonotic diseases can spread through contact with an infected animal's urine, feces, saliva, blood, or bites/scratches. Examples include rabies, Lyme disease, Salmonella, Toxoplasmosis, and Cat-scratch fever.

Allergies to pet dander, fur, or saliva can cause symptoms such as sneezing, runny nose, itchy eyes, coughing, and skin rashes.

Parasites like fleas, ticks, mites, and roundworms can also pose health risks by causing skin irritation, transmitting diseases, or invading the body.

Injuries caused by pets, particularly bites or scratches, can lead to infection if not properly treated.

To minimize these risks, it is essential to maintain good hygiene when handling pets, keep up-to-date with vaccinations for both pets and their owners, practice safe interactions with wildlife, and seek prompt medical attention for any potential illness or injury related to animals.","1. Zoonotic Diseases: These are infections transmitted between animals and humans. Examples include Salmonella (from reptiles, birds, and mammals), Campylobacter (from raw poultry), Toxoplasma gondii (from cats), Rabies (from bats, dogs, raccoons, skunks, foxes, and other mammals), Lyme disease (from ticks), and Plague (from rodents). Symptoms vary depending on the specific disease but may include fever, rash, muscle aches, vomiting, diarrhea, and neurological problems.

2. Allergic Reactions: Some people may have allergic reactions to animal dander, saliva, urine, or feces. This can cause symptoms such as sneezing, runny nose, itchy eyes, wheezing, and asthma attacks.

3. Parasitic Infestations: Pets can carry parasites like roundworms, hookworms, tapeworms, fleas, and mites. Humans can become infected if they come into contact with contaminated soil, pet feces, or through bites. Symptoms range from skin irritation to more serious conditions like intestinal blockages.

4. Bite Wounds & Injuries: Animal bites can",1.3002191385104869,1.538417461758912,1.235855501643366,38.98300786289256,41.29629850230539,34.747889162421686,13.861386138613865,15.015015015015017,11.35646687697161,35.64356435643565,36.63663663663664,29.02208201892744,0.0,0.0,0.0,28.915662650602407,22.89156626506024,18.072289156626507,39.34426229508197,24.35897435897436,22.727272727272727,33.33333333333333,23.60248447204969,20.13422818791946,0.8610975742340088,0.8526322245597839,0.8318727612495422,1.0,0.6223942637443542,0.7070938944816589,4,4,2
Mistral-7B-Instruct-v0.3,mistral_7b.yaml,none,typos_grammar,40,What is (are) Ankle Injuries and Disorders ?,"What is/are ankle injurys and disorder's, like what do that even mean for the ankle ?","What are the specific types of ankle injuries and disorders, and how do they affect the ankle?","Your ankle bone and the ends of your two lower leg bones make up the ankle joint. Your ligaments, which connect bones to one another, stabilize and support it. Your muscles and tendons move it. The most common ankle problems are sprains and fractures. A sprain is an injury to the ligaments. It may take a few weeks to many months to heal completely. A fracture is a break in a bone. You can also injure other parts of the ankle such as tendons, which join muscles to bone, and cartilage, which cushions your joints. Ankle sprains and fractures are common sports injuries.","Ankle injuries and disorders refer to conditions that affect the ankle joint or its surrounding structures, such as ligaments, tendons, bones, and muscles. Common examples include sprains, strains, fractures, dislocations, arthritis, bursitis, tarsal tunnel syndrome, and Achilles tendonitis. These conditions can cause pain, swelling, instability, stiffness, and difficulty walking. Proper diagnosis and treatment by a healthcare professional are essential for effective management of these issues.","Ankle injuries refer to damage or harm inflicted upon the ankle joint and its surrounding soft tissues (such as ligaments, tendons, muscles, and bones). Common examples of ankle injuries include sprains, strains, fractures, dislocations, and tendonitis.

Ankle disorders, on the other hand, are chronic conditions affecting the ankle joint and its structures. Examples include osteoarthritis, rheumatoid arthritis, gout, and tarsal tunnel syndrome. These disorders can cause pain, swelling, stiffness, instability, and reduced mobility in the affected ankle over time. In both cases, these issues impact the ability to walk, run, jump, or perform daily activities comfortably.","There are several types of ankle injuries and disorders that can impact the ankle's function and mobility. Here are some common ones:

1. Ankle Sprains: This is one of the most common ankle injuries, occurring when the ligaments that support the ankle stretch beyond their limits and tear. It usually affects the lateral (outer) side of the ankle and may cause pain, swelling, bruising, and difficulty walking.

2. Fractures: A fracture occurs when there is a break in the bone. In the ankle, it could be a distal fibula fracture, distal tibia fracture, or syndesmosis injury (injury to the ligamentous structures connecting the two bones of the lower leg). Symptoms include severe pain, swelling, deformity, and difficulty bearing weight.

3. Achilles Tendonitis: This condition involves inflammation of the Achilles tendon, which connects the calf muscles to the heel bone. It causes pain, stiffness, and sometimes swelling at the back of the heel.

4. Osteoarthritis: This degenerative joint disease can also affect the ankle, causing pain, stiffness, and loss of motion over time as cartilage wears away.

5. Sever's Disease: Common in adolescents, this condition",2.5617577368964866,2.956406254081597,4.048056888966637,33.81925575690202,37.3915548794557,43.05444892603928,19.35483870967742,15.300546448087433,19.379844961240316,28.387096774193544,31.69398907103825,37.98449612403101,0.0,0.0,0.0,20.0,26.0,48.0,29.411764705882355,25.49019607843137,31.57894736842105,23.80952380952381,25.742574257425744,38.095238095238095,0.8608089089393616,0.8562939763069153,0.863032877445221,1.0,0.9147992730140686,0.8590720891952515,4,3,3
Mistral-7B-Instruct-v0.3,mistral_7b.yaml,none,ambiguity,41,What is (are) Ankylosing Spondylitis ?,"What is that long-term thing where your lower back/spine gets really stiff and inflamed over time, maybe even starts sort of fusing together or",What is the condition known as chronic spinal stenosis or ankylosing spondylitis?,"Ankylosing spondylitis is a type of arthritis of the spine. It causes inflammation between your vertebrae, which are the bones that make up your spine, and in the joints between your spine and pelvis. In some people, it can affect other joints. AS is more common and more severe in men. It often runs in families. The cause is unknown, but it is likely that both genes and factors in the environment play a role. Early symptoms of AS include back pain and stiffness. These problems often start in late adolescence or early adulthood. Over time, AS can fuse your vertebrae together, limiting movement. Some people have symptoms that come and go. Others have severe, ongoing pain. A diagnosis of AS is based on your medical history and a physical examination. You may also have imaging or blood tests. AS has no cure, but medicines can relieve symptoms and may keep the disease from getting worse. Eating a healthy diet, not smoking, and exercising can also help. In rare cases, you may need surgery to straighten the spine. NIH: National Institute of Arthritis and Musculoskeletal and Skin Disease","Ankylosing Spondylitis (AS) is a type of inflammatory arthritis that primarily affects the spine, causing it to become stiff and potentially fuse in severe cases. It typically begins in the lower back and can progress upward, affecting other parts of the body such as the hips, shoulders, and even the eyes. Symptoms may include pain and stiffness in the morning or after periods of inactivity, reduced flexibility, fatigue, and loss of appetite. AS often starts during young adulthood and has a higher prevalence among men than women. The exact cause is unknown, but genetics and the immune system play significant roles. Treatment usually involves medications to reduce inflammation, manage symptoms, and slow down joint damage. Regular exercise and physical therapy can also help maintain mobility and improve overall quality of life for those with ankylosing spondylitis.","The condition you're describing sounds like Degenerative Disc Disease (DDD) or Spinal Osteoarthritis. However, it's important to note that these conditions don't necessarily involve the spine ""fusing together.""

In DDD, the intervertebral discs in the spine degenerate over time due to aging, injury, or wear and tear. This can lead to pain, reduced mobility, and stiffness in the lower back.

Spinal osteoarthritis, also known as spondylosis, occurs when the facet joints in the spine—the joints between vertebrae—degenerate, causing inflammation, bone spurs, and narrowing of the spaces within the spine. This can result in pain, stiffness, and limited range of motion.

Both conditions can be managed with various treatments such as physical therapy, medication, exercise, and in some cases, surgery. It's always best to consult with a healthcare professional for an accurate diagnosis and treatment plan.","Chronic spinal stenosis refers to a narrowing of the spinal canal in the backbone, which can put pressure on the spinal cord or nerves. This condition often occurs due to aging, degenerative changes, or other conditions like osteoarthritis. Symptoms may include pain, numbness, weakness, or tingling sensations in the arms or legs.

Ankylosing spondylitis (AS), on the other hand, is a type of arthritis that primarily affects the spine. It causes inflammation of the spinal joints, leading to pain and stiffness, especially in the lower back. Over time, this inflammation can lead to new bone formation and fusion of the vertebrae, resulting in reduced mobility and a forward-stooped posture. Both conditions require proper diagnosis and management by healthcare professionals for effective treatment.",6.061084770993722,2.3953905148436645,7.310069167718685,38.52787011299839,37.74312110739249,36.91932937813102,23.17880794701987,15.737704918032788,16.02787456445993,38.41059602649007,33.44262295081968,31.358885017421606,0.0,0.0,0.0,15.068493150684931,19.17808219178082,16.43835616438356,17.46031746031746,22.58064516129032,20.33898305084746,16.176470588235293,20.74074074074074,18.181818181818183,0.8777873516082764,0.8513079881668091,0.8615959286689758,1.0,0.48198401927948,0.7897309064865112,4,2,3
Mistral-7B-Instruct-v0.3,mistral_7b.yaml,none,layperson,42,What is (are) Anthrax ?,"what is that bad infection thing people can get from animals or weird powder in the mail,, like what even is it and how does a person catch it?","What is anthrax, a bacterial disease that can be contracted through contact with infected animals or contaminated powders via mail?","Anthrax is a disease caused by Bacillus anthracis, a germ that lives in soil. Many people know about it from the 2001 bioterror attacks. In the attacks, someone purposely spread anthrax through the U.S. mail. This killed five people and made 22 sick. Anthrax is rare. It affects animals such as cattle, sheep, and goats more often than people. People can get anthrax from contact with infected animals, wool, meat, or hides. It can cause three forms of disease in people. They are - Cutaneous, which affects the skin. People with cuts or open sores can get it if they touch the bacteria. - Inhalation, which affects the lungs. You can get this if you breathe in spores of the bacteria. - Gastrointestinal, which affects the digestive system. You can get it by eating infected meat. Antibiotics often cure anthrax if it is diagnosed early. But many people don't know they have anthrax until it is too late to treat. A vaccine to prevent anthrax is available for people in the military and others at high risk. NIH: National Institute of Allergy and Infectious Diseases","Anthrax is a serious bacterial disease that primarily affects domestic and wild animals but can also infect humans. It's caused by the bacteria Bacillus anthracis. The disease occurs when spores of this bacteria, which can survive in soil for years, are ingested or come into contact with open wounds or mucous membranes. There are three main types of human anthrax: cutaneous (affecting the skin), inhalational (affecting the lungs), and gastrointestinal (affected through eating contaminated meat). If left untreated, anthrax can be fatal. Antibiotics like penicillin, doxycycline, or ciprofloxacin are typically used to treat it. Vaccines are available for people at high risk, such as military personnel and laboratory workers handling the bacterium.","The infection you're referring to is Anthrax. It's a serious bacterial disease that can occur among humans and other animals (like cattle, sheep, goats, camels, antelope, and pigs). There are three types of anthrax: cutaneous (affecting the skin), inhalational (affecting the lungs), and gastrointestinal (affected by eating contaminated meat).

Anthrax spores can be found in soil and commonly affect herbivores when they graze on contaminated land. Humans typically contract anthrax through contact with infected animal products, such as wool, hides, or hair, or by consuming undercooked contaminated meat. In rare cases, anthrax can also be spread through inhaling spores from contaminated materials or via intentional exposure (bioterrorism).

In the case of receiving an unusual powder in the mail, if it's suspected to contain anthrax spores, immediate action should be taken to avoid potential harm. This includes not opening any suspicious packages, isolating the package, washing hands thoroughly, and contacting local law enforcement and public health officials for further guidance.","Anthrax is a serious infectious disease caused by the bacteria Bacillus anthracis. It primarily affects domestic and wild animals but can also occur in humans. There are three main forms of human anthrax: cutaneous (affecting the skin), inhalational (affecting the lungs), and gastrointestinal (affecting the digestive system). The most common form is cutaneous anthrax, which occurs after coming into contact with infected animal products such as hides, wool, or hair. In rare cases, anthrax has been used as a bioterrorism agent due to its potential for lethality if inhaled. Treatment typically involves antibiotics like ciprofloxacin or doxycycline. Vaccines are available for people at high risk of exposure, such as veterinarians and laboratory workers handling B. anthracis.",2.809477330620992,4.163416478107856,3.695963926164807,39.07585000253499,41.12510365634085,40.43431587213186,22.22222222222222,15.337423312883436,22.775800711743774,42.29390681003584,38.65030674846626,38.43416370106761,0.0,0.0,0.0,28.57142857142857,20.0,21.428571428571427,40.0,21.875,31.91489361702128,33.33333333333333,20.895522388059703,25.64102564102564,0.8661304712295532,0.8589821457862854,0.8668167591094971,1.0,0.3414725661277771,0.7184308171272278,4,5,5
Mistral-7B-Instruct-v0.3,mistral_7b.yaml,none,incomplete,43,Do you have information about Antibiotic Resistance,Do you have any info on when germs kinda stop responding to medicine and what that means?,"What is antimicrobial resistance, and how does it affect the effectiveness of medications used to treat infections?","Summary : Antibiotics are medicines that fight bacterial infections. Used properly, they can save lives. But there is a growing problem of antibiotic resistance. It happens when bacteria change and become able to resist the effects of an antibiotic. Using antibiotics can lead to resistance. Each time you take antibiotics, sensitive bacteria are killed. But resistant germs may be left to grow and multiply. They can spread to other people. They can also cause infections that certain antibiotics cannot cure. Methicillin-resistant Staphylococcus aureus (MRSA) is one example. It causes infections that are resistant to several common antibiotics. To help prevent antibiotic resistance - Don't use antibiotics for viruses like colds or flu. Antibiotics don't work on viruses. - Don't pressure your doctor to give you an antibiotic. - When you take antibiotics, follow the directions carefully. Finish your medicine even if you feel better. If you stop treatment too soon, some bacteria may survive and re-infect you. - Don't save antibiotics for later or use someone else's prescription. Centers for Disease Control and Prevention","Yes, I can provide information about antibiotic resistance. Antibiotic resistance occurs when bacteria develop the ability to defeat the drugs designed to kill them or stop their growth. This happens as a result of mutations in bacterial DNA or the transfer of genetic material between bacteria. The overuse and misuse of antibiotics contribute significantly to this problem. It's crucial to use these medications responsibly to preserve their effectiveness for future generations.","The phenomenon you're referring to is known as antibiotic resistance. This occurs when bacteria evolve in response to the use of antibiotics, making them less effective or even completely resistant to these drugs. This can happen due to various mechanisms such as mutations, genetic transfer between bacteria, or changes in bacterial behavior. Antibiotic resistance poses significant challenges for modern medicine because it makes treating certain infections more difficult or impossible. It's crucial to use antibiotics responsibly (only when necessary and completing the full course) to slow down the development of antibiotic-resistant bacteria.","Antimicrobial resistance (AMR) refers to microorganisms like bacteria, viruses, fungi, and parasites that no longer respond to antimicrobial drugs, including antibiotics, antivirals, antifungals, and antiparasitic agents. This happens when these microbes evolve mechanisms to survive the effects of these medicines.

The development of AMR can lead to treatment failures and increases the risk of spread, leading to difficult-to-treat infections. When an infection becomes resistant to first-line treatments, more potent or toxic drugs may be needed, which could have severe side effects for patients. In some cases, there might not be any effective treatment available, potentially resulting in increased morbidity and mortality rates. It's crucial to use antimicrobials responsibly to slow down the emergence and spread of AMR.",0.7299434524283819,1.3084601331510322,2.199201165923057,24.06053589667799,31.45003295416921,32.22958985142649,12.60504201680672,15.26717557251908,13.937282229965156,22.689075630252105,30.53435114503816,27.874564459930312,0.0,0.0,0.0,11.827956989247312,17.20430107526882,13.978494623655912,37.93103448275862,38.095238095238095,30.952380952380956,18.0327868852459,23.703703703703702,19.25925925925926,0.8586342334747314,0.8585803508758545,0.8528714776039124,1.0,0.3930296003818512,0.7362704277038574,4,4,4
Mistral-7B-Instruct-v0.3,mistral_7b.yaml,none,overgeneralization,44,Do you have information about Antibiotics,"do you have any info on meds people take when theyre sick, like the stuff for infections and other health problems in general?",What medications are commonly used to treat various infections and health issues in general?,"Summary : Antibiotics are powerful medicines that fight bacterial infections. Used properly, antibiotics can save lives. They either kill bacteria or keep them from reproducing. Your body's natural defenses can usually take it from there. Antibiotics do not fight infections caused by viruses, such as - Colds - Flu - Most coughs and bronchitis - Sore throats, unless caused by strep If a virus is making you sick, taking antibiotics may do more harm than good. Using antibiotics when you don't need them, or not using them properly, can add to antibiotic resistance. This happens when bacteria change and become able to resist the effects of an antibiotic. When you take antibiotics, follow the directions carefully. It is important to finish your medicine even if you feel better. If you stop treatment too soon, some bacteria may survive and re-infect you. Do not save antibiotics for later or use someone else's prescription. Centers for Disease Control and Prevention","Yes, I can provide some basic information about antibiotics. Antibiotics are a type of medication used to treat infections caused by bacteria. They work by either killing the bacteria or inhibiting their growth. It's important to note that antibiotics do not work against viral infections like the common cold or flu, as these are caused by viruses, not bacteria. Overuse or misuse of antibiotics can lead to antibiotic resistance, which is a significant global health concern. Always consult with a healthcare professional before taking any antibiotics to ensure they are necessary and appropriate for your specific condition.","Yes, there are numerous medications used to treat various health issues such as infections. Here's a brief overview of some common categories:

1. Antibiotics: These drugs fight bacteria that cause infections. Examples include penicillin, amoxicillin, erythromycin, and ciprofloxacin. They should not be taken for viral infections like flu or common cold because they don't work against viruses.

2. Antivirals: Used specifically for treating viral infections, examples include acyclovir (for herpes), oseltamivir (for influenza), and zidovudine (for HIV).

3. Pain relievers/analgesics: Medications like ibuprofen, aspirin, and acetaminophen help reduce pain and fever. Some stronger opioids may also be prescribed for severe pain management.

4. Anti-inflammatories: Corticosteroids like prednisone can help decrease inflammation caused by conditions like arthritis, asthma, allergies, etc.

5. Decongestants: Drugs like pseudoephedrine and phenylephrine help shrink swollen membranes in your nose and sinuses, providing relief from nasal congestion due to colds or allergies.

6.","1. Antibiotics: These are used to treat bacterial infections such as pneumonia, urinary tract infections (UTIs), skin infections, and some sexually transmitted diseases (STDs). Examples include penicillin, amoxicillin, erythromycin, ciprofloxacin, and azithromycin.

2. Antivirals: Used for treating viral infections like influenza, HIV/AIDS, herpes, and hepatitis. Examples include acyclovir, oseltamivir, zidovudine, and lamivudine.

3. Antifungals: Used for treating fungal infections such as athlete's foot, ringworm, thrush, and yeast infections. Examples include terbinafine, clotrimazole, fluconazole, and itraconazole.

4. Anti-inflammatories: Used for reducing pain, swelling, and inflammation caused by conditions like arthritis, gout, or menstrual cramps. Examples include ibuprofen, naproxen, aspirin, and corticosteroids.

5. Bronchodilators: Used for relaxing muscles around the airways to improve breathing in people with asthma or chronic obstructive",3.65426039482428,1.292401377350838,1.3490069383820906,37.14062498468636,33.80360569933031,30.69707589663535,19.51219512195122,9.271523178807948,10.948905109489052,36.58536585365854,24.503311258278146,16.05839416058394,0.0,0.0,0.0,21.052631578947366,7.894736842105263,5.263157894736842,38.095238095238095,9.523809523809524,8.51063829787234,27.11864406779661,8.633093525179856,6.5040650406504055,0.872954785823822,0.8202324509620667,0.7955788373947144,1.0,0.5710306763648987,0.5221382975578308,5,3,3
Mistral-7B-Instruct-v0.3,mistral_7b.yaml,none,typos_grammar,45,Do you have information about Antidepressants,do u have any infoormation abot anti depressnts and how they work maybe?,How do antidepressants function in treating depression?,"Summary : Antidepressants are medicines that treat depression. Your doctor can prescribe them for you. They work to balance some of the natural chemicals in our brains. It may take several weeks for them to help. There are several types of antidepressants. You and your doctor may have to try a few before finding what works best for you. Antidepressants may cause mild side effects that usually do not last long. These may include headache, nausea, sleep problems, restlessness, and sexual problems. Tell your doctor if you have any side effects. You should also let your doctor know if you take any other medicines, vitamins, or herbal supplements. It is important to keep taking your medicines, even if you feel better. Do not stop taking your medicines without talking to your doctor. You often need to stop antidepressants gradually. NIH: National Institute of Mental Health","Yes, I can provide some general information about antidepressants. They are a class of medications used to treat depression, anxiety disorders, and other mental health conditions. The most common types include selective serotonin reuptake inhibitors (SSRIs), tricyclic antidepressants (TCAs), monoamine oxidase inhibitors (MAOIs), and atypical antidepressants. These drugs work by altering the balance of certain chemicals in the brain, particularly neurotransmitters like serotonin and norepinephrine. It's important to note that they may take several weeks to start working and should be taken under the supervision of a healthcare provider due to potential side effects and interactions with other medications or substances. Always consult your doctor for personalized advice regarding medication use.","Antidepressants are a class of medications used to treat depression, anxiety disorders, and other mental health conditions. They work by altering the balance of certain chemicals in the brain, primarily neurotransmitters like serotonin, norepinephrine, and dopamine.

1. Selective Serotonin Reuptake Inhibitors (SSRIs): These drugs increase the levels of serotonin in the brain by preventing its reabsorption back into nerve cells. Examples include fluoxetine (Prozac), paroxetine (Paxil), sertraline (Zoloft), citalopram (Celexa), and escitalopram (Lexapro).
2. Tricyclic Antidepressants (TCAs): TCAs affect multiple neurotransmitter systems, including serotonin, norepinephrine, and acetylcholine. They are less commonly prescribed due to their side effects but may be more effective for some types of depression or pain. Examples include amitriptyline, imipramine, and nortriptyline.
3. Monoamine Oxidase Inhibitors (MAOIs): MAOIs block the enzyme monoamine oxidase, which breaks down neurotransmitters such as serotonin, norepinephrine, and dopamine. This leads to","Antidepressants work by altering the balance of certain chemicals (neurotransmitters) in the brain, primarily serotonin, norepinephrine, and dopamine. These neurotransmitters play vital roles in mood regulation. By increasing the availability of these neurotransmitters at synapses or inhibiting their reuptake into neurons, antidepressants help to improve symptoms associated with depression such as feelings of sadness, anxiety, and loss of interest or pleasure in activities. However, it's important to note that everyone responds differently to different medications, so finding an effective treatment may require trying several options and working closely with a healthcare provider.",3.523456590593164,2.048420651115074,1.04151359882002,39.74882906269907,34.946069989554815,31.59917414540465,19.35483870967742,14.54545454545454,13.043478260869565,33.87096774193549,22.545454545454547,20.869565217391305,0.0,0.0,0.0,18.33333333333333,13.333333333333334,13.333333333333334,28.205128205128204,21.62162162162162,21.62162162162162,22.22222222222222,16.494845360824744,16.494845360824744,0.8603874444961548,0.8207057118415833,0.8568322658538818,1.0,0.7713297009468079,0.6622738838195801,4,2,4
Mistral-7B-Instruct-v0.3,mistral_7b.yaml,none,ambiguity,46,Do you have information about Antioxidants,Do you know much about those things people take or eat that are supposed to help with damage or aging or like cell stuff?,"What over-the-counter supplements or foods can aid in addressing cellular damage, aging processes, or overall cell health?","Summary : Antioxidants are man-made or natural substances that may prevent or delay some types of cell damage. Antioxidants are found in many foods, including fruits and vegetables. They are also available as dietary supplements. Examples of antioxidants include - Beta-carotene - Lutein - Lycopene - Selenium - Vitamin A - Vitamin C - Vitamin E Vegetables and fruits are rich sources of antioxidants. There is good evidence that eating a diet with lots of vegetables and fruits is healthy and lowers risks of certain diseases. But it isn't clear whether this is because of the antioxidants, something else in the foods, or other factors. High-dose supplements of antioxidants may be linked to health risks in some cases. For example, high doses of beta-carotene may increase the risk of lung cancer in smokers. High doses of vitamin E may increase risks of prostate cancer and one type of stroke. Antioxidant supplements may also interact with some medicines. To minimize risk, tell you of your health care providers about any antioxidants you use. NIH: National Center for Complementary and Integrative Health","Yes, I can provide some information about antioxidants. Antioxidants are substances that help protect your body's cells from damage caused by molecules called free radicals. Free radicals are produced when your body breaks down food or is exposed to tobacco smoke, radiation, or pollution. They contain an unpaired electron in their outer shell, which makes them highly reactive and capable of damaging other cells in your body.

Antioxidants work by donating electrons to these free radicals without becoming unstable themselves. This process neutralizes the free radicals and prevents further cellular damage. Some common antioxidants include vitamins A, C, E, beta-carotene, lycopene, selenium, and flavonoids found in fruits, vegetables, nuts, seeds, and certain beverages like green tea and red wine.

A balanced diet rich in fruits, vegetables, lean proteins, and whole grains provides adequate amounts of antioxidants for most people. However, excessive consumption of certain antioxidant supplements may lead to adverse effects, so it's always best to consult with a healthcare professional before starting any new supplement regimen.","The substances you're referring to are generally known as dietary supplements, antioxidants, or anti-aging agents. These can include vitamins (like A, C, E), minerals (such as zinc and selenium), amino acids, herbs, and other compounds. They are believed to help protect cells from damage and potentially slow down the aging process by neutralizing harmful molecules called free radicals. However, it is important to note that while some research suggests potential benefits, there is limited scientific evidence supporting their effectiveness in preventing or treating age-related diseases. Always consult a healthcare provider before starting any new supplement regimen.","While I'm not a doctor, I can provide some general information about nutrients that may support cellular health. However, it's important to remember that everyone is unique, and what works for one person might not work for another. Always consult with a healthcare provider before starting any new supplement regimen. Here are some commonly mentioned nutrients:

1. Antioxidants: These substances help protect cells from oxidative stress caused by free radicals. Food sources include berries (especially blueberries and strawberries), dark leafy greens, nuts, seeds, citrus fruits, and green tea. Some antioxidant supplements include vitamins C, E, A, and beta-carotene.

2. Omega-3 fatty acids: Found primarily in fish oil, these essential fats have been linked to various health benefits, including reducing inflammation and supporting heart and brain health. They also play a role in maintaining cell membrane integrity.

3. B Vitamins: Particularly B6, B9 (folate), and B12, which contribute to DNA synthesis and repair, as well as methionine metabolism – a process involved in preventing excessive accumulation of harmful compounds within cells. Good food sources include lean meats, fish, eggs, legumes, whole grains, and fortified cereals.

4.",2.2818956179235985,1.777562324296328,1.0877564332966063,42.72504243933789,29.25579166782793,39.40445369634792,17.80415430267062,13.483146067415731,11.267605633802816,33.82789317507419,23.97003745318352,27.605633802816904,0.0,0.0,0.0,16.666666666666664,5.555555555555555,13.88888888888889,15.384615384615383,11.76470588235294,12.048192771084338,16.0,7.547169811320755,12.903225806451612,0.8554638624191284,0.8488671183586121,0.8371381759643555,1.0,0.5183303952217102,0.4559966623783111,4,4,3
Mistral-7B-Instruct-v0.3,mistral_7b.yaml,none,layperson,47,What is (are) Anxiety ?,"what is it called when a person gets all nervouse n worked up for no real reason, like heart racing, cant calm down, mind wont stop etc and is that just a normal thing or some kinda problem?","Is this condition known as anxiety disorder, where an individual experiences symptoms like rapid heart rate, inability to relax, and an overactive mind without a specific trigger?","Fear and anxiety are part of life. You may feel anxious before you take a test or walk down a dark street. This kind of anxiety is useful - it can make you more alert or careful. It usually ends soon after you are out of the situation that caused it. But for millions of people in the United States, the anxiety does not go away, and gets worse over time. They may have chest pains or nightmares. They may even be afraid to leave home. These people have anxiety disorders. Types include - Panic disorder - Obsessive-compulsive disorder - Post-traumatic stress disorder - Phobias - Generalized anxiety disorder Treatment can involve medicines, therapy or both. NIH: National Institute of Mental Health","Anxiety refers to a state of intense fear, worry, or apprehension about what might happen in the future. It can manifest as physical symptoms such as rapid heart rate, sweating, restlessness, and difficulty breathing. There are several types of anxiety disorders recognized by the American Psychiatric Association, including Generalized Anxiety Disorder (GAD), Panic Disorder, Social Anxiety Disorder, Phobias, Obsessive-Compulsive Disorder (OCD), and Post-Traumatic Stress Disorder (PTSD). These conditions affect millions of people worldwide and can significantly impact daily life if left untreated.","The condition you're describing is commonly known as anxiety. Anxiety disorders can cause symptoms such as rapid heart rate, difficulty calming down, restlessness, and an overactive mind, even without any apparent reason. While feelings of anxiety are normal at times (like before a big exam or public speaking event), persistent and excessive worry may indicate an anxiety disorder. It's important to consult with a healthcare professional if these symptoms interfere significantly with daily life or last longer than six months. Treatment options include therapy, medication, lifestyle changes, and relaxation techniques.","Yes, these symptoms can be associated with Generalized Anxiety Disorder (GAD), which is characterized by excessive and persistent worry about various aspects of life, leading to physical symptoms such as restlessness, fatigue, difficulty concentrating, irritability, muscle tension, and rapid heart rate. However, it's important to note that only a healthcare professional can diagnose GAD or any other mental health conditions. If you or someone else is experiencing these symptoms, seeking help from a qualified healthcare provider is recommended.",2.409845987004046,1.452214769190953,1.0655381684950729,36.06896693720299,33.84254923221926,27.15216198307259,19.587628865979383,11.000000000000002,9.473684210526317,36.08247422680412,26.0,21.052631578947366,0.0,0.0,0.0,23.07692307692308,15.384615384615383,5.769230769230769,33.33333333333333,18.181818181818183,10.344827586206897,27.27272727272728,16.666666666666668,7.407407407407408,0.8659191131591797,0.853640079498291,0.8385283946990967,0.9999999403953552,0.4932754635810852,0.6242933869361877,4,4,4
Mistral-7B-Instruct-v0.3,mistral_7b.yaml,none,incomplete,48,What is (are) Aortic Aneurysm ?,"what is that aneurysm thing in the big artery, like what does it mean?",What is the specific type and location of a brain aneurysm in the large cerebral arteries?,"An aneurysm is a bulge or ""ballooning"" in the wall of an artery. Arteries are blood vessels that carry oxygen-rich blood from the heart to other parts of the body. If an aneurysm grows large, it can burst and cause dangerous bleeding or even death. Most aneurysms are in the aorta, the main artery that runs from the heart through the chest and abdomen. There are two types of aortic aneurysm: - Thoracic aortic aneurysms - these occur in the part of the aorta running through the chest - Abdominal aortic aneurysms - these occur in the part of the aorta running through the abdomen Most aneurysms are found during tests done for other reasons. Some people are at high risk for aneurysms. It is important for them to get screening, because aneurysms can develop and become large before causing any symptoms Screening is recommended for people between the ages of 65 and 75 if they have a family history, or if they are men who have smoked. Doctors use imaging tests to find aneurysms. Medicines and surgery are the two main treatments. NIH: National Heart, Lung, and Blood Institute","An Aortic Aneurysm is a bulge or dilation in the wall of the aorta, which is the largest artery in the body. There are two main types: abdominal aortic aneurysms that occur in the lower part of the aorta near the stomach, and thoracic aortic aneurysms that develop in the chest area. If left untreated, they can potentially rupture, leading to life-threatening internal bleeding.","An aneurysm is a dilated or widened section of an artery, caused by a weakening in the wall of the blood vessel. When you mention ""the big artery,"" I assume you're referring to the aorta, which is the largest artery in the body. Aortic aneurysms can occur anywhere along the length of the aorta but are most common in the abdomen (abdominal aortic aneurysm) or chest (thoracic aortic aneurysm). If left untreated, they may rupture, leading to life-threatening internal bleeding. It's essential to consult with a healthcare professional if you suspect an aneurysm or have risk factors such as high blood pressure, smoking, family history, or advanced age.","A brain aneurysm located in the large cerebral arteries is typically a saccular (berry) aneurysm. These aneurysms usually occur at the bifurcation or branching points of these arteries such as the internal carotid artery, middle cerebral artery, anterior cerebral artery, posterior communicating artery, and basilar artery. It's important to note that not all individuals with these types of vessels will develop aneurysms, but when they do, it can be life-threatening if ruptured.",3.441512150399493,6.301449891028222,0.8899962065442949,25.802734503666137,34.35948597792336,22.51256713594722,23.42342342342342,18.2509505703422,11.864406779661016,36.03603603603604,35.74144486692015,24.57627118644068,0.0,0.0,0.0,20.51282051282051,21.7948717948718,12.82051282051282,61.53846153846154,37.77777777777778,40.0,30.76923076923077,27.64227642276423,19.41747572815534,0.8894177675247192,0.8844040036201477,0.8491123914718628,0.9999998807907104,0.7426072359085083,0.6341060400009155,5,5,2
Mistral-7B-Instruct-v0.3,mistral_7b.yaml,none,overgeneralization,49,What is (are) Aphasia ?,"what does it usually mean when some1 suddenly has big problems talking or getting words out and maybe not understanding stuff right, is that like a general brain/language issue or just speech trouble?","What could cause sudden difficulty in speaking, word finding issues, and potential comprehension problems, specifically related to language processing in the brain?","Aphasia is a disorder caused by damage to the parts of the brain that control language. It can make it hard for you to read, write, and say what you mean to say. It is most common in adults who have had a stroke. Brain tumors, infections, injuries, and dementia can also cause it. The type of problem you have and how bad it is depends on which part of your brain is damaged and how much damage there is. There are four main types: - Expressive aphasia - you know what you want to say, but you have trouble saying or writing what you mean - Receptive aphasia - you hear the voice or see the print, but you can't make sense of the words - Anomic aphasia - you have trouble using the correct word for objects, places, or events - Global aphasia - you can't speak, understand speech, read, or write Some people recover from aphasia without treatment. Most, however, need language therapy as soon as possible. NIH: National Institute of Neurological Disorders and Stroke","Aphasia is a communication disorder caused by damage or injury to language areas of the brain, most commonly due to stroke. It impairs a person's ability to speak, understand speech, read, write, or use appropriate gestures for communication. There are several types of aphasia, including Broca's aphasia (difficulty speaking), Wernicke's aphasia (difficulty understanding spoken or written language), and conduction aphasia (impaired repetition of words). The symptoms and severity vary depending on the location and extent of the brain damage.","This symptom could indicate a language disorder known as Aphasia, which is typically caused by damage to the language areas of the brain, often due to stroke or head injury. It's characterized by difficulties in speaking, understanding spoken or written language, reading, and writing. However, it's important to note that other conditions can also cause similar symptoms, so a thorough evaluation by a healthcare professional is necessary for an accurate diagnosis.","The symptoms you've described - sudden difficulty in speaking (dysarthria), word-finding issues (anomia), and potential comprehension problems - can be indicative of a stroke affecting the left side or dominant hemisphere of the brain, particularly the areas involved in language processing such as Broca's area for speech production and Wernicke's area for language comprehension. Other possible causes include progressive neurological disorders like multiple sclerosis, dementias, encephalitis, or head trauma. However, it is crucial to consult with a healthcare professional for an accurate diagnosis and appropriate treatment.",6.363469521554592,2.2286054288956088,1.271997714724726,31.508917237449516,25.29231725635696,29.137340564317288,19.24686192468619,14.782608695652174,11.475409836065571,35.14644351464436,26.08695652173913,22.131147540983605,0.0,0.0,0.0,24.0,14.666666666666666,9.333333333333334,46.15384615384615,37.93103448275862,19.444444444444446,31.57894736842105,21.15384615384616,12.612612612612612,0.8813510537147522,0.8693182468414307,0.8371452689170837,1.0,0.2442886382341385,0.240998700261116,4,5,4
