model,config,quantization,noise_type,question_id,question_clean,question_noisy,question_repaired,reference_answer,answer_clean,answer_noisy,answer_repaired,bleu_clean,bleu_noisy,bleu_repaired,chrf_clean,chrf_noisy,chrf_repaired,rouge_l_clean,rouge_l_noisy,rouge_l_repaired,token_f1_clean,token_f1_noisy,token_f1_repaired,exact_match_clean,exact_match_noisy,exact_match_repaired,med_coverage_clean,med_coverage_noisy,med_coverage_repaired,med_precision_clean,med_precision_noisy,med_precision_repaired,med_f1_clean,med_f1_noisy,med_f1_repaired,bertscore_clean,bertscore_noisy,bertscore_repaired,intent_preservation_clean,intent_preservation_noisy,intent_preservation_repaired,geval_clean,geval_noisy,geval_repaired
Qwen2.5-32B-Instruct (4bit),qwen25_32b_4bit.yaml,4bit,typos_grammar,0,Do you have information about A1C,"do you got any info rmation abotu A1C , like what it is an how it works?",What is HbA1c and how does it work?,"Summary : A1C is a blood test for type 2 diabetes and prediabetes. It measures your average blood glucose, or blood sugar, level over the past 3 months. Doctors may use the A1C alone or in combination with other diabetes tests to make a diagnosis. They also use the A1C to see how well you are managing your diabetes. This test is different from the blood sugar checks that people with diabetes do every day. Your A1C test result is given in percentages. The higher the percentage, the higher your blood sugar levels have been: - A normal A1C level is below 5.7 percent - Prediabetes is between 5.7 to 6.4 percent. Having prediabetes is a risk factor for getting type 2 diabetes. People with prediabetes may need retests every year. - Type 2 diabetes is above 6.5 percent - If you have diabetes, you should have the A1C test at least twice a year. The A1C goal for many people with diabetes is below 7. It may be different for you. Ask what your goal should be. If your A1C result is too high, you may need to change your diabetes care plan. NIH: National Institute of Diabetes and Digestive and Kidney Diseases","A1C (also known as hemoglobin A1c) is a blood test used to diagnose and monitor diabetes by measuring average blood glucose levels over the past 2-3 months. It reflects what percentage of your hemoglobin—the protein in red blood cells that carries oxygen—is coated with sugar (glycated). Normal ranges for A1C are typically below 5.7%, prediabetes is between 5.7% - 6.4%, and diabetes is diagnosed at an A1C of 6.5% or higher. Regular monitoring helps manage diabetes effectively.","A1C (also known as glycated hemoglobin) is a blood test that provides information about average blood glucose levels over the past 2 to 3 months. It measures the percentage of hemoglobin molecules in red blood cells that have glucose attached to them.

How it Works:
When sugar circulates in your bloodstream, some of it attaches to hemoglobin proteins inside red blood cells. The higher the concentration of glucose in the blood, the more glycosylation occurs. Since red blood cells live for approximately three months before they're replaced, this measurement gives insight into long-term glucose control.

The results help healthcare providers diagnose diabetes or prediabetes and monitor treatment effectiveness for people with diagnosed diabetes. An A1C level below 5.7% indicates normal blood sugars; between 5.7-6.4%, there's increased risk but not yet diabetic range; above 6.5% typically confirms diabetes diagnosis if done twice at different times. For those managing diabetes, target ranges can vary depending upon individual circumstances but often aim lower than 7%. 

Regular testing helps adjust treatments such as diet, exercise, medications etc., aiming towards maintaining optimal health outcomes by keeping blood glucose within recommended limits.","HbA1c (hemoglobin A1c) is a form of hemoglobin that is covalently bound to glucose. It indicates average blood sugar levels over the past 2-3 months because red blood cells have an approximate lifespan of three months in circulation. The higher the concentration of glucose in the bloodstream during this period, the more likely it is for some of these molecules to bind with hemoglobin proteins within red blood cells forming HbA1c.

Doctors use the HbA1c test as part of diagnosing type 1 and type 2 diabetes and monitoring long-term glycemic control in people already diagnosed with either condition. An elevated level suggests poor glucose management or potential undiagnosed diabetes. Normal ranges typically fall below 5.7%, while values between 5.7% - 6.4% indicate prediabetes; above 6.5% can confirm diabetes if other tests corroborate findings. Regular testing helps tailor treatment plans aiming at reducing complications associated with chronic hyperglycemia.",2.2274142326983584,6.053313291876483,4.917358293302729,24.67954968906294,41.27853524586188,34.78014346296471,26.119402985074625,20.32085561497326,19.879518072289155,39.55223880597015,36.898395721925134,37.34939759036144,0.0,0.0,0.0,16.0,22.666666666666664,21.333333333333336,41.37931034482759,20.48192771084337,26.229508196721312,23.07692307692308,21.518987341772142,23.529411764705884,0.8686206936836243,0.8597570657730103,0.8568485379219055,1.0,0.8034437298774719,0.4656638503074646,5,5,4
Qwen2.5-32B-Instruct (4bit),qwen25_32b_4bit.yaml,4bit,ambiguity,1,What is (are) Abdominal Pain ?,"what does it mean if your stomach/belly area is hurting inside, like that kind of pain in the middle, or around there, is that just a regular stomach ache or something else?",What could be causing pain in the middle or around the belly area?,"Your abdomen extends from below your chest to your groin. Some people call it the stomach, but your abdomen contains many other important organs. Pain in the abdomen can come from any one of them. The pain may start somewhere else, such as your chest. Severe pain doesn't always mean a serious problem. Nor does mild pain mean a problem is not serious. Call your healthcare provider if mild pain lasts a week or more or if you have pain with other symptoms. Get medical help immediately if - You have abdominal pain that is sudden and sharp - You also have pain in your chest, neck or shoulder - You're vomiting blood or have blood in your stool - Your abdomen is stiff, hard and tender to touch - You can't move your bowels, especially if you're also vomiting","Abdominal pain refers to discomfort or pain felt in the abdomen, which can vary from mild to severe. It's a symptom that may result from various conditions affecting organs such as the stomach, intestines, liver, pancreas, kidneys, or reproductive organs. Causes range widely including indigestion, gas, constipation, infections, inflammation, blockages, injuries, or more serious issues like appendicitis, ulcers, hernias, or cancers. The nature of abdominal pain—its location, intensity, duration, and associated symptoms—is crucial for diagnosing its cause.","Stomach pain can be caused by various conditions ranging from mild to severe. Common causes include indigestion, gas, constipation, or gastroenteritis (stomach flu). However, persistent or severe pain could indicate more serious issues such as appendicitis, ulcers, gallstones, or other gastrointestinal disorders.

If the pain is accompanied by fever, vomiting, blood in stool, difficulty breathing, or lasts longer than 24 hours, you should seek immediate medical attention. For less severe cases, over-the-counter medications for digestive discomfort may help, but consulting with a healthcare provider will ensure proper diagnosis and treatment tailored to your specific condition.","Pain in the middle or around the belly area can have various causes including but not limited to:

1. Gastrointestinal issues such as gastritis, peptic ulcers, gastroesophageal reflux disease (GERD), irritable bowel syndrome (IBS).
2. Digestive tract obstruction like constipation or blockages.
3. Infections such as food poisoning or viral/bacterial infections affecting organs within the abdomen.
4. Organ-specific conditions like pancreatitis, appendicitis, gallstones, kidney stones.
5. Muscular/skeletal problems involving abdominal muscles or hernias.

It's important for an individual experiencing persistent or severe abdominal pain to consult with their healthcare provider for proper diagnosis and treatment.",2.520443777030657,1.482837754457978,2.102404706041788,27.763340981291663,32.12895422483314,31.93170819720319,15.311004784688995,16.740088105726873,9.649122807017545,28.708133971291865,31.71806167400881,21.929824561403507,0.0,0.0,0.0,8.333333333333332,15.0,8.333333333333332,12.195121951219512,20.0,10.638297872340424,9.9009900990099,17.142857142857142,9.345794392523365,0.8394913673400879,0.8551842570304871,0.8252240419387817,1.0,0.6781894564628601,0.6852946281433105,4,3,4
Qwen2.5-32B-Instruct (4bit),qwen25_32b_4bit.yaml,4bit,layperson,2,What is (are) Abortion ?,"what does it mean when a pregancy gets ended early or the baby is not kept, like how does that whole thing happen and what is it exactly ?",What are the causes and processes involved in an early pregnancy termination or miscarriage?,"An abortion is a procedure to end a pregnancy. It uses medicine or surgery to remove the embryo or fetus and placenta from the uterus. The procedure is done by a licensed health care professional. The decision to end a pregnancy is very personal. If you are thinking of having an abortion, most healthcare providers advise counseling.","Abortion refers to the termination of pregnancy before it can result in a viable infant, either naturally through miscarriage or induced via medical procedures. Induced abortion methods include medication-induced abortions using drugs like mifepristone and misoprostol, or surgical procedures such as vacuum aspiration and dilation and evacuation. The legality and availability vary widely by country and sometimes within regions of countries due to differing laws and regulations.","When pregnancy ends prematurely due to natural causes, it's often referred to as miscarriage. A miscarriage typically occurs before 20 weeks of gestation and can be caused by various factors including chromosomal abnormalities in the embryo.

If the decision is made to end the pregnancy intentionally after confirmation of pregnancy but before birth, this procedure is known as an abortion. Abortion methods vary depending on the stage of pregnancy; they include medication-induced abortions (using drugs such as mifepristone and misoprostol) for earlier stages, and surgical procedures like vacuum aspiration or dilation and evacuation later in pregnancy.

Both scenarios involve termination of fetal development with different contexts—miscarriages being unplanned biological events while abortions may result from personal health decisions, legal rights, or other circumstances. Each process has its own physical and emotional impacts which might require support during recovery periods.","Early pregnancy termination (miscarriage) is typically defined as the loss of a pregnancy before 20 weeks gestation. The primary cause of most first-trimester miscarriages is chromosomal abnormalities within the embryo or fetus, often occurring by chance during fertilization.

Other factors that can contribute to miscarriage include:

1. Hormonal issues - such as insufficient progesterone which supports the uterine lining for implantation and growth.
2. Uterine anomalies – structural problems with the uterus may prevent proper fetal development.
3. Immune responses – where the body’s immune system attacks the developing placenta.
4. Lifestyle choices like smoking, excessive alcohol consumption, drug use, and high levels of caffeine intake.
5. Medical conditions including uncontrolled diabetes, thyroid disease, polycystic ovary syndrome (PCOS), infections, and autoimmune disorders.
6. Advanced maternal age increases risk due to decreased egg quality over time.

The process involves hormonal changes leading to cessation of embryonic/fetal heart activity followed by shedding of the uterine contents through bleeding and cramping similar to menstruation but usually heavier. This natural expulsion helps clear any remaining tissue from the uterus preventing infection. In some cases, if this does not occur naturally, medication or surgical intervention might be required.",1.6870307743461666,1.4376223742847123,2.2777764670543164,33.57040168873491,35.15345136064774,30.281752741934444,16.071428571428573,12.021857923497269,8.73362445414847,19.642857142857142,25.136612021857925,16.593886462882097,0.0,0.0,0.0,4.761904761904762,28.57142857142857,23.809523809523807,5.0,10.0,5.319148936170213,4.878048780487805,14.814814814814817,8.695652173913043,0.853912353515625,0.8528118133544922,0.8374298810958862,0.9999999403953552,0.4420582950115204,0.4521128237247467,4,4,2
Qwen2.5-32B-Instruct (4bit),qwen25_32b_4bit.yaml,4bit,incomplete,3,What is (are) Abscess ?,what is that painful swollen thing with pus?,"What is causing the pain, swelling, and presence of pus in the affected area?","An abscess is a pocket of pus. You can get an abscess almost anywhere in your body. When an area of your body becomes infected, your body's immune system tries to fight the infection. White blood cells go to the infected area, collect within the damaged tissue, and cause inflammation. During this process, pus forms. Pus is a mixture of living and dead white blood cells, germs, and dead tissue. Bacteria, viruses, parasites and swallowed objects can all lead to abscesses. Skin abscesses are easy to detect. They are red, raised and painful. Abscesses inside your body may not be obvious and can damage organs, including the brain, lungs and others. Treatments include drainage and antibiotics.","An abscess is a localized collection of pus caused by infection, typically surrounded by swollen tissue. It forms as part of the body's defense mechanism to contain infections. Common causes include bacterial infections; they can occur in various parts of the body such as skin, teeth, or internal organs. Symptoms often include pain, swelling, redness, and warmth at the site. Treatment usually involves antibiotics and sometimes drainage of the pus.","A painful, swollen area containing pus typically describes an abscess. An abscess is a localized infection walled off by tissue from the rest of the body; it can occur anywhere in or on the body due to bacterial, fungal, or other infections. Treatment often involves drainage and antibiotics if necessary. Consultation with a healthcare provider for proper diagnosis and treatment is recommended.","The symptoms of pain, swelling, and the presence of pus typically indicate an infection, often localized to that specific area. This could be due to conditions such as abscesses or other types of bacterial infections where the body's immune response leads to accumulation of white blood cells, dead tissue, and bacteria forming pus. It’s important for a healthcare provider to evaluate these signs to determine the exact cause and appropriate treatment.",3.0139258763481447,2.856970613312999,3.5296181991075124,30.406880299786977,28.69003751983623,29.25283135184858,17.34104046242775,13.580246913580249,20.57142857142857,27.74566473988439,24.691358024691358,30.85714285714285,0.0,0.0,0.0,15.517241379310343,17.24137931034483,17.24137931034483,30.0,37.03703703703704,37.03703703703704,20.454545454545457,23.529411764705884,23.529411764705884,0.8810343146324158,0.8732394576072693,0.8762670755386353,1.0,0.4006654024124145,0.3836942911148071,5,5,4
Qwen2.5-32B-Instruct (4bit),qwen25_32b_4bit.yaml,4bit,overgeneralization,4,What is (are) Acne ?,"What is that skin break out stuff, like when your face an maybe back gets little bumps n red spots, is it just a normal skin problem or some bigger body thing?","What causes small bumps and red spots on the face and back, and could this indicate a general health issue beyond a typical skin condition?","Acne is a common skin disease that causes pimples. Pimples form when hair follicles under your skin clog up. Most pimples form on the face, neck, back, chest, and shoulders. Anyone can get acne, but it is common in teenagers and young adults. It is not serious, but it can cause scars. No one knows exactly what causes acne. Hormone changes, such as those during the teenage years and pregnancy, probably play a role. There are many myths about what causes acne. Chocolate and greasy foods are often blamed, but there is little evidence that foods have much effect on acne in most people. Another common myth is that dirty skin causes acne; however, blackheads and pimples are not caused by dirt. Stress doesn't cause acne, but stress can make it worse. If you have acne - Clean your skin gently - Try not to touch your skin - Avoid the sun Treatments for acne include medicines and creams. NIH: National Institute of Arthritis and Musculoskeletal and Skin Diseases","Acne is a common skin condition characterized by pimples, blackheads, whiteheads, and cysts that occur when hair follicles become clogged with oil and dead skin cells. It typically affects areas of the body with high numbers of sebaceous glands such as the face, back, chest, shoulders, and neck. Hormonal changes often trigger acne development due to increased production of oils in the skin.","The condition you're describing sounds like acne, which commonly appears as small bumps or red spots on the face, neck, chest, shoulders, and back. Acne occurs due to clogged hair follicles (pores) often from excess oil production in the skin, dead skin cells, bacteria, and sometimes hormonal changes. It's generally considered a common skin issue rather than indicative of a larger health concern but can vary in severity. If persistent or severe, consulting with a dermatologist may be beneficial for proper treatment options.","Small bumps and red spots appearing on the face and back can be caused by several conditions including acne, rosacea, folliculitis (inflamed hair follicles), or heat rash. These typically do not signify an underlying serious systemic disease but rather localized issues with pores, sebaceous glands, or irritation.

However, if these symptoms persist despite treatment for common dermatological concerns, they might warrant further investigation to rule out less frequent conditions such as lupus erythematosus, psoriasis, or allergic reactions which may have broader implications for overall health. Consulting a healthcare provider is advisable when symptoms are persistent or accompanied by other signs like fever, fatigue, joint pain, or changes in bowel habits that suggest potential systemic involvement.",3.2664028525979543,3.919562935388288,1.6294676134905743,23.255650224128903,25.44263028435434,30.449120058867056,18.099547511312217,13.27800829875519,10.218978102189782,27.14932126696833,24.06639004149378,21.167883211678834,0.0,0.0,0.0,14.102564102564102,12.82051282051282,10.256410256410255,33.33333333333333,25.0,17.77777777777778,19.81981981981982,16.94915254237288,13.008130081300813,0.878246009349823,0.858688473701477,0.824907660484314,1.0,0.4476477205753326,0.4364610910415649,4,4,3
Qwen2.5-32B-Instruct (4bit),qwen25_32b_4bit.yaml,4bit,typos_grammar,5,What is (are) Acoustic Neuroma ?,what is/are accoustic neuoroma exacly ?,What is an acoustic neuroma?,"An acoustic neuroma is a benign tumor that develops on the nerve that connects the ear to the brain. The tumor usually grows slowly. As it grows, it presses against the hearing and balance nerves. At first, you may have no symptoms or mild symptoms. They can include - Loss of hearing on one side - Ringing in ears - Dizziness and balance problems The tumor can also eventually cause numbness or paralysis of the face. If it grows large enough, it can press against the brain, becoming life-threatening. Acoustic neuroma can be difficult to diagnose, because the symptoms are similar to those of middle ear problems. Ear exams, hearing tests, and scans can show if you have it. If the tumor stays small, you may only need to have it checked regularly. If you do need treatment, surgery and radiation are options. If the tumors affect both hearing nerves, it is often because of a genetic disorder called neurofibromatosis. NIH: National Institute on Deafness and Communication Disorders","An acoustic neuroma, also known as vestibular schwannoma, is a benign tumor that develops on the eighth cranial nerve leading from the inner ear to the brain. This nerve plays a crucial role in hearing and balance. The growth of this tumor can cause pressure on nearby structures like the facial nerves or other cranial nerves, potentially resulting in symptoms such as gradual hearing loss, tinnitus (ringing in the ears), dizziness, and unsteadiness. Treatment options include monitoring, surgery, and radiation therapy depending on the size and rate of growth of the tumor.","An acoustic neuroma, also known as vestibular schwannoma, is a benign (non-cancerous) tumor that develops on the eighth cranial nerve leading from the inner ear to the brain. This nerve plays a crucial role in hearing and balance. The tumor originates from Schwann cells covering this nerve. Symptoms can include gradual hearing loss, tinnitus (ringing in the ears), dizziness or vertigo, and sometimes facial numbness if it grows large enough to press against nearby nerves. Treatment options vary depending on factors such as size of the tumor, patient's age, overall health status, and severity of symptoms; they may involve monitoring with regular MRI scans, radiation therapy, or surgical removal.","An acoustic neuroma, also known as vestibular schwannoma, is a benign (non-cancerous) tumor that develops on the eighth cranial nerve leading from the inner ear to the brain. This nerve plays a crucial role in hearing and balance; therefore, symptoms often include gradual hearing loss, tinnitus (ringing in the ears), and unsteadiness or dizziness. Treatment options vary depending on factors such as size of the tumor, patient's age, and overall health condition, including monitoring, surgery, or radiation therapy.",7.886843793047642,8.767535713613219,5.411462192262794,33.2616062543061,37.67391715618149,29.9262487490358,25.7510729613734,28.346456692913385,24.107142857142865,37.76824034334764,40.944881889763785,33.035714285714285,0.0,0.0,0.0,25.0,31.944444444444443,19.444444444444446,47.368421052631575,46.0,46.66666666666666,32.72727272727273,37.704918032786885,27.450980392156865,0.8762680888175964,0.8771496415138245,0.8692439794540405,1.0,0.3386049270629883,0.9461374878883362,4,5,4
Qwen2.5-32B-Instruct (4bit),qwen25_32b_4bit.yaml,4bit,ambiguity,6,Do you have information about Acupuncture,"Do you know much about that needle kind of thing people do for pain n stuff, like what its for or if it actually helps?","What is the purpose of acupuncture needles in treating pain, and does it help?","Summary : Acupuncture has been practiced in China and other Asian countries for thousands of years. Acupuncture involves stimulating specific points on the body. This is most often done by inserting thin needles through the skin, to cause a change in the physical functions of the body. Research has shown that acupuncture reduces nausea and vomiting after surgery and chemotherapy. It can also relieve pain. Researchers don't fully understand how acupuncture works. It might aid the activity of your body's pain-killing chemicals. It also might affect how you release chemicals that regulate blood pressure and flow. NIH: National Center for Complementary and Integrative Health","Acupuncture is an ancient form of Chinese medicine that involves inserting thin needles into specific points in the body to balance energy flow (known as qi or chi) and alleviate pain or treat various physical, mental, and emotional conditions. Practitioners target these points to influence bodily functions and promote natural healing. It's used for treating chronic pain, nausea, migraines, anxiety, depression, and other ailments. The practice is generally considered safe when performed by a qualified practitioner using sterile equipment. However, it may not be suitable for everyone; certain health conditions might contraindicate its use. Always consult with a healthcare provider before starting acupuncture treatment.","It sounds like you might be referring to acupuncture, which involves inserting thin needles into specific points on the body to alleviate pain and treat various conditions. Acupuncture is rooted in traditional Chinese medicine but has gained acceptance worldwide as an alternative therapy.

Acupuncture can help with different types of pain such as backaches, headaches, neck pains, osteoarthritis, and even some forms of nausea caused by chemotherapy treatments. Its effectiveness varies among individuals; many find relief from symptoms while others may not experience significant benefits. The treatment's mechanism isn't fully understood scientifically, though theories include stimulating nerves under the skin and in muscle tissue to release endorphins (natural painkillers) and opioids, thus reducing pain perception. 

If considering this option, consulting healthcare providers familiar with both conventional and complementary therapies would provide personalized advice regarding potential risks and benefits tailored specifically to your health condition.","Acupuncture involves inserting thin needles into specific points on the body to alleviate pain and treat various conditions. The exact mechanism by which acupuncture works isn't fully understood, but it's believed to stimulate nerves, muscles, and connective tissue, leading to hormone release or changes in brain chemistry that can reduce pain perception.

Numerous studies suggest that acupuncture may be effective for managing certain types of pain such as back pain, neck pain, osteoarthritis, knee pain, and headaches. However, its effectiveness can vary among individuals and conditions. It generally helps many patients manage their symptoms better when used alongside other conventional treatments.",2.7163257361866493,4.593017545571669,6.454659432086398,38.59274116873416,43.51148478212652,41.35384919423264,16.0,15.702479338842975,16.91542288557214,33.0,34.710743801652896,32.83582089552239,0.0,0.0,0.0,21.73913043478261,30.434782608695656,23.91304347826087,21.27659574468085,22.22222222222222,22.916666666666664,21.50537634408602,25.688073394495408,23.40425531914893,0.8671476244926453,0.8711723685264587,0.8775347471237183,1.0,0.4658557176589966,0.6875080466270447,4,5,4
Qwen2.5-32B-Instruct (4bit),qwen25_32b_4bit.yaml,4bit,layperson,7,What is (are) Acute Bronchitis ?,"what is that chest/throat thing called when u get a bad cough n lots of mucus cuz the breathing tubes are all irritated or infected for a short bit, like not pneumonia but kinda in there?","What is the condition characterized by a bad cough,大量痰液，以及呼吸管发炎或感染的症状，但又不是肺炎？","Bronchitis is an inflammation of the bronchial tubes, the airways that carry air to your lungs. It causes a cough that often brings up mucus. It can also cause shortness of breath, wheezing, a low fever, and chest tightness. There are two main types of bronchitis: acute and chronic. Most cases of acute bronchitis get better within several days. But your cough can last for several weeks after the infection is gone. The same viruses that cause colds and the flu often cause acute bronchitis. These viruses spread through the air when people cough, or though physical contact (for example, on unwashed hands). Being exposed to tobacco smoke, air pollution, dusts, vapors, and fumes can also cause acute bronchitis. Less often, bacteria can also cause acute bronchitis. To diagnose acute bronchitis, your health care provider will ask about your symptoms and listen to your breathing. You may also have other tests. Treatments include rest, fluids, and aspirin (for adults) or acetaminophen to treat fever. A humidifier or steam can also help. You may need inhaled medicine to open your airways if you are wheezing. Antibiotics won't help if the cause is viral. You may get antibiotics if the cause is bacterial. NIH: National Heart, Lung, and Blood Institute","Acute bronchitis is an inflammation of the lining of the bronchial tubes, which carry air to and from your lungs. It's often caused by viral infections such as those that cause colds or flu. Symptoms include coughing (often producing mucus), chest discomfort, shortness of breath, wheezing, sore throat, mild fever, and body aches. Most cases resolve within two weeks without specific treatment beyond symptom management like rest, hydration, and pain relief medication if needed. Antibiotics aren't typically prescribed unless there’s suspicion of bacterial infection.","The condition you're describing sounds like bronchitis. Bronchitis involves inflammation of the lining of the bronchi (the airways that transport air to your lungs), leading to symptoms such as a persistent cough with plenty of mucus production, sore throat, and difficulty breathing. It can be acute (short-term) due to viral infections, often following a cold or flu, or chronic, typically associated with long-term irritation from smoking or other irritants. Pneumonia affects the alveoli within the lung tissue rather than just the respiratory passages.",这种症状描述的是支气管炎。它是一种呼吸道疾病，表现为咳嗽、咳出大量的黏液和呼吸管道的炎症或感染，但它不同于肺炎。,4.669750165339113,1.716974193082943,0.0,29.23942932783524,24.575825782261816,0.0,22.06405693950178,13.86861313868613,0.0,33.45195729537366,24.087591240875916,0.0,0.0,0.0,0.0,19.19191919191919,13.131313131313131,0.0,41.30434782608695,32.5,0.0,26.20689655172414,18.705035971223023,0.0,0.8797907829284668,0.8601707220077515,0.7183299660682678,1.0,0.6061661839485168,0.4659374952316284,4,5,5
Qwen2.5-32B-Instruct (4bit),qwen25_32b_4bit.yaml,4bit,incomplete,8,What is (are) Acute Lymphocytic Leukemia ?,"What is acute leukemia, exactly?",What is acute leukemia?,"Leukemia is cancer of the white blood cells. White blood cells help your body fight infection. Your blood cells form in your bone marrow. In leukemia, however, the bone marrow produces abnormal white blood cells. These cells crowd out the healthy blood cells, making it hard for blood to do its work. In acute lymphocytic leukemia (ALL), also called acute lymphoblastic leukemia, there are too many of specific types of white blood cells called lymphocytes or lymphoblasts. ALL is the most common type of cancer in children. Possible risk factors for ALL include being male, being white, previous chemotherapy treatment, exposure to radiation, and for adults, being older than 70. Symptoms of ALL include: - Weakness or feeling tired - Fever - Easy bruising or bleeding - Bleeding under the skin - Shortness of breath - Weight loss or loss of appetite - Pain in the bones or stomach - Pain or a feeling of fullness below the ribs - Painless lumps in the neck, underarm, stomach, or groin Tests that examine the blood and bone marrow diagnose ALL. Treatments include chemotherapy, radiation therapy, stem cell transplants, and targeted therapy. Targeted therapy uses substances that attack cancer cells without harming normal cells. Once the leukemia is in remission, you need additional treatment to make sure that it does not come back. NIH: National Cancer Institute","Acute lymphocytic leukemia (ALL), also known as acute lymphoblastic leukemia, is a fast-growing cancer that starts in the bone marrow and affects white blood cells called lymphocytes. In ALL, immature lymphocytes (lymphoblasts) multiply rapidly and crowd out normal blood-forming cells, leading to an increased risk of infections, bleeding, and anemia. Treatment often involves chemotherapy aimed at destroying these abnormal cells.","Acute leukemia is a type of blood cancer that progresses rapidly and affects the bone marrow's ability to produce normal blood cells. It primarily involves an overproduction of immature white blood cells (blasts) which do not function properly and accumulate in the骨髓和血液中，干扰正常血细胞的生产。急性白血病可以分为两种主要类型：急性淋巴细胞性白血病（ALL）影响淋巴祖细胞，以及急性髓性白血病（AML），影响非淋巴系前体细胞。这种疾病通常需要紧急治疗以控制病情并防止并发症的发生。

Translation:
accumulate in the bone marrow and blood, interfering with the production of normal blood cells. Acute leukemia can be divided into two main types: acute lymphocytic leukemia (ALL), affecting lymphoid progenitor cells; and acute myelogenous leukemia (AML), affecting non-lymphoid precursor cells. This disease usually requires urgent treatment to control it and prevent complications from occurring.",Acute leukemia is a type of blood cancer that progresses rapidly and affects the bone marrow's ability to produce normal blood cells. It primarily involves an overproduction of immature white blood cells (blasts) which accumulate in the骨髓和血液中，干扰正常血细胞的功能。急性白血病可以分为两种主要类型：急性淋巴细胞性白血病（ALL）和急性髓性白血病（AML）。这种疾病通常需要紧急治疗，包括化疗、放疗或干细胞移植等方法来控制病情并尝试治愈。,1.8519342963338243,3.531987531868612,0.0397671129556393,23.12891047086333,26.956241615346283,10.79461013841414,15.909090909090908,16.181229773462782,12.048192771084336,29.545454545454547,29.126213592233007,17.670682730923694,0.0,0.0,0.0,15.84158415841584,17.82178217821782,6.930693069306932,57.14285714285714,47.368421052631575,50.0,24.806201550387595,25.899280575539567,12.17391304347826,0.871484100818634,0.7705369591712952,0.7512787580490112,0.9999999403953552,0.836963951587677,0.834538459777832,4,4,4
Qwen2.5-32B-Instruct (4bit),qwen25_32b_4bit.yaml,4bit,overgeneralization,9,What is (are) Acute Myeloid Leukemia ?,"what is this kind of serious blood problem/cancer thing where the bone marrow makes too many bad white cells, and what does it even mean for someone health overall?",What is leukemia and how does it affect a person's overall health?,"Leukemia is cancer of the white blood cells. White blood cells help your body fight infection. Your blood cells form in your bone marrow. In leukemia, however, the bone marrow produces abnormal white blood cells. These cells crowd out the healthy blood cells, making it hard for blood to do its work. In acute myeloid leukemia (AML), there are too many of a specific type of white blood cell called a myeloblast. AML is the most common type of acute leukemia in adults. This type of cancer usually gets worse quickly if it is not treated. Possible risk factors include smoking, previous chemotherapy treatment, and exposure to radiation. Symptoms of AML include: - Fever - Shortness of breath - Easy bruising or bleeding - Bleeding under the skin - Weakness or feeling tired - Weight loss or loss of appetite Tests that examine the blood and bone marrow diagnose AML. Treatments include chemotherapy, other drugs, radiation therapy, stem cell transplants, and targeted therapy. Targeted therapy uses substances that attack cancer cells without harming normal cells. Once the leukemia is in remission, you need additional treatment to make sure that it does not come back. NIH: National Cancer Institute","Acute myeloid leukemia (AML) is a type of cancer that affects the blood and bone marrow. It progresses rapidly without treatment and involves the overproduction of immature white blood cells called blasts which do not function properly and interfere with normal blood cell production. AML can cause various symptoms including fatigue, frequent infections, and unexplained bruising or bleeding due to low counts of healthy red and white blood cells as well as platelets. Treatment often includes chemotherapy aimed at inducing remission followed by further therapy such as additional rounds of chemotherapy or stem-cell transplantation depending on factors like patient age and genetic characteristics of the disease.","The condition you're referring to is likely chronic myeloid leukemia (CML). In CML, the bone marrow produces an excessive number of abnormal white blood cells which do not function properly. This can lead to various complications including anemia, infections due to ineffective immune response from these faulty white cells, and in severe cases, organ damage as the excess cells accumulate.

For patients with CML, managing the disease often involves targeted therapies like tyrosine kinase inhibitors that help control cell production and reduce symptoms. Regular monitoring by healthcare providers is essential to adjust treatments according to how well they manage the progression of the illness. Overall health management includes addressing fatigue, nutrition support, and mental health care alongside physical treatment strategies.","Leukemia is a type of cancer that affects blood-forming tissues such as the bone marrow and lymphatic system. It leads to an overproduction of abnormal white blood cells which do not function properly. These abnormal cells can interfere with the production of normal red blood cells, platelets, and other types of white blood cells.

The effects on a person’s overall health include increased risk for infections due to dysfunctional immune response; fatigue from anemia caused by reduced oxygen-carrying capacity in the blood; easy bruising or bleeding because of low platelet counts; and potential organ damage if these leukemic cells accumulate within organs like liver, spleen, or brain. Treatment options vary depending on the specific subtype but may involve chemotherapy, radiation therapy, targeted therapies, immunotherapy, stem cell transplantation, among others.",5.0417389159259365,4.155555542778612,6.338853450725916,35.675564649514946,32.413900791993704,39.38862431751912,16.783216783216783,12.794612794612794,19.54397394136808,35.66433566433566,24.91582491582492,35.17915309446254,0.0,0.0,0.0,18.39080459770115,11.494252873563218,13.79310344827586,32.0,16.94915254237288,21.052631578947366,23.35766423357664,13.698630136986305,16.666666666666664,0.8716092109680176,0.8498466610908508,0.8577298521995544,1.0,0.4924977421760559,0.7013181447982788,4,2,4
Qwen2.5-32B-Instruct (4bit),qwen25_32b_4bit.yaml,4bit,typos_grammar,10,What is (are) Addison Disease ?,"what is addison disease ,, like what does it actualy do to youre body ?",What are the effects of Addison's disease on the human body?,"Your adrenal glands are just above your kidneys. The outside layer of these glands makes hormones that help your body respond to stress and regulate your blood pressure and water and salt balance. Addison disease happens if the adrenal glands don't make enough of these hormones. A problem with your immune system usually causes Addison disease. The immune system mistakenly attacks your own tissues, damaging your adrenal glands. Other causes include infections and cancer. Symptoms include - Weight loss - Muscle weakness - Fatigue that gets worse over time - Low blood pressure - Patchy or dark skin Lab tests can confirm that you have Addison disease. If you don't treat it, it can be fatal. You will need to take hormone pills for the rest of your life. If you have Addison disease, you should carry an emergency ID. It should say that you have the disease, list your medicines and say how much you need in an emergency. NIH: National Institute of Diabetes and Digestive and Kidney Diseases","Addison's disease, also known as primary adrenal insufficiency, is a rare disorder where the adrenal glands don't produce enough of certain hormones, primarily cortisol and often aldosterone. It results from damage to the outer layer (cortex) of the adrenal glands, which can be caused by an autoimmune response or other conditions that destroy the gland tissue. Symptoms include fatigue, muscle weakness, weight loss, low blood pressure, and hyperpigmentation. Treatment typically involves hormone replacement therapy.","Addison's Disease, also known as primary adrenal insufficiency, occurs when the adrenal glands produce insufficient amounts of steroid hormones, primarily cortisol and often aldosterone. This deficiency affects how the body regulates metabolism, immune system function, blood pressure, and responds to stress.

Specifically:
- **Cortisol Deficiency**: Leads to low blood sugar (hypoglycemia), fatigue, muscle weakness, weight loss, depression, irritability, and hypotension (low blood pressure).
- **Aldosterone Deficiency**: Results in salt retention issues leading to dehydration, low sodium levels, high potassium levels, and further contributes to low blood pressure.

Symptoms can include darkening of skin, joint pain, nausea/vomiting, diarrhea or constipation, and changes in mood. Treatment typically involves hormone replacement therapy to manage symptoms effectively.","Addison’s disease, also known as primary adrenal insufficiency, affects the human body by causing insufficient production of certain hormones like cortisol and aldosterone due to damage or dysfunction in the adrenal glands. This leads to symptoms such as fatigue, muscle weakness, weight loss, low blood pressure (which can cause dizziness upon standing), dehydration, salt cravings, hyperpigmentation (darkening) of the skin, and irritability. In severe cases, it may lead to an Addisonian crisis characterized by vomiting, diarrhea, abdominal pain, profound weakness, and potentially life-threatening shock if not treated promptly with hormone replacement therapy.",2.273885978707399,1.9102302569061105,1.8145681727570648,30.328881682575005,35.23756542485446,29.865844472303717,17.46724890829694,14.074074074074074,14.457831325301203,29.694323144104807,28.14814814814815,26.506024096385545,0.0,0.0,0.0,15.714285714285714,18.571428571428573,14.285714285714285,33.33333333333333,20.634920634920636,23.25581395348837,21.35922330097087,19.548872180451127,17.699115044247783,0.8690342307090759,0.8469880819320679,0.8531237840652466,1.0,0.8497042655944824,0.7774747610092163,5,4,4
Qwen2.5-32B-Instruct (4bit),qwen25_32b_4bit.yaml,4bit,ambiguity,11,What is (are) Adhesions ?,"What does it mean when stuff inside your body kind of sticks together after something, like is that the same as those internal scar-band things?","What does it mean when tissues inside the body adhere to each other, and is this similar to internal adhesions or scar tissue formation?","Adhesions are bands of scar-like tissue. Normally, internal tissues and organs have slippery surfaces so they can shift easily as the body moves. Adhesions cause tissues and organs to stick together. They might connect the loops of the intestines to each other, to nearby organs, or to the wall of the abdomen. They can pull sections of the intestines out of place. This may block food from passing through the intestine. Adhesions can occur anywhere in the body. But they often form after surgery on the abdomen. Almost everyone who has surgery on the abdomen gets adhesions. Some adhesions don't cause any problems. But when they partly or completely block the intestines, they cause symptoms such as - Severe abdominal pain or cramping - Vomiting - Bloating - An inability to pass gas - Constipation Adhesions can sometimes cause infertility in women by preventing fertilized eggs from reaching the uterus. No tests are available to detect adhesions. Doctors usually find them during surgery to diagnose other problems. Some adhesions go away by themselves. If they partly block your intestines, a diet low in fiber can allow food to move easily through the affected area. If you have a complete intestinal obstruction, it is life threatening. You should get immediate medical attention and may need surgery. NIH: National Institute of Diabetes and Digestive and Kidney Diseases","Adhesions are bands of scar tissue that form between tissues and organs, causing them to stick together. They can occur in any part of the body but are most common within the abdomen and pelvis. Typically, adhesions result from surgery or inflammation due to conditions like endometriosis or infection. Symptoms vary depending on their location; for example, abdominal adhesions may cause chronic pain or bowel obstruction. Treatment often focuses on managing symptoms unless they lead to severe complications requiring surgical intervention.","When parts inside the body stick together, this can refer to adhesions—bands of tissue that form between organs or tissues which normally should not be connected. Adhesions often develop after surgery, infection, inflammation, or trauma, causing tissues and organs to adhere abnormally. They're similar in nature to scars forming internally rather than externally. If you suspect such an issue, consulting with a healthcare provider for evaluation is recommended.","When tissues inside the body adhere to one another, it typically refers to a condition known as adhesion. Adhesions occur when normally separate tissues fuse together due to inflammation, surgery, infection, or trauma. This process can be likened to the development of internal scar tissue because both involve fibrous bands forming between organs or structures within the abdomen or pelvis, leading to pain, reduced mobility of affected areas, and potential complications such as bowel obstruction.",2.220360334739935,0.8537373587317478,0.4530113008171056,25.170811153052085,20.23256979252799,21.436494276897005,18.947368421052637,13.186813186813188,10.108303249097473,32.28070175438597,24.17582417582418,25.27075812274368,0.0,0.0,0.0,12.76595744680851,12.76595744680851,12.76595744680851,30.76923076923077,41.37931034482759,31.57894736842105,18.045112781954888,19.51219512195122,18.18181818181818,0.8655536770820618,0.8551276922225952,0.8525111675262451,1.0,0.4365291595458984,0.5881326794624329,4,4,4
Qwen2.5-32B-Instruct (4bit),qwen25_32b_4bit.yaml,4bit,layperson,12,Do you have information about Adoption,"do u have any info or stuff abt, like, when a kid gets taken in by another family n how that all works maybe?",What are the potential psychological impacts on a child who is adopted or placed with another family?,"Summary : Adoption brings a child born to other parents into a new family. Birth parents have a number of reasons for placing children for adoption. Overall, they want better lives for their children than they think they can give them. Children who are eligible for adoption come from many different settings. Some are in foster care, a temporary home setting. Other children live in orphanages or with birth relatives until they can be adopted. There are different kinds of adoption. Children may be adopted by a relative or a new family. Some parents adopt children from the U.S, and some adopt from abroad.","Adoption is a legal process where an individual or couple becomes the lawful parent(s) of a child who was not born to them. This can involve several types:

1. Domestic adoption - Adopting from within one's own country.
2. International adoption - Adopting a child from another country.
3. Foster care adoption - Taking in children through foster care systems with the goal of permanent placement.
4. Stepparent adoption - A stepparent legally adopting their spouse’s biological child.

The process typically involves background checks, home studies by social workers, and court proceedings to finalize the adoption order. Requirements vary significantly between jurisdictions. Emotional support and counseling may be recommended for all parties involved due to the complex nature of these relationships.","When a child is placed with another family, it often involves several scenarios such as foster care, adoption, guardianship, or kinship care.

1. **Foster Care**: This occurs when children cannot live safely at home due to abuse, neglect, or other issues. The state's Child Protective Services (CPS) may place them temporarily with approved families until their situation can be resolved.

2. **Adoption**: When adoptive parents legally become the permanent parents of a child who has been permanently removed from his/her birth parent(s). There’s both domestic and international adoption processes which involve extensive background checks, training, and legal procedures.

3. **Guardianship**: A court-appointed arrangement where an adult takes responsibility for caring for a minor but does not necessarily sever ties between the biological parents and the child; this could include financial support obligations remaining intact depending upon jurisdictional laws.

4. **Kinship Care**: Involves relatives stepping up to raise a child if the primary caregivers aren't able to provide adequate care. These arrangements might also require some formality through courts especially regarding custody rights.

Each scenario comes with its own set of rules governed largely by local statutes within each country/state/region so specifics would vary widely. If you're looking into one particular aspect more deeply, feel free to ask!","The potential psychological impacts for children who are adopted or placed in another family can vary widely depending on individual circumstances but may include:

1. **Attachment Issues**: Difficulty forming secure attachments to caregivers due to early separation from birth parents.

2. **Identity Formation Challenges**: Struggles with self-identity, including questions about their origins and sense of belonging.

3. **Emotional Regulation Difficulties**: Possible challenges managing emotions related to loss, abandonment, or changes in environment.

4. **Behavioral Problems**: Acting out behaviors as an expression of underlying emotional distress.

5. **Developmental Delays**: Depending on age at placement and prior experiences, some might experience delays that require intervention.

6. **Resilience Development**: Many develop strong coping mechanisms and resilience through supportive environments and relationships.

Professional support such as counseling can be beneficial in addressing these issues positively.",1.7431716109002993,1.3145343734771668,0.989102180908412,36.01613995860376,35.89289374981662,31.869417198279372,14.492753623188406,11.920529801324504,8.810572687224669,27.05314009661836,25.165562913907287,22.02643171806168,0.0,0.0,0.0,13.513513513513514,32.432432432432435,10.81081081081081,13.157894736842104,14.457831325301203,8.16326530612245,13.333333333333334,20.0,9.30232558139535,0.854971170425415,0.8451362252235413,0.8289455771446228,0.9999998807907104,0.5078020691871643,0.5873252153396606,4,4,2
Qwen2.5-32B-Instruct (4bit),qwen25_32b_4bit.yaml,4bit,incomplete,13,What is (are) Adrenal Gland Cancer ?,"wht is that kinda cancer in the little glands on top the kidneys, like what does it even mean ?",What is the type of cancer that occurs in the small glands located above the kidneys?,"Your adrenal, or suprarenal, glands are located on the top of each kidney. These glands produce hormones that you can't live without, including sex hormones and cortisol, which helps you respond to stress and has many other functions. A number of disorders can affect the adrenal glands, including tumors. Tumors can be either benign or malignant. Benign tumors aren't cancer. Malignant ones are. Most adrenal gland tumors are benign. They usually do not cause symptoms and may not require treatment. Malignant adrenal gland cancers are uncommon. Types of tumors include - Adrenocortical carcinoma - cancer in the outer part of the gland - Neuroblastoma, a type of childhood cancer - Pheochromocytoma - a rare tumor that is usually benign Symptoms depend on the type of cancer you have. Treatments may include surgery, chemotherapy, or radiation therapy.","Adrenal gland cancer refers to malignant tumors that develop in one or both of the adrenal glands, which sit atop each kidney. The most common type is adrenocortical carcinoma, originating from the outer layer (cortex). Symptoms can include abdominal pain, weight loss, hypertension, and hormonal imbalances depending on whether excess hormones like cortisol or adrenaline are produced. Treatment typically involves surgery followed by chemotherapy or radiation therapy for advanced cases.","The cancer you're referring to affects the adrenal glands, which sit atop each kidney. This type of cancer can be called adrenocortical carcinoma if it originates from the cortex (outer part) of the gland. Another common condition involving these glands is pheochromocytoma, which develops in the adrenaline-producing cells but is usually benign. However, ""cancer"" typically refers to malignant tumors; for adrenal glands specifically, adrenocortical carcinoma would fit your description best.","The type of cancer that occurs in the small glands located above the kidneys is called adrenal gland cancer. This can be further specified as adrenocortical carcinoma if it originates from the outer layer (cortex) of the adrenal gland. If it arises from the inner part (medulla), it may be referred to as a pheochromocytoma, which is usually benign but can sometimes be malignant.",3.249339400837985,4.03162231605231,2.170160559799715,34.95572876434063,34.20425707278546,27.16434875500576,16.666666666666664,18.75,15.384615384615383,37.49999999999999,33.33333333333333,30.76923076923077,0.0,0.0,0.0,21.428571428571427,25.0,21.428571428571427,34.285714285714285,48.27586206896552,60.0,26.37362637362637,32.94117647058823,31.57894736842105,0.8713556528091431,0.8765912652015686,0.8725864291191101,0.9999998807907104,0.6013485789299011,0.6665889620780945,4,4,5
Qwen2.5-32B-Instruct (4bit),qwen25_32b_4bit.yaml,4bit,overgeneralization,14,What is (are) Adrenal Gland Disorders ?,"what are the diff kinds of hormone gland problems in the body, esp the little ones by the kidneys, and how do those issues usually mess you up or make you feel off ?",What are the different types of adrenal gland disorders and their typical symptoms?,"The adrenal glands are small glands located on top of each kidney. They produce hormones that you can't live without, including sex hormones and cortisol. Cortisol helps you respond to stress and has many other important functions. With adrenal gland disorders, your glands make too much or not enough hormones. In Cushing's syndrome, there's too much cortisol, while with Addison's disease, there is too little. Some people are born unable to make enough cortisol. Causes of adrenal gland disorders include - Genetic mutations - Tumors including pheochromocytomas - Infections - A problem in another gland, such as the pituitary, which helps to regulate the adrenal gland - Certain medicines Treatment depends on which problem you have. Surgery or medicines can treat many adrenal gland disorders. NIH: National Institute of Child Health and Human Development","Adrenal gland disorders involve conditions that affect the adrenal glands' function or structure, leading to hormone production imbalances. Common types include:

1. **Cushing's Syndrome**: Caused by excessive cortisol levels due to prolonged exposure to high glucocorticoids from either an adenoma in the pituitary gland producing too much ACTH (adrenocorticotrophic hormone), tumors elsewhere causing ectopic ACTH secretion, or long-term use of corticosteroid medications.

2. **Addison’s Disease** (Primary Adrenal Insufficiency): Occurs when both adrenal glands fail to produce enough hormones like cortisol and aldosterone often because of autoimmune destruction but can also result from infections such as tuberculosis or certain cancers affecting the adrenals.

3. **Conn’s Syndrome** (Primary Hyperaldosteronism): Characterized by overproduction of aldosterone which leads to hypertension and hypokalemia typically caused by benign adrenal tumor(s).

4. **Pheochromocytomas**: Tumors usually found within one or occasionally both adrenal medullas secreting excess catecholamines resulting in episodic severe headaches, palpitations, sweating, anxiety attacks along with sustained hypertension.

5. **Congenital Adrenal Hyperplasia**: A group of inherited genetic disorders where there is deficiency in enzymes necessary for steroid synthesis particularly cortisol and/or aldosterone leading to increased androgens manifesting differently depending upon age at presentation including ambiguous genitalia in newborns up through early","The glands located near the kidneys are called adrenal glands. They produce several important hormones that regulate various bodily functions including metabolism, immune system function, blood pressure regulation, and response to stress.

Adrenal gland disorders can be categorized into different types:

1. **Addison's Disease (Primary Adrenocortical Insufficiency)** - This is when your adrenals don't produce enough cortisol and often aldosterone due to damage from autoimmune diseases, infections like tuberculosis, cancer metastasis, or genetic factors. Symptoms include fatigue, muscle weakness, weight loss, low blood pressure leading to dizziness upon standing, hyperpigmentation, nausea/vomiting, diarrhea/constipation, salt cravings, irritability/depression, and hypoglycemia.

2. **Cushing’s Syndrome** - Occurs when there's too much cortisol over prolonged periods; this could result from tumors producing ACTH (adrenocorticotropic hormone) which stimulates excess cortisol production, or excessive use of corticosteroid medications. Common symptoms involve rapid weight gain around midsection and face (""moon face""), thinning skin prone to bruising easily, purple stretch marks, muscle wasting with weak muscles, osteoporosis, hypertension, diabetes mellitus type 2, menstrual irregularities for women, erectile dysfunction for men, mood changes such as depression/anxiety, cognitive difficulties.

3. **Conn's syndrome (primary hyperaldosteronism)** – Excess secretion of aldosterone leads to high blood pressure resistant","Adrenal gland disorders affect hormone production by these glands located above each kidney. Here are some common types along with their typical symptoms:

1. **Cushing's Syndrome**: Caused by prolonged exposure to high levels of cortisol (a stress-related hormone). Symptoms include rapid weight gain in the face, neck, upper back, abdomen; thinning arms and legs; skin changes such as bruising or purple stretch marks; muscle weakness; fatigue; depression or anxiety.

2. **Addison’s Disease** (Primary Adrenocortical Insufficiency): Results from insufficient corticosteroids produced by the adrenals due to damage or disease. Common signs are extreme tiredness, muscle weakness, low blood pressure leading to dizziness upon standing up quickly, hyperpigmentation (darkening) of the skin, loss of appetite, nausea, vomiting, diarrhea, salt cravings, dehydration, hypoglycemia.

3. **Conn's Syndrome** (Hyperaldosteronism): Characterized by excessive aldosterone secretion which leads to hypertension resistant to treatment and can cause electrolyte imbalances like potassium deficiency. Typical symptoms might be headaches, frequent urination, thirst, cramps, numbness/tingling sensations, elevated blood pressure that doesn't respond well to medication.

4. **Pheochromocytoma**: A rare tumor usually found within an adrenal medulla producing excess catecholamines (adrenaline/noradrenaline), causing episodic severe headache, sweating",1.129081668105793,2.6696496900262345,1.319027236938095,42.72399803494648,41.43506074632419,38.51176362582409,16.615384615384613,17.791411042944784,13.375796178343949,33.84615384615384,32.515337423312886,26.114649681528658,0.0,0.0,0.0,22.807017543859647,35.08771929824561,15.789473684210526,13.978494623655912,19.607843137254903,9.0,17.333333333333332,25.15723270440252,11.46496815286624,0.8358220458030701,0.8339648842811584,0.8260230422019958,1.0,0.5124713182449341,0.8304058313369751,3,4,3
Qwen2.5-32B-Instruct (4bit),qwen25_32b_4bit.yaml,4bit,typos_grammar,15,Do you have information about Advance Directives,"Do u have any informaiton abotu Advance Directvies, like what it is an how they work ?",What are advance directives and how do they function in healthcare decisions?,"Summary : What kind of medical care would you want if you were too ill or hurt to express your wishes? Advance directives are legal documents that allow you to spell out your decisions about end-of-life care ahead of time. They give you a way to tell your wishes to family, friends, and health care professionals and to avoid confusion later on. A living will tells which treatments you want if you are dying or permanently unconscious. You can accept or refuse medical care. You might want to include instructions on - The use of dialysis and breathing machines - If you want to be resuscitated if your breathing or heartbeat stops - Tube feeding - Organ or tissue donation A durable power of attorney for health care is a document that names your health care proxy. Your proxy is someone you trust to make health decisions for you if you are unable to do so. NIH: National Cancer Institute","An advance directive is a legal document in which a person specifies what actions should be taken for their health if they are no longer able to make decisions due to illness or incapacity. There are two main types of advance directives:

1. Living Will - This document outlines specific healthcare preferences and instructions when an individual cannot communicate them.

2. Durable Power of Attorney (DPA) for Healthcare - In this case, a trusted person (the proxy or agent) is appointed by the patient to make healthcare decisions on their behalf according to their wishes when they can't do so themselves.

Advance directives vary by state; it's important that individuals check local laws regarding forms and requirements. They help ensure patients receive desired care while reducing stress on family members during difficult times.","An advance directive is a legal document in which you outline your preferences for medical care if you become unable to make decisions due to illness or incapacity. There are two main types:

1. **Living Will**: A written statement of your wishes regarding treatment options under specific circumstances.

2. **Durable Power of Attorney (POA) for Healthcare**: This allows you to appoint someone as your healthcare proxy who can make health-related decisions on your behalf when you're incapacitated.

Advance directives help ensure that your medical treatments align with your values and desires even when you cannot communicate them directly. They vary by state in terms of requirements and procedures but generally need to be signed in front of witnesses or notarized. It's advisable to discuss these documents with family members, doctors, and possibly a lawyer to understand all aspects fully.","Advance directives are legal documents that allow individuals to communicate their wishes about future medical treatment if they become unable to make decisions due to illness or incapacity. They typically include:

1. **Living Will**: A document where you outline specific treatments you would want (or not want) under certain circumstances.

2. **Durable Power of Attorney for Healthcare (Healthcare Proxy)**: This allows you to appoint someone trusted as your agent to make health care decisions when you cannot decide yourself.

These directives help guide healthcare providers and family members by clarifying patients' preferences regarding life-sustaining measures, resuscitation efforts, pain management, and other critical aspects of end-of-life care. Advance directives vary by state; it's important to ensure compliance with local laws.",1.3896694072980098,1.8234458601914283,7.13402196268828,37.31640276767148,41.3259385708007,43.46762878127601,15.827338129496402,17.241379310344826,23.35766423357665,32.37410071942446,41.37931034482759,39.416058394160586,0.0,0.0,0.0,18.33333333333333,18.33333333333333,28.33333333333333,22.448979591836736,25.58139534883721,36.17021276595745,20.18348623853211,21.35922330097087,31.77570093457944,0.8607602119445801,0.8634020090103149,0.8726504445075989,0.9999999403953552,0.3716906011104584,0.8093984127044678,5,4,5
Qwen2.5-32B-Instruct (4bit),qwen25_32b_4bit.yaml,4bit,ambiguity,16,Do you have information about African American Health,"Do you have any info on health stuff for Black people, like the kinds of problems that come up more or things they should watch for?",What are common health concerns and conditions that African Americans should monitor?,"Summary : Every racial or ethnic group has specific health concerns. Differences in the health of groups can result from - Genetics - Environmental factors - Access to care - Cultural factors On this page, you'll find links to health issues that affect African Americans.","African Americans face unique health challenges compared to other racial groups in the United States due to various factors including socioeconomic status, access to healthcare, genetic predispositions, and environmental conditions.

Some key points include:

1. **Higher Incidence of Certain Diseases**: African Americans experience higher rates of hypertension (high blood pressure), diabetes, heart disease, stroke, obesity, and certain types of cancer such as breast and prostate cancers when compared with non-Hispanic whites.

2. **Health Disparities**: There is evidence of disparities in treatment outcomes for many diseases among African Americans versus their white counterparts. This can be attributed partly to differences in socio-economic status which affects both lifestyle choices and ability to afford or access quality care.

3. **Genetic Factors**: Some studies suggest that there may also be some genetic components contributing to these health issues within this population group; however, more research needs to be done in this area.

4. **Cultural Considerations**: Cultural beliefs and practices play an important role in how individuals perceive illness and seek out treatments. Understanding cultural nuances helps improve patient-provider communication leading towards better adherence to prescribed therapies.

5. **Access To Healthcare Services**: Limited availability of affordable healthcare services coupled with distrust stemming from historical mistreatment has led to lower utilization rates by members belonging to this community despite having similar symptoms severity levels observed amongst others seeking help elsewhere under comparable circumstances.

Addressing these complex interplays requires multifaceted approaches involving policy changes aimed at reducing economic barriers alongside culturally sensitive educational campaigns","Health considerations can vary among different populations due to genetic, environmental, socioeconomic factors, and lifestyle differences. For individuals identifying as Black (which includes diverse groups from African descent), there are certain conditions where prevalence may be higher compared to other racial demographics in some regions:

1. **Hypertension**: High blood pressure is notably prevalent among this population group.

2. **Diabetes Type 2**: There's an increased risk associated with type 2 diabetes within these communities.

3. **Sickle Cell Anemia**: This inherited red blood cell disorder occurs most frequently among those of African ancestry.

4. **Heart Disease**: Higher incidences of heart disease exist, often linked to hypertension and obesity.

5. **Prostate Cancer**: Among men, prostate cancer rates tend to be high.

6. **Breast Cancer**: In women, breast cancers might present at younger ages than in white women.

7. **Obesity**: A significant portion faces challenges related to weight management which impacts overall health outcomes.

8. **Asthma**: Increased incidence has been noted in children and adults alike.

It’s important for healthcare providers and patients to stay informed about specific risks and engage regularly in preventive screenings tailored towards early detection and treatment options available. Lifestyle modifications such as diet changes, regular exercise routines, smoking cessation if applicable, stress reduction techniques along with routine check-ups play crucial roles in maintaining good health across all ethnicities including black populations globally. Always consult your doctor regarding personalized advice considering individual circumstances and needs","African Americans have some specific health disparities compared to other racial groups in the United States. They should particularly be vigilant about monitoring for:

1. **High Blood Pressure (Hypertension)** - More prevalent among African Americans than any other group within this country.

2. **Diabetes** - Higher rates of both type 2 diabetes mellitus and complications from it such as kidney disease.

3. **Heart Disease** - Increased risk factors include hypertension which can lead to heart attacks or strokes.

4. **Sickle Cell Anemia** - A genetic disorder more commonly found in people with origins in malaria-endemic regions including Africa.

5. **Kidney Diseases** - Conditions like chronic kidney diseases occur at higher frequencies due partly to uncontrolled high blood pressure and diabetes.

6. **Prostate Cancer** - Among men, prostate cancer is diagnosed more frequently and often presents at an earlier age and advanced stage.

7. **Breast Cancer** - In women, breast cancers tend to present younger and may be aggressive subtypes.

Regular screenings, maintaining healthy lifestyle choices, and managing these risks through preventive care are crucial steps towards mitigating potential negative outcomes associated with these conditions.",0.6016267637277044,0.2447395736811532,0.7567793054367485,25.405390624354784,24.226220866881263,26.001228966906247,7.638888888888889,5.797101449275363,7.441860465116279,18.055555555555557,13.768115942028984,15.813953488372093,0.0,0.0,0.0,37.5,25.0,31.25,5.504587155963304,3.8461538461538463,6.493506493506493,9.6,6.666666666666668,10.75268817204301,0.8445627093315125,0.8271087408065796,0.8288550972938538,1.0,0.794005274772644,0.7273611426353455,4,3,4
Qwen2.5-32B-Instruct (4bit),qwen25_32b_4bit.yaml,4bit,layperson,17,What is (are) After Surgery ?,"what all can happn after you get somthing done at the hospitol, like after they fix stuff and your home agian ?",What potential outcomes or complications can occur after being discharged from the hospital following treatment or surgery?,"After any operation, you'll have some side effects. There is usually some pain with surgery. There may also be swelling and soreness around the area that the surgeon cut. Your surgeon can tell you which side effects to expect. There can also be complications. These are unplanned events linked to the operation. Some complications are infection, too much bleeding, reaction to anesthesia, or accidental injury. Some people have a greater risk of complications because of other medical conditions. Your surgeon can tell you how you might feel and what you will be able to do - or not do - the first few days, weeks, or months after surgery. Some other questions to ask are - How long you will be in the hospital - What kind of supplies, equipment, and help you might need when you go home - When you can go back to work - When it is ok to start exercising again - Are they any other restrictions in your activities Following your surgeon's advice can help you recover as soon as possible. Agency for Healthcare Quality and Research","""After surgery,"" often referred to as postoperative or postsurgical, refers to the period immediately following an operation when patients recover from anesthesia and heal physically from their surgical procedure. This phase involves monitoring for complications such as infections, managing pain with medication, promoting mobility if appropriate, and ensuring proper wound care among other recovery measures tailored by healthcare providers according to specific surgeries and patient conditions.","After being discharged from the hospital, several outcomes or experiences may occur:

1. **Recovery Period**: You might experience fatigue, pain, or discomfort as part of normal healing processes.

2. **Medication Management**: Follow-up prescriptions for medications to manage symptoms such as pain, infection prevention (antibiotics), or other conditions related to the treatment received in the hospital.

3. **Follow-Up Appointments**: Scheduled visits with healthcare providers to monitor recovery progress and address any complications early.

4. **Physical Limitations**: Depending on the procedure, there could be temporary restrictions on activities like lifting heavy objects, driving, or strenuous exercise.

5. **Emotional Impact**: Feelings ranging from relief to anxiety about health status post-procedure; support systems including family, friends, or professional counselors can help navigate these emotions.

6. **Symptoms Monitoring**: Pay attention to signs that indicate potential problems requiring immediate contact with a doctor, such as excessive bleeding, fever, severe pain, or changes in bodily functions.

7. **Dietary Adjustments**: Certain procedures necessitate dietary modifications during initial stages of recovery to aid digestion and overall well-being.

8. **Wound Care Instructions**: Proper care instructions provided by the hospital staff must be followed diligently if surgery was involved to prevent infections and promote proper wound healing.

Each individual's situation varies depending upon their specific condition treated and personal health factors. Always follow personalized advice given by treating physicians regarding expected outcomes and necessary precautions.","After discharge from the hospital post-treatment or surgery, several potential outcomes or complications may arise:

1. **Infection**: Surgical sites or wounds might become infected if not properly cared for.

2. **Pain Management Issues**: Inadequate pain control leading to discomfort or reliance on opioids without proper supervision.

3. **Wound Dehiscence**: The surgical incision opens up before it has adequately healed.

4. **Bleeding**: Excessive bleeding at the site of injury or operation could require further intervention.

5. **Thromboembolic Events (Clots)**: Formation of blood clots in veins which can travel to lungs causing pulmonary embolism.

6. **Dehydration/Nutritional Deficiencies**: Especially common among patients with gastrointestinal issues where eating is difficult immediately post-surgery.

7. **Psychological Complications**: Anxiety, depression, PTSD related to illness/surgical experience.

8. **Medication Side Effects/Interactions**: Incorrect dosage or interactions between prescribed medications.

9. **Delayed Healing**: Poor nutrition, smoking, diabetes, etc., can delay healing processes.

Immediate follow-up care as recommended by healthcare providers helps mitigate these risks through monitoring and timely interventions when necessary.",0.4948689280072748,1.306055720928414,0.6568644190361768,26.16849299925464,36.937386343550784,37.25817904384734,9.322033898305085,10.63291139240506,10.74626865671642,19.491525423728813,23.79746835443038,22.686567164179102,0.0,0.0,0.0,12.5,18.75,20.3125,23.52941176470588,10.0,15.476190476190476,16.3265306122449,13.043478260869568,17.567567567567565,0.8390489220619202,0.8339971899986267,0.8211157321929932,1.0,0.2722005844116211,0.4660090208053589,4,4,3
Qwen2.5-32B-Instruct (4bit),qwen25_32b_4bit.yaml,4bit,incomplete,18,Do you have information about Air Pollution,do u have any info on bad air stuff and what it can do?,What are the health effects of exposure to poor air quality?,"Summary : Air pollution is a mixture of solid particles and gases in the air. Car emissions, chemicals from factories, dust, pollen and mold spores may be suspended as particles. Ozone, a gas, is a major part of air pollution in cities. When ozone forms air pollution, it's also called smog. Some air pollutants are poisonous. Inhaling them can increase the chance you'll have health problems. People with heart or lung disease, older adults and children are at greater risk from air pollution. Air pollution isn't just outside - the air inside buildings can also be polluted and affect your health. Environmental Protection Agency","Air pollution refers to the presence of harmful substances in the air that can cause health issues or damage the environment. It includes particulate matter (PM), nitrogen dioxide (NO2), sulfur dioxide (SO2), carbon monoxide (CO), ozone (O3), and volatile organic compounds (VOCs). These pollutants come from various sources such as vehicle emissions, industrial processes, burning fossil fuels for energy production, wildfires, and agricultural activities.

Exposure to polluted air is linked with respiratory diseases like asthma and chronic obstructive pulmonary disease (COPD), cardiovascular problems including heart attacks and strokes, lung cancer, and other adverse effects on human health. Vulnerable populations include children, elderly individuals, those already suffering from respiratory conditions, and people living near high-pollution areas. Reducing exposure through indoor空气净化措施、使用防污染口罩以及支持减少空气污染物排放的政策和实践都是保护健康的重要步骤。","""Bad air,"" often referring to polluted or contaminated air, contains various harmful substances such as particulate matter (PM), ozone, nitrogen dioxide, sulfur dioxide, carbon monoxide, and volatile organic compounds. Exposure to these pollutants can lead to several health issues including:

1. Respiratory problems - asthma attacks, bronchitis, reduced lung function.
2. Cardiovascular diseases – heart attack, stroke, hypertension.
3. Eye irritation and other symptoms like coughing, throat irritation.
4. Long-term exposure may contribute to chronic conditions and decreased life expectancy.

Air quality indices help monitor levels of pollution; staying informed about local AQI reports is advisable for minimizing risks associated with poor air quality.","Exposure to poor air quality can lead to various adverse health effects including respiratory issues such as asthma exacerbation, bronchitis, and reduced lung function; cardiovascular problems like heart attacks and strokes; irritation of eyes, nose, and throat; and in severe cases, it may contribute to conditions such as cancer or premature death. Vulnerable populations, including children, elderly individuals, and those with pre-existing health conditions, are at higher risk for these impacts.",2.125452040282637,1.1386731567334694,1.1172297327701186,38.03534654365537,34.15383124195284,28.30879065953234,13.82488479262673,12.871287128712872,12.865497076023392,28.571428571428577,21.78217821782178,25.730994152046783,0.0,0.0,0.0,16.666666666666664,10.416666666666668,4.166666666666666,16.0,9.433962264150944,6.896551724137931,16.3265306122449,9.900990099009904,5.194805194805195,0.8131346702575684,0.8487588763237,0.8545422554016113,0.9999998807907104,0.6020172238349915,0.6358227729797363,4,4,4
Qwen2.5-32B-Instruct (4bit),qwen25_32b_4bit.yaml,4bit,overgeneralization,19,Do you have information about Alcohol,do you have any info on things people use or drink and how that,What are the health effects of common substances people consume?,"Summary : If you are like many Americans, you drink alcohol at least occasionally. For many people, moderate drinking is probably safe. It may even have health benefits, including reducing your risk of certain heart problems. For most women and for most people over 65, moderate drinking is no more than three drinks a day or seven drinks per week. For men under 65, it is no more than four drinks a day or 14 drinks per week. Some people should not drink at all, including alcoholics, children, pregnant women, people taking certain medicines, and people with certain medical conditions. If you have questions about whether it is safe for you to drink, speak with your health care provider. Anything more than moderate drinking can be risky. Heavy drinking can lead to alcoholism and alcohol abuse, as well as injuries, liver disease, heart disease, cancer, and other health problems. It can also cause problems at home, at work, and with friends. NIH: National Institute on Alcohol Abuse and Alcoholism","Alcohol, specifically ethanol or ethyl alcohol, is a psychoactive substance commonly consumed in beverages such as beer, wine, and spirits. It acts primarily as a depressant of the central nervous system, affecting brain function to produce effects like relaxation and reduced inhibitions at low doses. Higher levels can lead to impaired motor skills, judgment, and coordination.

Health risks associated with excessive consumption include liver disease (cirrhosis), certain cancers, cardiovascular issues, addiction, and increased risk for accidents and injuries. Moderate drinking guidelines vary by country but generally recommend limits such as up to one drink per day for women and two drinks per day for men. Prolonged heavy use may result in physical dependence and withdrawal symptoms when intake ceases abruptly.","It seems like your query is incomplete. Could you please specify what information you're seeking about things people use or drink? For example, are you interested in beverages' effects on health, dietary supplements, alcohol consumption, hydration facts, or something else related to substances consumed by individuals? Providing more details will help me give an accurate response.","The health effects vary widely depending on the substance:

1. **Water**: Essential for life; regulates body temperature, aids digestion, and transports nutrients.

2. **Coffee/Caffeine**: Can increase alertness but may cause insomnia or anxiety in high doses.

3. **Alcohol**: In moderation can have some cardiovascular benefits, but excessive consumption leads to liver damage, addiction, and other serious health issues.

4. **Sugar/Sweeteners**: Excessive intake is linked with obesity, diabetes, heart disease. Artificial sweeteners might affect gut bacteria negatively.

5. **Salt (Sodium)**: Necessary for bodily functions like nerve transmission and fluid balance; excess increases risk of hypertension and stroke.

6. **Nicotine/Tobacco Products**: Highly addictive; causes cancer, lung diseases, and contributes significantly to cardiovascular problems.

7. **Marijuana/THC**: May relieve pain and nausea but also affects memory, perception, and mood regulation adversely at higher dosages.

8. **Prescription Medications**: Vary greatly by type; used correctly they treat conditions effectively but misuse can lead to dependency and severe side-effects.

Each has its own set of risks and benefits which depend largely upon dosage and individual physiological factors.",1.9038936201210088,0.1609163939742988,2.260861738527737,32.347352306733754,17.07015005124264,32.26522943540595,11.307420494699649,8.108108108108109,10.029498525073748,29.681978798586574,17.117117117117118,22.4188790560472,0.0,0.0,0.0,21.333333333333336,4.0,6.666666666666667,27.11864406779661,15.789473684210526,6.097560975609756,23.88059701492537,6.382978723404255,6.369426751592357,0.8425525426864624,0.8155307769775391,0.8119898438453674,1.0,0.6680300831794739,0.4575718939304352,3,2,2
Qwen2.5-32B-Instruct (4bit),qwen25_32b_4bit.yaml,4bit,typos_grammar,20,What is (are) Alcoholism and Alcohol Abuse ?,"What is alchoholism and alchohol abuse, are they the same thing or not ?",What is the difference between alcoholism and alcohol abuse?,"For most adults, moderate alcohol use is probably not harmful. However, about 18 million adult Americans have an alcohol use disorder. This means that their drinking causes distress and harm. It includes alcoholism and alcohol abuse. Alcoholism, or alcohol dependence, is a disease that causes - Craving - a strong need to drink - Loss of control - not being able to stop drinking once you've started - Physical dependence - withdrawal symptoms - Tolerance - the need to drink more alcohol to feel the same effect With alcohol abuse, you are not physically dependent, but you still have a serious problem. The drinking may cause problems at home, work, or school. It may cause you to put yourself in dangerous situations, or lead to legal or social problems. Another common problem is binge drinking. It is drinking about five or more drinks in two hours for men. For women, it is about four or more drinks in two hours. Too much alcohol is dangerous. Heavy drinking can increase the risk of certain cancers. It can cause damage to the liver, brain, and other organs. Drinking during pregnancy can harm your baby. Alcohol also increases the risk of death from car crashes, injuries, homicide, and suicide. If you want to stop drinking, there is help. Start by talking to your health care provider. Treatment may include medicines, counseling, and support groups. NIH: National Institute on Alcohol Abuse and Alcoholism","Alcoholism, also known as alcohol use disorder (AUD), refers to problematic patterns of drinking that lead to significant impairment or distress. It involves compulsive consumption despite negative consequences.

Alcohol abuse specifically denotes excessive drinking without meeting all criteria for full-blown dependence but still causing harm through risky behaviors like binge drinking. Both conditions can result in physical health issues, social problems, and impaired functioning.","Alcoholism and alcohol abuse are related but distinct conditions.

Alcoholism (also known as Alcohol Use Disorder) involves physical dependence on alcohol, leading to withdrawal symptoms when drinking stops. It includes an inability to control drinking despite negative consequences in health, work, relationships, etc., and often requires professional treatment for recovery.

Alcohol abuse refers to problematic patterns of excessive drinking that lead to harmful outcomes without necessarily involving physiological addiction. This can include binge drinking episodes or regular heavy use causing impairment at school/work/home, legal troubles, or relationship problems.

While both involve risky behaviors with alcohol, only alcoholism entails compulsive consumption due to dependency issues.","Alcoholism, also known as Alcohol Use Disorder (AUD), involves physical dependence with symptoms like tolerance and withdrawal, while alcohol abuse refers to problematic drinking that causes harm but may not include all elements of dependency such as physiological adaptation or severe cravings.",0.3973314884636957,1.532126473890211,0.0322355049917392,20.27079334940014,32.03879646309113,14.415812810101915,11.846689895470382,14.678899082568808,10.606060606060606,21.60278745644599,34.86238532110092,18.939393939393938,0.0,0.0,0.0,12.727272727272728,20.909090909090907,7.272727272727272,46.66666666666666,42.5925925925926,61.53846153846154,20.0,28.04878048780488,13.008130081300813,0.8473413586616516,0.8574377298355103,0.8409221172332764,1.0,0.7763404846191406,0.8605636954307556,4,5,4
Qwen2.5-32B-Instruct (4bit),qwen25_32b_4bit.yaml,4bit,ambiguity,21,What is (are) Allergy ?,"when your body acts up around certain stuff and you get weird reactions, what is that whole thing actually?",What causes unusual bodily reactions to specific substances?,"An allergy is a reaction by your immune system to something that does not bother most other people. People who have allergies often are sensitive to more than one thing. Substances that often cause reactions are - Pollen - Dust mites - Mold spores - Pet dander - Food - Insect stings - Medicines Normally, your immune system fights germs. It is your body's defense system. In most allergic reactions, however, it is responding to a false alarm. Genes and the environment probably both play a role. Allergies can cause a variety of symptoms such as a runny nose, sneezing, itching, rashes, swelling, or asthma. Allergies can range from minor to severe. Anaphylaxis is a severe reaction that can be life-threatening. Doctors use skin and blood tests to diagnose allergies. Treatments include medicines, allergy shots, and avoiding the substances that cause the reactions. NIH: National Institute of Allergy and Infectious Diseases","An allergy is an immune system reaction to a substance that is normally harmless, such as pollen, pet dander, or certain foods. When someone with allergies encounters their allergen, their body identifies it as harmful and produces antibodies to fight it off, leading to symptoms like sneezing, itching, rashes, swelling, or in severe cases, anaphylaxis.","When your body reacts abnormally to certain substances, causing unusual symptoms or responses, it could be due to an allergy, sensitivity, or intolerance. Allergies involve immune system reactions triggered by typically harmless substances like pollen, pet dander, or specific foods. Sensitivities can cause similar but non-immune-related adverse effects, while intolerances usually affect digestion of particular food items without involving the immune system. Identifying the exact nature requires evaluation by healthcare professionals who may use tests such as skin prick testing for allergies or elimination diets for sensitivities/intolerances.","Unusual bodily reactions to specific substances can be caused by allergies or sensitivities. Allergies occur when the immune system overreacts to normally harmless substances called allergens (e.g., pollen, pet dander). Sensitivities may involve non-immune responses leading to adverse effects from certain foods, chemicals, or medications without involving an allergic reaction. Symptoms vary widely but often include rash, itching, swelling, sneezing, runny nose, shortness of breath, nausea, vomiting, diarrhea, or in severe cases, anaphylaxis. Identification typically requires allergy testing or elimination diets under healthcare provider guidance.",3.868795720707933,1.2304721114561497,2.964642770994282,24.72797822323588,33.79355038865338,37.555453923508665,21.27659574468085,12.556053811659194,15.384615384615383,31.91489361702128,28.699551569506728,31.674208144796378,0.0,0.0,0.0,16.901408450704224,19.718309859154928,18.30985915492958,46.15384615384615,30.434782608695656,30.952380952380956,24.74226804123711,23.93162393162393,23.00884955752212,0.8791510462760925,0.8532695174217224,0.8702900409698486,1.0,0.4340211749076843,0.4155055582523346,4,4,4
Qwen2.5-32B-Instruct (4bit),qwen25_32b_4bit.yaml,4bit,layperson,22,What is (are) Alpha-1 Antitrypsin Deficiency ?,"what is that inherted thing where your body doesnt make enough of some protien to protect the lungs n maybe liver too, like why do ppl get it and what does it even do ?","What is the inherited condition where the body doesn't produce enough protein to protect the lungs and liver, and how does someone inherit it?","Alpha-1 antitrypsin deficiency (AAT deficiency) is an inherited condition that raises your risk for lung and liver disease. Alpha-1 antitrypsin (AAT) is a protein that protects the lungs. The liver makes it. If the AAT proteins aren't the right shape, they get stuck in the liver cells and can't reach the lungs. Symptoms of AAT deficiency include - Shortness of breath and wheezing - Repeated lung infections - Tiredness - Rapid heartbeat upon standing - Vision problems - Weight loss Some people have no symptoms and do not develop complications. Blood tests and genetic tests can tell if you have it. If your lungs are affected, you may also have lung tests. Treatments include medicines, pulmonary rehab, and extra oxygen, if needed. Severe cases may need a lung transplant. Not smoking can prevent or delay lung symptoms. NIH: National Heart, Lung, and Blood Institute","Alpha-1 antitrypsin deficiency is a genetic disorder where the body does not produce enough of a protein called alpha-1 antitrypsin, which protects lung tissue from enzymes that can break it down. This condition increases the risk for developing emphysema, liver disease, and other health problems due to low levels or abnormal forms of this protective protein.","The condition you're referring to sounds like Alpha-1 Antitrypsin Deficiency (AATD). It's an inherited disorder in which the body doesn't produce enough alpha-1 antitrypsin protein, leading to lung diseases such as emphysema or chronic obstructive pulmonary disease (COPD), and sometimes liver damage.

People inherit AATD when they receive two defective genes from their parents—one from each parent who may be carriers without showing symptoms themselves. The deficiency occurs because this specific protein protects tissues from enzymes involved in inflammation; with insufficient amounts, these tissues can become damaged over time by inflammatory processes within the body. 

This genetic predisposition means individuals affected have higher risks for respiratory issues especially if exposed to irritants like cigarette smoke or environmental pollutants exacerbating lung conditions. Liver involvement happens less frequently but still poses significant health concerns requiring careful monitoring and management strategies tailored per individual case severity.","The condition described is cystic fibrosis (CF). It's an autosomal recessive genetic disorder caused by mutations in the CFTR gene. An individual inherits CF when they receive two copies of the defective gene, one from each parent. If both parents carry one copy of the mutated gene, there’s a 25% chance with each pregnancy that their child will have CF.",0.977930874603456,1.2097764053413715,0.5685435060359868,24.108227375175307,38.07716924273512,16.6862749889453,14.97326203208556,14.440433212996387,7.446808510638298,27.807486631016044,25.27075812274369,11.702127659574469,0.0,0.0,0.0,13.432835820895525,19.402985074626866,1.4925373134328357,33.33333333333333,16.25,4.545454545454546,19.148936170212767,17.687074829931973,2.247191011235955,0.868106484413147,0.8513563871383667,0.8220899105072021,1.0,0.3786769509315491,0.3883390426635742,4,4,1
Qwen2.5-32B-Instruct (4bit),qwen25_32b_4bit.yaml,4bit,incomplete,23,What is (are) Alzheimer's Caregivers ?,"what are the people who take care of someone like this with bad memory stuff called, and what do they even do for them?",What is the role of caregivers for individuals with severe memory impairment?,"Caring for someone who has Alzheimer's disease (AD) can be stressful and overwhelming. It's important to take care of yourself. Ask for and accept help. Talk to the doctor. Find out what treatments might help control symptoms or address behavior problems. Find a support group. Others who have ""been there"" may be able to help and will understand. If there are times of day that the person is less confused or more cooperative, take advantage of that in daily routines. Consider using adult day care or respite services. These offer a break with the peace of mind that the patient is being taken care of. Begin to plan for the future. This may include - Getting financial and legal documents in order - Looking into assisted living or nursing homes - Finding out what your health insurance and Medicare will cover NIH: National Institute on Aging","Alzheimer's caregivers are individuals who provide support to people with Alzheimer’s disease or other forms of dementia. This can include family members, friends, or professional healthcare providers who assist in managing daily activities, ensuring safety, providing emotional support, coordinating medical care, and handling behavioral symptoms associated with the condition.","People who take care of individuals with impaired memory often have titles such as dementia caregivers or Alzheimer's disease specialists if in professional settings. Their roles can include:

1. Providing daily assistance (e.g., helping with dressing, bathing).
2. Managing medications to ensure proper treatment adherence.
3. Assisting with communication when language skills decline.
4. Creating structured routines that help maintain familiarity and reduce confusion.
5. Monitoring safety by preventing wandering and ensuring a secure environment.
6. Offering emotional support and engaging patients in activities suited to their abilities.

These professionals aim to improve quality of life while managing symptoms effectively.","Caregivers play a crucial role in supporting individuals with severe memory impairment by assisting with daily activities, ensuring safety, managing medications, providing emotional support, facilitating communication, and coordinating healthcare appointments. They help maintain quality of life and ensure proper care through structured routines and environments adapted to minimize confusion or disorientation.",0.4345870449633517,1.8059463169607783,0.2079127278419437,23.046106455490424,34.42514892512237,21.98649756894848,11.702127659574469,10.041841004184098,6.382978723404255,22.3404255319149,24.267782426778243,13.829787234042554,0.0,0.0,0.0,3.1746031746031744,9.523809523809524,4.761904761904762,8.0,15.0,13.636363636363637,4.545454545454546,11.650485436893202,7.0588235294117645,0.8429675102233887,0.8430805206298828,0.8367817997932434,1.0,0.5579156279563904,0.7675840854644775,3,3,3
Qwen2.5-32B-Instruct (4bit),qwen25_32b_4bit.yaml,4bit,overgeneralization,24,What is (are) Alzheimer's Disease ?,"what is that kind of old-age brain/memory problem where poeple get real forgetfull and confused over time, like is it just normal aging or some bigger mental health thing or what dose it even mean?","What is the condition characterized by progressive memory loss and confusion in older adults, and how does it differ from normal aging?","Alzheimer's disease (AD) is the most common form of dementia among older people. Dementia is a brain disorder that seriously affects a person's ability to carry out daily activities. AD begins slowly. It first involves the parts of the brain that control thought, memory and language. People with AD may have trouble remembering things that happened recently or names of people they know. A related problem, mild cognitive impairment (MCI), causes more memory problems than normal for people of the same age. Many, but not all, people with MCI will develop AD. In AD, over time, symptoms get worse. People may not recognize family members. They may have trouble speaking, reading or writing. They may forget how to brush their teeth or comb their hair. Later on, they may become anxious or aggressive, or wander away from home. Eventually, they need total care. This can cause great stress for family members who must care for them. AD usually begins after age 60. The risk goes up as you get older. Your risk is also higher if a family member has had the disease. No treatment can stop the disease. However, some drugs may help keep symptoms from getting worse for a limited time. NIH: National Institute on Aging","Alzheimer's disease is a progressive neurological disorder that leads to memory loss, cognitive decline, and behavioral changes. It is characterized by the accumulation of amyloid plaques and neurofibrillary tangles in the brain, leading to neuronal death primarily affecting areas responsible for memory and cognition. It is the most common cause of dementia among older adults.","The condition you're describing sounds like dementia, which includes symptoms such as memory loss, confusion, and difficulty with thinking clearly. It's not considered part of typical age-related changes but rather a more significant cognitive decline often associated with diseases like Alzheimer’s disease. If someone experiences these symptoms, they should consult a healthcare provider for an accurate diagnosis and appropriate care.","The condition characterized by progressive memory loss and confusion in older adults is Alzheimer's disease. It differs from normal aging because while mild forgetfulness can be part of typical age-related changes, Alzheimer’s involves significant cognitive decline that disrupts daily life activities. Normal aging may involve occasionally forgetting names or appointments but remembering them later; whereas, with Alzheimer’s, individuals might increasingly forget recently learned information and important dates or events without improvement over time. Additionally, Alzheimer’s affects other aspects such as planning, problem-solving abilities, orientation to place/time, and language skills more severely than what would occur during regular aging processes.",0.6325776145215498,0.194024006213069,0.7405990368809964,19.312243138199143,17.839588482348205,30.541980494631467,11.2,9.30232558139535,10.561056105610565,20.800000000000004,19.379844961240316,29.04290429042905,0.0,0.0,0.0,6.8181818181818175,6.8181818181818175,12.5,28.57142857142857,22.22222222222222,26.82926829268293,11.009174311926603,10.434782608695652,17.05426356589147,0.8498373031616211,0.8395040035247803,0.8494343757629395,1.0,0.4827484786510467,0.5660517811775208,4,4,5
Qwen2.5-32B-Instruct (4bit),qwen25_32b_4bit.yaml,4bit,typos_grammar,25,What is (are) Amblyopia ?,"what is amblyopai exactly , and how dose it affect the eye ?",What is amblyopia and how does it affect the eyes?,"Amblyopia, or ""lazy eye,"" is the most common cause of visual impairment in children. It happens when an eye fails to work properly with the brain. The eye may look normal, but the brain favors the other eye. In some cases, it can affect both eyes. Causes include - Strabismus - a disorder in which the two eyes don't line up in the same direction - Refractive error in an eye - when one eye cannot focus as well as the other, because of a problem with its shape. This includes nearsightedness, farsightedness, and astigmatism. - Cataract - a clouding in the lens of the eye It can be hard to diagnose amblyopia. It is often found during a routine vision exam. Treatment for amblyopia forces the child to use the eye with weaker vision. There are two common ways to do this. One is to have the child wear a patch over the good eye for several hours each day, over a number of weeks to months. The other is with eye drops that temporarily blur vision. Each day, the child gets a drop of a drug called atropine in the stronger eye. It is also sometimes necessary to treat the underlying cause. This could include glasses or surgery. NIH: National Eye Institute","Amblyopia, often referred to as ""lazy eye,"" is a condition where vision in one or both eyes does not develop properly during childhood. This results in reduced visual acuity that cannot be corrected by glasses alone and occurs despite an otherwise healthy eye structure. It typically affects only one eye but can occur in both. Early detection and treatment in children are crucial for effective management of amblyopia. Causes include strabismus (misaligned eyes), significant refractive errors, or cloudiness in parts of the eye like the lens. Treatment options may involve patching the stronger eye, using atropine drops, wearing corrective lenses, or undergoing surgery if structural problems exist.","Amblyopia, often referred to as ""lazy eye,"" is a condition where vision in one or both eyes does not develop properly during childhood. It occurs when there's an imbalance between the two eyes that leads to reduced visual acuity in one eye due to disuse.

Effects on the Eye:
1. Reduced Visual Acuity: The affected eye sees less clearly than normal.
2. Poor Depth Perception: Amblyopia can lead to difficulties with depth perception because the brain relies more heavily on input from the stronger eye.
3. Suppression of Vision: In some cases, the brain may suppress images coming from the weaker eye to avoid double vision (diplopia).
4. Potential for Permanent Vision Loss if Untreated: If left untreated during early development years, amblyopia can result in permanent loss of vision in the affected eye. 

Early detection through regular pediatric eye exams is crucial for effective treatment options such as patching, corrective lenses, eyedrops, or sometimes surgery.","Amblyopia, often referred to as ""lazy eye,"" is a condition where vision in one or both eyes is reduced because the eye and brain are not working together properly. It's not due to any obvious problem of the eye itself. Amblyopia develops in childhood when visual development is immature; if left untreated, permanent visual impairment can occur in the affected eye(s). This condition affects depth perception and may lead to difficulties with tasks requiring precise binocular coordination. Early detection through regular pediatric eye exams allows for effective treatment options such as patching the stronger eye, using eyedrops that blur vision temporarily in the good eye, or corrective lenses.",4.211999394174504,7.105631022138336,4.115619023219799,33.69125016198918,36.90978916233895,32.62052065479791,16.254416961130744,17.073170731707314,17.543859649122805,37.45583038869258,39.02439024390244,36.49122807017544,0.0,0.0,0.0,24.050632911392405,25.31645569620253,20.253164556962027,38.0,30.303030303030305,34.04255319148936,29.457364341085267,27.58620689655173,25.396825396825395,0.8775794506072998,0.8632961511611938,0.8688579797744751,1.0,0.5316331386566162,0.7912805676460266,5,4,5
Qwen2.5-32B-Instruct (4bit),qwen25_32b_4bit.yaml,4bit,ambiguity,26,What is (are) Amyloidosis ?,What is that condition where some kind of stuff builds up in the body/organs and starts causing problems?,What is the condition characterized by the buildup of substances in the body or organs leading to health issues?,"Amyloidosis occurs when abnormal proteins called amyloids build up and form deposits. The deposits can collect in organs such as the kidney and heart. This can cause the organs to become stiff and unable to work the way they should. There are three main types of amyloidosis: - Primary - with no known cause - Secondary - caused by another disease, including some types of cancer - Familial - passed down through genes Symptoms can vary, depending upon which organs are affected. Treatment depends on the type of amyloidosis you have. The goal is to help with symptoms and limit the production of proteins. If another disease is the cause, it needs to be treated.","Amyloidosis is a group of rare diseases characterized by abnormal deposits of proteins called amyloids in tissues or organs. These protein deposits can disrupt normal function leading to various symptoms depending on where they accumulate. Common sites include the heart, kidneys, liver, spleen, nervous system, and gastrointestinal tract. Treatment often focuses on managing symptoms and addressing underlying causes if known.","The condition you're referring to could be amyloidosis or organ-specific conditions like fatty liver disease (steatosis). In these cases, abnormal substances such as proteins (amyloids) or fat accumulate in organs leading to dysfunction. The exact nature depends on what substance accumulates and which organs it affects. For an accurate diagnosis, clinical evaluation including imaging studies and possibly biopsy would be necessary.","The condition you're referring to could be amyloidosis, where abnormal proteins (amyloids) build up in various tissues and organs, causing damage. Another possibility is organ-specific conditions like fatty liver disease, where there's an accumulation of fat in the liver cells leading to dysfunction. For a precise diagnosis, specific symptoms and affected areas need to be considered.",2.0302925267831125,1.3564556887028485,1.2489236377247632,34.48660994436854,29.450713751478187,28.402683504147568,20.12578616352201,14.906832298136646,21.7948717948718,32.704402515723274,26.08695652173913,28.20512820512821,0.0,0.0,0.0,15.555555555555555,11.11111111111111,15.555555555555555,23.33333333333333,18.51851851851852,25.0,18.666666666666668,13.888888888888888,19.17808219178082,0.8859448432922363,0.8675868511199951,0.87661212682724,1.0,0.4672171473503113,0.4259946048259735,4,3,4
Qwen2.5-32B-Instruct (4bit),qwen25_32b_4bit.yaml,4bit,layperson,27,What is (are) Amyotrophic Lateral Sclerosis ?,"what is that nerve/muscle wasting thing called, where a person gets weaker n weaker, cant move right or talk good after awhile, is it like a body shutting down disease or somthing?","What is the condition characterized by progressive muscle weakness and atrophy, leading to difficulties with movement and speech?","Amyotrophic lateral sclerosis (ALS) is a nervous system disease that attacks nerve cells called neurons in your brain and spinal cord. These neurons transmit messages from your brain and spinal cord to your voluntary muscles - the ones you can control, like in your arms and legs. At first, this causes mild muscle problems. Some people notice - Trouble walking or running - Trouble writing - Speech problems Eventually, you lose your strength and cannot move. When muscles in your chest fail, you cannot breathe. A breathing machine can help, but most people with ALS die from respiratory failure. The disease usually strikes between age 40 and 60. More men than women get it. No one knows what causes ALS. It can run in families, but usually it strikes at random. There is no cure. Medicines can relieve symptoms and, sometimes, prolong survival. NIH: National Institute of Neurological Disorders and Stroke","Amyotrophic Lateral Sclerosis (ALS), also known as Lou Gehrig's disease, is a progressive neurodegenerative disorder that affects nerve cells in the brain and spinal cord leading to muscle weakness and atrophy. It impacts motor neurons responsible for voluntary movements like walking or talking, eventually causing paralysis and difficulty breathing. ALS typically does not affect cognitive functions but can lead to respiratory failure due to weakened diaphragm muscles.","The condition you're describing sounds like Amyotrophic Lateral Sclerosis (ALS), also known as Lou Gehrig's Disease. ALS is a progressive neurodegenerative disease that affects nerve cells in the brain and spinal cord leading to muscle weakness, atrophy, and difficulty with speech, swallowing, and breathing. It does not specifically refer to ""body shutdown,"" but rather selective motor neuron degeneration causing these symptoms over time.","The condition described is known as Amyotrophic Lateral Sclerosis (ALS), also referred to as Lou Gehrig's disease. It affects nerve cells in the brain and spinal cord that control voluntary movements.",2.125889389840132,2.0786085414499715,0.2941713802556723,28.82640681722907,25.209828569055688,14.699164376314508,22.966507177033492,21.463414634146343,15.028901734104046,30.622009569377997,28.292682926829265,20.80924855491329,0.0,0.0,0.0,19.696969696969692,12.12121212121212,12.12121212121212,38.23529411764706,29.629629629629623,66.66666666666666,26.0,17.204301075268816,20.51282051282051,0.8709903955459595,0.8528687357902527,0.8594310879707336,1.0,0.4054456949234009,0.4632273316383362,4,5,4
Qwen2.5-32B-Instruct (4bit),qwen25_32b_4bit.yaml,4bit,incomplete,28,Do you have information about Anabolic Steroids,do you hav any info on those muscle-building stuff?,What information is available about muscle-building supplements?,"Summary : Anabolic steroids are man-made substances related to male sex hormones. Doctors use anabolic steroids to treat some hormone problems in men, delayed puberty, and muscle loss from some diseases. Bodybuilders and athletes often use anabolic steroids to build muscles and improve athletic performance. Using them this way is not legal or safe. Abuse of anabolic steroids has been linked with many health problems. They include - Acne - Breast growth and shrinking of testicles in men - Voice deepening and growth of facial hair in women - High blood pressure - Heart problems, including heart attack - Liver disease, including cancer - Kidney damage - Aggressive behavior NIH: National Institute on Drug Abuse","Anabolic steroids, also known as anabolic-androgenic steroids (AAS), are synthetic derivatives of testosterone used to increase muscle mass and strength. They work by stimulating protein synthesis in cells, leading to enhanced muscular development when combined with resistance training.

Commonly abused for performance enhancement in sports despite bans by most major sporting organizations due to health risks including but not limited to cardiovascular issues, liver damage, hormonal imbalances, acne, and behavioral changes like aggression or depression. Long-term use can lead to more severe complications such as infertility and increased risk of certain cancers. Legal usage is restricted; they require prescription typically for conditions like delayed puberty, impotence, osteoporosis treatment, and recovery from trauma or surgery where muscle loss has occurred significantly.","Muscle building supplements typically include:

1. **Protein Powders**: Common types like whey protein help in repairing and growing muscles after workouts.

2. **Creatine Monohydrate**: Increases strength and energy levels during short bursts of activity; helps with recovery too.

3. **BCAAs (Branched-Chain Amino Acids)**: Leucine, Isoleucine, Valine support muscle growth and repair while reducing fatigue.

4. **Testosterone Boosters**: Natural ingredients such as D-aspartic acid aim to increase testosterone production which can aid in muscle gain.

5. **Mass Gainers**: High-calorie formulas designed for individuals who struggle gaining weight or mass due to high metabolism rates.

Always consult healthcare providers before starting new supplement regimens to ensure safety and efficacy tailored to individual health conditions.","Muscle-building supplements, also known as mass gainers or anabolic aids, include various products designed to support increased muscle growth through exercise and diet. Common types of these supplements contain:

1. **Protein Powders**: Such as whey protein, casein, soy, and pea proteins which provide amino acids necessary for muscle repair and growth.

2. **Creatine Monohydrate**: A compound that occurs naturally in muscles; it helps increase energy production during high-intensity workouts by boosting ATP regeneration.

3. **BCAAs (Branched-Chain Amino Acids)**: Leucine, Isoleucine, and Valine help reduce fatigue and promote recovery after intense training sessions.

4. **Mass Gainers**: High-calorie formulas combining carbohydrates with proteins aimed at increasing overall calorie intake to facilitate weight gain including lean body mass.

5. **Testosterone Boosters**: Natural ingredients like D-aspartic acid intended to enhance natural testosterone levels without synthetic hormones.

6. **Pre-workout Supplements**: Contain stimulants such as caffeine along with nitric oxide boosters aiming to improve focus, endurance, and performance during exercises.

It's important when considering any supplement use to consult healthcare providers due to potential interactions with medications and underlying health conditions. Always ensure quality control measures have been followed regarding purity and safety standards set forth by regulatory bodies like NSF International or Informed-Sport certification programs.",2.4248072892803,0.8804661592954568,0.7473089755239958,38.73926519700864,32.182464560805045,34.0506031526581,12.22707423580786,9.009009009009008,7.643312101910828,30.56768558951965,16.216216216216218,16.560509554140125,0.0,0.0,0.0,18.867924528301888,5.660377358490567,13.20754716981132,16.666666666666664,5.357142857142857,7.777777777777778,17.699115044247787,5.504587155963304,9.79020979020979,0.8503042459487915,0.8087494969367981,0.8086671829223633,1.0,0.4884521961212158,0.5060935616493225,4,2,1
Qwen2.5-32B-Instruct (4bit),qwen25_32b_4bit.yaml,4bit,overgeneralization,29,What is (are) Anal Cancer ?,"what is it called when theres a really bad growth or sick problem down there in the bottom area, like cancer or somthing, and what does that even mean for a person?","What are the potential serious growths or conditions similar to cancer that can occur in the pelvic region, and how do they affect a person?","The anus is where stool leaves your body when you go to the bathroom. It is made up of your outer layers of skin and the end of your large intestine. Anal cancer is a disease in which cancer cells form in the tissues of the anus. Anal cancer is rare. It is more common in smokers and people over 50. You are also at higher risk if you have HPV, have anal sex, or have many sexual partners. Symptoms include bleeding, pain, or lumps in the anal area. Anal itching and discharge can also be signs of anal cancer. Doctors use tests that examine the anus to diagnose anal cancer. They include a physical exam, endoscopy, ultrasound, and biopsy. Treatments include radiation therapy, chemotherapy, and surgery. NIH: National Cancer Institute","Anal cancer is a type of cancer that forms in the tissues of the anus. It can develop from cells affected by human papillomavirus (HPV), leading to cell mutations and uncontrolled growth. Common symptoms include anal bleeding, pain, itching, or the presence of lumps around the anus. Diagnosis often involves physical exams, imaging tests, biopsies, and other procedures. Treatment options may include surgery, radiation therapy, chemotherapy, or combinations thereof depending on the stage and specifics of the tumor. Early detection improves prognosis significantly.","When referring to a ""really bad growth"" or sickness in the lower body region, you might be describing conditions such as colorectal cancer, which affects the colon or rectum; anal cancer, affecting the anus; or other serious diseases impacting organs located in this area.

For a person diagnosed with one of these cancers, it means they have abnormal cell growth that can spread (metastasize) if not treated. Treatment options depend on factors including type, stage of cancer, location, patient's overall health status, and may include surgery, chemotherapy, radiation therapy, immunotherapy, or combinations thereof. Early detection often improves prognosis significantly. Regular screenings and check-ups help detect abnormalities early. Always consult healthcare professionals for accurate diagnosis and treatment plans tailored to individual cases.","Several types of non-cancerous (benign) but potentially serious growths can occur in the pelvic area:

1. **Fibroids**: These are common benign tumors found within the uterus wall. They may cause heavy menstrual bleeding, pain during periods, frequent urination, constipation, backache, and discomfort or pressure in the pelvis.

2. **Cysts**:
   - Ovarian cysts are fluid-filled sacs that form on an ovary. Most ovarian cysts produce no symptoms; however, some might lead to abdominal bloating, swelling, and sometimes severe pain if ruptured or twisted.
   
3. **Endometriosis**: This condition occurs when tissue similar to endometrium grows outside the uterus, often affecting ovaries, fallopian tubes, and other nearby organs. Symptoms include painful menstruation, chronic lower-back and pelvic-area pain, infertility issues, and bowel/bladder problems during menses.

4. **Adenomyosis**: Similar to endometriosis, adenomyosis is where uterine lining extends into muscular walls causing enlarged uterus with associated cramping, dysmenorrhea (painful menstruation), abnormal vaginal discharge, and excessive bleeding.

5. **Pelvic Inflammatory Disease (PID)**: An infection of female reproductive organs including cervix, uterus, fallopian tubes, and/or ovaries due to sexually transmitted infections like chlamydia/gonorrhoea leading to fever, nausea/v",11.217259208810516,3.140059240238654,1.955192336093029,39.19422825202098,37.793851475158505,33.99820955985496,24.24242424242424,14.166666666666666,9.271523178807946,38.38383838383839,27.500000000000004,19.86754966887417,0.0,0.0,0.0,21.428571428571427,12.5,12.5,31.57894736842105,12.5,6.666666666666667,25.53191489361702,12.5,8.695652173913045,0.8798021674156189,0.8450756669044495,0.821983814239502,1.0,0.459678053855896,0.5003317594528198,5,3,1
Qwen2.5-32B-Instruct (4bit),qwen25_32b_4bit.yaml,4bit,typos_grammar,30,What is (are) Anal Disorders ?,"what are anal disordrs exacly, and how do they happn ?",What are anal disorders and what causes them?,"The anus is the opening of the rectum through which stool passes out of your body. Problems with the anus are common. They include hemorrhoids, abscesses, fissures (cracks), and cancer. You may be embarrassed to talk about your anal troubles. But it is important to let your doctor know, especially if you have pain or bleeding. The more details you can give about your problem, the better your doctor will be able to help you. Treatments vary depending on the particular problem. NIH: National Institute of Diabetes and Digestive and Kidney Diseases","Anal disorders refer to various conditions affecting the anus that can cause discomfort or pain. Common anal disorders include hemorrhoids, fissures, fistulas, abscesses, and incontinence. Each condition has distinct symptoms and requires specific treatment approaches. Hemorrhoids involve swollen veins around the anus; fissures are tears in the skin of the anal canal; fistulas are abnormal connections between the肛门疾病是指影响肛门的各种状况，可能会引起不适或疼痛。常见的肛门疾病包括痔疮、裂伤、瘘管、脓肿和失禁等。每种情况都有不同的症状，并需要特定的治疗方法。痔疮是肛门周围静脉曲张；裂伤则是肛管皮肤撕裂；瘘管是从直肠到肛周皮肤或其他器官异常通道形成。
注：最后部分翻译出现了偏离主题的情况，在提及“瘘管”之后没有继续准确描述其他病症如脓肿及失禁的相关信息。正确应为：

瘘管是由直肠通向肛周皮肤（有时与其他内脏）的一种不正常管道；而脓肿则是在组织中形成的充满脓液的囊袋通常由感染引发；失禁指的是无法控制气体或者粪便排出的问题。

以上是对各种常见肛门疾病的简要概述。如果您有具体问题，请咨询医疗专业人员以获得针对性建议与治疗方案。","Anal disorders refer to various conditions affecting the anus, which is the opening at the end of the digestive tract where bowel movements exit the body. Common types include:

1. **Hemorrhoids**: Swollen veins in or around the anus that can be painful, itchy, and may bleed during defecation.

2. **Fissures (anal fissure)**: Small tears or cuts in the lining of the anus often caused by hard stools passing through the narrow canal.

3. **Abscesses**: Collections of pus near the anus due to bacterial infection; these can cause significant pain and swelling.

4. **Fistulas**: Abnormal connections between two organs or tissues, such as from inside the rectum to outside the skin surrounding the anus, typically resulting after an abscess has drained.

5. **Prolapse**: Occurs when part of the internal hemorrhoid tissue protrudes out of the anus.

These conditions usually happen because of increased pressure within the blood vessels of the lower rectum and anus, often associated with chronic constipation, diarrhea, straining during bowel movements, prolonged sitting on the toilet, obesity, pregnancy, aging, and genetics. Proper hygiene and lifestyle modifications like dietary changes and exercise can help prevent some forms of anal disorders. If symptoms persist, consultation with a healthcare provider for appropriate diagnosis and treatment is recommended.","Anal disorders refer to various conditions affecting the anus that can cause discomfort or pain. Common types include hemorrhoids (swollen veins in the rectum or around the anus), fissures (small tears or cuts in the lining of the anus), fistulas (abnormal connections between organs or vessels), and abscesses (collections of pus). Causes vary but often involve increased pressure within the abdomen from constipation, diarrhea, pregnancy, obesity, prolonged sitting, straining during bowel movements, or aging which weakens tissues supporting these structures.",3.2683417936158885,1.4736163270208982,3.756678724915839,26.453694182318596,34.472157826039684,33.86341996262035,8.588957055214724,13.284132841328416,10.062893081761006,19.631901840490794,25.830258302583037,23.89937106918239,0.0,0.0,0.0,13.88888888888889,22.22222222222222,16.666666666666664,16.129032258064516,8.24742268041237,13.636363636363637,14.925373134328357,12.030075187969924,15.0,0.7460982799530029,0.8436666131019592,0.8615189790725708,0.9999998807907104,0.6989064812660217,0.8998306393623352,2,4,3
Qwen2.5-32B-Instruct (4bit),qwen25_32b_4bit.yaml,4bit,ambiguity,31,What is (are) Anaphylaxis ?,"when somebody suddenly has a really bad allergic thing, like throat geting tight, cant breath good, maybe rash n swelling all at once, what is that even called or is it just a severe reaction?","What is an allergic reaction characterized by sudden difficulty breathing, tightening throat, rash, and swelling called?","Anaphylaxis is a serious allergic reaction. It can begin very quickly, and symptoms may be life-threatening. The most common causes are reactions to foods (especially peanuts), medications, and stinging insects. Other causes include exercise and exposure to latex. Sometimes no cause can be found. It can affect many organs: - Skin - itching, hives, redness, swelling - Nose - sneezing, stuffy nose, runny nose - Mouth - itching, swelling of the lips or tongue - Throat - itching, tightness, trouble swallowing, swelling of the back of the throat - Chest - shortness of breath, coughing, wheezing, chest pain or tightness - Heart - weak pulse, passing out, shock - Gastrointestinal tract - vomiting, diarrhea, cramps - Nervous system - dizziness or fainting If someone is having a serious allergic reaction, call 9-1-1. If an auto-injector is available, give the person the injection right away. NIH: National Institute of Allergy and Infectious Diseases","Anaphylaxis is a severe, potentially life-threatening allergic reaction that can occur rapidly after exposure to an allergen such as certain foods, medications, or insect stings. It involves multiple body systems including skin, respiratory tract, gastrointestinal system, and cardiovascular system, leading to symptoms like hives, swelling, difficulty breathing, low blood pressure, and in extreme cases, loss of consciousness or death. Immediate treatment with epinephrine is critical for managing this condition.","This scenario describes anaphylaxis, which is a severe, potentially life-threatening allergic反应。它涉及多个身体系统，包括呼吸困难、喉咙紧闭、皮疹和肿胀等症状。立即寻求紧急医疗帮助至关重要。翻译回英文：

This scenario describes anaphylaxis, which is a severe, potentially life-threatening allergic reaction involving multiple body systems including difficulty breathing, tightening of the throat, rash, and swelling. Immediate emergency medical help is crucial.","An allergic reaction characterized by sudden difficulty breathing, tightening throat, rash, and swelling is called anaphylaxis.",1.6097231013676314,0.3945105892703539,0.0015312112046796,29.141891555653,20.291888506009,9.62618153441515,15.075376884422113,10.05586592178771,6.849315068493151,26.130653266331656,13.40782122905028,9.589041095890412,0.0,0.0,0.0,14.666666666666666,6.666666666666667,5.333333333333334,28.205128205128204,27.77777777777778,50.0,19.29824561403509,10.75268817204301,9.63855421686747,0.8614276051521301,0.7748782634735107,0.8503382205963135,0.9999998807907104,0.4931648671627044,0.5712432265281677,5,5,5
Qwen2.5-32B-Instruct (4bit),qwen25_32b_4bit.yaml,4bit,layperson,32,Do you have information about Anatomy,"do u got any info on how the body is put togther, like where all the inside parts are and what they kinda do maybe?",What are the main internal organs in the human body and what are their functions?,"Summary : Anatomy is the science that studies the structure of the body. On this page, you'll find links to descriptions and pictures of the human body's parts and organ systems from head to toe.","Anatomy is the branch of science concerned with the study of the structure of organisms, including humans. It focuses on how body parts are organized and relate to each other in terms of their physical structures such as bones (skeletal system), muscles (muscular system), organs (digestive, respiratory systems etc.), blood vessels (circulatory system) and nerves (nervous system). Human anatomy specifically deals with these components within human beings, detailing everything from microscopic cellular arrangements up through larger bodily systems and whole organ functions. Understanding anatomy is crucial for diagnosing diseases, planning surgical interventions, and comprehending physiological processes.","The human body consists of several systems that work together to maintain life:

1. **Skeletal System**: Provides structure, supports movement, protects organs, produces blood cells, and stores minerals.

2. **Muscular System**: Works with skeletal system for motion; includes three types - smooth (involuntary), cardiac (heart muscle), and skeletal muscles which attach to bones.

3. **Circulatory System**:
   - Heart pumps oxygenated blood through arteries and deoxygenated blood via veins.
   - Blood carries nutrients, hormones, waste products, and fights infections.

4. **Respiratory System**: Lungs exchange gases between air we breathe in and our bloodstream; trachea and bronchi conduct this air into lungs.

5. **Digestive System**: Mouth starts digestion by chewing food and mixing it with saliva enzymes. Esophagus moves swallowed food down towards stomach using peristalsis waves. Stomach mixes food further breaking it down chemically before passing partially digested material onto small intestine where most absorption occurs. Large Intestine absorbs water from remaining indigestible matter forming stool.

6. **Nervous System**: Brain processes information received from senses coordinating bodily functions including voluntary actions controlled by somatic nervous system as well as involuntary ones managed autonomic division regulating heart rate, breathing etc., spinal cord acts pathway connecting brain signals throughout entire organism.

7. **Endocrine System**: Glands secrete chemical messengers called hormones directly into bloodstream influencing growth","The main internal organs of the human body along with their primary functions include:

1. **Heart**: Pumps blood throughout the circulatory system to deliver oxygen and nutrients while removing carbon dioxide.

2. **Lungs**: Facilitate gas exchange by allowing oxygen from air into the bloodstream and expelling carbon dioxide out through exhalation.

3. **Liver**: Processes nutrients absorbed from food; detoxifies chemicals and metabolizes drugs; produces bile for digestion; stores glycogen which it converts back to glucose as needed.

4. **Kidneys**: Filter waste products from the blood, regulate electrolyte balance, control acid-base balance, produce urine, and help maintain fluid volume within the body.

5. **Pancreas**: Produces digestive enzymes that break down carbohydrates, proteins, and fats; secretes hormones like insulin and glucagon to manage blood sugar levels.

6. **Spleen**: Filters old red blood cells and recycles iron; plays an important role in immune function by producing white blood cells called lymphocytes.

7. **Stomach**: Breaks down food using acids and enzymes before passing partially digested material onto the small intestine.

8. **Small Intestine & Large Intestine (Colon)**: Small intestine absorbs most nutrients after they're broken down further by pancreatic juices and intestinal secretions. The large intestine reabsorbs water and forms solid feces ready for elimination via defecation.

9. **Bladder**: Stores urine until urination",2.724451743037513,0.2511944434735274,1.0093651618010366,32.176486477461694,17.676227365253578,18.91039399683676,17.6,5.0,6.008583690987124,25.6,10.0,8.583690987124463,0.0,0.0,0.0,46.15384615384615,30.76923076923077,15.384615384615383,15.384615384615383,3.3057851239669422,1.7391304347826086,23.07692307692308,5.970149253731343,3.125,0.8565239310264587,0.7964909076690674,0.7960922718048096,0.9999999403953552,0.5539615154266357,0.4503794908523559,4,4,2
Qwen2.5-32B-Instruct (4bit),qwen25_32b_4bit.yaml,4bit,incomplete,33,What is (are) Anemia ?,what does it mean when your blood is low or you dont have enough of it?,What does it mean to have low blood levels or insufficient blood volume?,"If you have anemia, your blood does not carry enough oxygen to the rest of your body. The most common cause of anemia is not having enough iron. Your body needs iron to make hemoglobin. Hemoglobin is an iron-rich protein that gives the red color to blood. It carries oxygen from the lungs to the rest of the body. Anemia has three main causes: blood loss, lack of red blood cell production, and high rates of red blood cell destruction. Conditions that may lead to anemia include - Heavy periods - Pregnancy - Ulcers - Colon polyps or colon cancer - Inherited disorders - A diet that does not have enough iron, folic acid or vitamin B12 - Blood disorders such as sickle cell anemia and thalassemia, or cancer - Aplastic anemia, a condition that can be inherited or acquired - G6PD deficiency, a metabolic disorder Anemia can make you feel tired, cold, dizzy, and irritable. You may be short of breath or have a headache. Your doctor will diagnose anemia with a physical exam and blood tests. Treatment depends on the kind of anemia you have. NIH: National Heart, Lung, and Blood Institute","Anemia is a condition characterized by a deficiency of red blood cells or hemoglobin in the blood, leading to impaired oxygen delivery to body tissues. It can result from various causes including iron deficiency, vitamin deficiencies (B12 or folate), chronic diseases, genetic disorders like sickle cell anemia, or bone marrow issues. Symptoms often include fatigue, weakness, pale skin, shortness of breath, dizziness, and cold hands and feet. Treatment depends on the underlying cause but may involve dietary changes, supplements, medications, or procedures such as transfusions.","When your blood volume is low or insufficient, it's referred to as hypovolemia. This condition can lead to decreased blood pressure and reduced oxygen delivery to tissues and organs. Common causes include dehydration, bleeding (internal or external), severe burns, and certain medications like diuretics. Symptoms may range from dizziness and fainting to more serious signs such as shock if not treated promptly. Treatment depends on severity but often involves fluid replacement therapy.","Having low blood levels or insufficient blood volume refers to a condition known as hypovolemia. This occurs when there is not enough fluid in the bloodstream, which can be due to dehydration, bleeding, or other causes of fluid loss from the body. Symptoms may include dizziness, fainting, rapid heartbeat, cold extremities, and decreased urination. It's important to address this condition promptly to prevent complications such as shock. Treatment often involves replacing lost fluids through oral hydration or intravenous therapy depending on severity.",3.2404913038909675,1.1510206394739582,1.1335708698688158,28.542994394159518,21.71509803276383,24.331660526883773,17.322834645669293,13.821138211382117,11.067193675889328,32.28346456692914,25.203252032520325,23.715415019762844,0.0,0.0,0.0,16.470588235294116,4.705882352941177,7.0588235294117645,31.11111111111111,11.11111111111111,16.216216216216218,21.53846153846154,6.6115702479338845,9.836065573770494,0.869142472743988,0.8390792608261108,0.8394111394882202,0.9999999403953552,0.4307384788990021,0.3756289482116699,4,2,1
Qwen2.5-32B-Instruct (4bit),qwen25_32b_4bit.yaml,4bit,overgeneralization,34,What is (are) Anesthesia ?,"what is that stuff doctors use to make you not feel anything or kinda go out durring medical things, like how does it even work and what is it exactly?","What are anesthesia medications, and how do they prevent patients from feeling pain during medical procedures?","If you are having surgery, your doctor will give you medicine called an anesthetic. Anesthetics reduce or prevent pain. There are three main types: - Local - numbs one small area of the body. You stay awake and alert. - Regional - blocks pain in an area of the body, such an arm or leg. A common type is epidural anesthesia, which is often used during childbirth. - General - makes you unconscious. You do not feel any pain, and you do not remember the procedure afterwards. You may also get a mild sedative to relax you. You stay awake but may not remember the procedure afterwards. Sedation can be used with or without anesthesia. The type of anesthesia or sedation you get depends on many factors. They include the procedure you are having and your current health.","Anesthesia refers to medications or techniques that cause a loss of sensation, typically used to prevent pain during surgery or other procedures. It can be general, causing unconsciousness; regional, numbing a part of the body like with spinal anesthesia; or local, affecting only a small area as in topical creams or injections.","The substance used by doctors to prevent feeling during medical procedures is called anesthetic. There are different types of anesthesia:

1. **Local Anesthesia**: Numbs only a specific part of your body (e.g., numbing gel for dental work).
2. **Regional Anesthesia**: Blocks pain in larger areas such as limbs or parts of the torso (like epidurals during childbirth).
3. **General Anesthesia**: Causes unconsciousness so you don't feel any sensations or pain throughout your entire body.

Anesthetics work primarily by blocking nerve signals from reaching the brain. They interfere with the transmission of these signals at various points along the nervous system pathway, effectively preventing the sensation of pain while under their influence. The exact mechanism can vary depending on whether it's local, regional, or general anesthesia but generally involves binding to receptors or ion channels within neurons to inhibit signal propagation. 

Always discuss specifics about which type will be used and its effects directly with your healthcare provider before undergoing any procedure requiring anesthesia.","Anesthesia medications are drugs used to induce temporary loss of sensation or consciousness in order to manage pain and ensure patient comfort during surgical or other invasive medical procedures. They work by affecting the nervous system's ability to transmit signals that interpret sensations as painful.

There are several types:
1. **General Anesthetics**: These cause unconsciousness so you feel nothing at all; examples include sevoflurane, desflurane, propofol, and thiopental sodium.
2. **Regional Anesthetics (Spinal/Epidual)**: Block large areas like an entire limb or part of your body such as epidural for labor pains; lidocaine is commonly used here.
3. **Local Anesthetics**: Affect only specific parts of the body where applied/injected, preventing any discomfort there without causing overall sleepiness; novocaine and xylocaine fall into this category.

These agents interfere with nerve signal transmission either through binding to receptors involved in transmitting these impulses or altering ion channels necessary for neuron firing thus blocking perception of pain while under their effect.",0.9984511261184128,2.391367705659792,2.289240721492588,23.501188474241623,43.09318195084848,37.404991834855714,10.650887573964498,20.071684587813618,14.388489208633096,28.402366863905325,36.55913978494623,28.05755395683453,0.0,0.0,0.0,22.448979591836736,36.734693877551024,24.489795918367346,42.30769230769231,25.352112676056336,18.461538461538463,29.33333333333333,30.0,21.05263157894737,0.8675750494003296,0.8715052604675293,0.8435542583465576,1.0,0.3666716814041137,0.6903961300849915,5,5,4
Qwen2.5-32B-Instruct (4bit),qwen25_32b_4bit.yaml,4bit,typos_grammar,35,What is (are) Aneurysms ?,"What are aneurisims exactly , and what does that even mean in the body ?",What is an aneurysm and how does it affect the body?,"An aneurysm is a bulge or ""ballooning"" in the wall of an artery. Arteries are blood vessels that carry oxygen-rich blood from the heart to other parts of the body. If an aneurysm grows large, it can burst and cause dangerous bleeding or even death. Most aneurysms occur in the aorta, the main artery that runs from the heart through the chest and abdomen. Aneurysms also can happen in arteries in the brain, heart and other parts of the body. If an aneurysm in the brain bursts, it causes a stroke. Aneurysms can develop and become large before causing any symptoms. Often doctors can stop aneurysms from bursting if they find and treat them early. They use imaging tests to find aneurysms. Often aneurysms are found by chance during tests done for other reasons. Medicines and surgery are the two main treatments for aneurysms. NIH: National Heart, Lung, and Blood Institute","Aneurysms are localized, balloon-like expansions or bulges that occur in blood vessels due to weakness in the vessel wall. They can develop anywhere but commonly affect arteries such as those found in the brain (cerebral aneurysm), abdomen (abdominal aortic aneurysm), chest (thoracic aortic aneurysm), and peripheral arteries. Rupture of an aneurysm can lead to severe internal bleeding which may be life-threatening.","An aneurysm is a localized dilation or ballooning of a blood vessel caused by a weakness in its wall. This can occur in any artery but commonly affects those in the brain (cerebral) and abdomen (aortic). The term ""aneurysm"" refers to this abnormal widening where the arterial walls bulge out under pressure from the flowing blood. If it ruptures, especially if located in critical areas like the brain or major arteries, it can lead to severe hemorrhage and be life-threatening. Management depends on factors including size, location, and risk of rupture.","An aneurysm is a bulge or weakening in the wall of an artery that can occur anywhere in the body but commonly affects arteries such as those near the heart (aortic), brain (cerebral), legs (peripheral) or intestines. It forms when blood pressure pushes against weakened walls causing them to balloon outwards. Aneurysms may not cause symptoms initially; however, if they grow large enough, they could press on nearby tissues leading to pain or other complications depending on their location.

The primary risk associated with an aneurysm is rupture which leads to severe internal bleeding—a life-threatening emergency requiring immediate surgical intervention. Symptoms vary by type and size but often include sudden intense localized pain for abdominal or thoracic types while cerebral ones might present neurological deficits like headaches, vision changes, seizures etc., before rupturing. Regular monitoring through imaging tests helps manage risks effectively alongside controlling contributing factors including hypertension, smoking cessation & avoiding heavy lifting/lifting strain activities recommended post-diagnosis until further advised medically.",1.3807789005263145,3.7730728430424776,8.07437198103076,26.09818836845619,28.75794613405841,39.41388507788097,15.384615384615383,19.26605504587156,17.182130584192436,29.743589743589745,33.02752293577982,28.1786941580756,0.0,0.0,0.0,21.428571428571427,14.285714285714285,21.428571428571427,50.0,24.390243902439025,17.24137931034483,30.0,18.01801801801802,19.10828025477707,0.8718463778495789,0.8708955645561218,0.8653554916381836,0.9999998211860656,0.7902332544326782,0.7920494675636292,4,4,4
Qwen2.5-32B-Instruct (4bit),qwen25_32b_4bit.yaml,4bit,ambiguity,36,What is (are) Angina ?,"what is that chest/heart thing people mean when they say angina, like is it just pain or some kind of attack or blood flow problem or what?",What is angina and how does it relate to chest pain and blood flow issues?,"Angina is chest pain or discomfort you feel when there is not enough blood flow to your heart muscle. Your heart muscle needs the oxygen that the blood carries. Angina may feel like pressure or a squeezing pain in your chest. It may feel like indigestion. You may also feel pain in your shoulders, arms, neck, jaw, or back. Angina is a symptom of coronary artery disease (CAD), the most common heart disease. CAD happens when a sticky substance called plaque builds up in the arteries that supply blood to the heart, reducing blood flow. There are three types of angina: - Stable angina is the most common type. It happens when the heart is working harder than usual. Stable angina has a regular pattern. Rest and medicines usually help. - Unstable angina is the most dangerous. It does not follow a pattern and can happen without physical exertion. It does not go away with rest or medicine. It is a sign that you could have a heart attack soon. - Variant angina is rare. It happens when you are resting. Medicines can help. Not all chest pain or discomfort is angina. If you have chest pain, you should see your health care provider. NIH: National Heart, Lung, and Blood Institute","Angina is chest pain or discomfort that occurs when the heart muscle does not receive enough oxygen-rich blood, often due to coronary artery disease. It's typically described as squeezing, pressure, tightness, or pain in the chest but can also affect other areas like the shoulders, arms, neck, jaw, or back. There are different types of angina including stable, unstable, variant (Prinzmetal’s), and microvascular. Treatment options vary depending on severity and underlying causes but may include medications, lifestyle changes, procedures such as angioplasty, or surgery.","Angina refers to chest pain or discomfort caused by reduced blood flow to your heart muscle. It's typically a symptom of coronary artery disease. The condition occurs when the heart muscles don't receive enough oxygen-rich blood, often due to narrowed arteries. Angina isn’t an ""attack"" but rather a warning sign indicating insufficient blood supply (ischemia) to the heart tissue. Symptoms can be managed with medication and lifestyle changes.","Angina is a type of chest pain or discomfort caused by reduced blood flow to the heart muscle. It occurs when the heart's demand for oxygen-rich blood exceeds the supply, often due to narrowing or blockage in the coronary arteries (atherosclerosis). This inadequate blood flow can lead to symptoms such as chest pressure, squeezing, fullness, or pain that may radiate to other areas like the shoulders, arms, neck, jaw, or back. Angina typically signals an underlying cardiovascular issue requiring medical attention.",6.115800545679443,2.691535784456658,4.981658791354643,29.151318039204867,24.96228136956559,28.089019269511237,23.10469314079422,19.305019305019304,19.33085501858736,33.93501805054152,25.482625482625483,31.226765799256505,0.0,0.0,0.0,19.318181818181817,14.772727272727272,18.181818181818183,47.22222222222222,38.23529411764706,45.71428571428572,27.41935483870968,21.311475409836067,26.01626016260163,0.8687896728515625,0.8715271353721619,0.8738651871681213,1.0,0.7251951098442078,0.7371631264686584,4,4,5
Qwen2.5-32B-Instruct (4bit),qwen25_32b_4bit.yaml,4bit,layperson,37,Do you have information about Angioplasty,"do u have any info on that thing where they go in n kinda open up a blocked blood vessel or heart tube thing, like how it works an if its a big deal?","What is the procedure called when doctors open up a blocked blood vessel near the heart, how does it work, and what is the complexity level of the surgery?","Summary : If you have coronary artery disease, the arteries in your heart are narrowed or blocked by a sticky material called plaque. Angioplasty is a procedure to restore blood flow through the artery. You have angioplasty in a hospital. The doctor threads a thin tube through a blood vessel in the arm or groin up to the involved site in the artery. The tube has a tiny balloon on the end. When the tube is in place, the doctor inflates the balloon to push the plaque outward against the wall of the artery. This widens the artery and restores blood flow. Doctors may use angioplasty to - Reduce chest pain caused by reduced blood flow to the heart - Minimize damage to heart muscle from a heart attack Many people go home the day after angioplasty, and are able to return to work within a week of coming home. NIH: National Heart, Lung, and Blood Institute","Angioplasty is a procedure used to open narrowed or blocked arteries, typically caused by atherosclerosis (plaque buildup). It involves inserting a catheter with an inflatable balloon at its tip into the affected artery, usually accessed through the groin or arm. The balloon is inflated at the site of blockage to compress plaque against the arterial wall, thereby widening the blood vessel and improving blood flow. Often, a stent—a small mesh tube—is placed in the artery during angioplasty to keep it propped open long-term. This minimally invasive surgery can help alleviate symptoms such as chest pain (angina) and reduce risk factors associated with heart attacks and strokes. Recovery time varies but patients often stay overnight for monitoring post-procedure. Risks include bleeding, infection, allergic reactions to contrast dye, re-blockage over time, and rarely more serious complications like stroke or heart attack.","The procedure you're referring to is likely angioplasty, sometimes also known as percutaneous coronary intervention (PCI). It's used to treat narrowed or blocked arteries in the heart caused by plaque buildup.

Here’s how it generally works:
1. A thin catheter with a deflated balloon at its tip is inserted into one of your major arteries, usually through the groin but occasionally via other sites such as the wrist.
2. The catheter is guided using X-ray imaging until it reaches the blockage site within the artery supplying the heart muscle.
3. Once positioned correctly over the blockage, the doctor inflates the balloon which pushes against the inside wall of the artery, compressing the fatty deposits (plaque) and widening the lumen for improved blood flow.
4. Often, after opening the artery, doctors will place a stent - a small mesh-like device designed to keep the artery propped open long-term.

Angioplasty can be considered significant because while it isn't surgery in the traditional sense requiring large incisions, it does involve entering the body and manipulating internal structures under controlled conditions. Risks include bleeding from insertion points, infection, allergic reactions to contrast dye used during imaging, re-blockages, etc., though serious complications are relatively rare.

It's always important to discuss specific risks and benefits directly with healthcare providers who know individual health histories best before deciding upon treatment options.","The procedure to open up a blocked blood vessel near the heart is commonly known as an angioplasty, often performed in conjunction with stent placement.

How It Works:
1. A thin tube (catheter) with a balloon at its tip is inserted into a blood vessel, usually through the groin or arm.
2. The catheter is guided to the narrowed artery using X-ray imaging.
3. Once positioned correctly over the blockage, the doctor inflates the balloon to compress the plaque against the arterial wall, widening the passage for blood flow.
4. Often, after dilating the artery, a small mesh tube (stent) may be placed inside the artery to keep it propped open permanently.

Complexity Level:
Angioplasty is considered a minimally invasive surgical procedure compared to traditional open-heart surgeries like bypass grafting. However, while not complex from a recovery standpoint—it typically requires only overnight hospital stay—the technical execution demands skill due to precise navigation within arteries. Risk factors can vary depending on patient-specific conditions such as overall health status and severity/location of coronary disease.",5.217024679980501,6.451812010103946,7.698938472305643,43.18775046101773,43.206898467750335,44.63024392778295,19.15708812260537,17.15976331360947,20.35087719298246,34.48275862068966,31.360946745562128,35.08771929824562,0.0,0.0,0.0,31.818181818181817,37.87878787878788,36.36363636363637,35.59322033898305,25.51020408163265,37.5,33.6,30.48780487804878,36.92307692307692,0.8781047463417053,0.8614068627357483,0.8700355291366577,1.0,0.4293389916419983,0.4209170341491699,4,4,4
Qwen2.5-32B-Instruct (4bit),qwen25_32b_4bit.yaml,4bit,incomplete,38,What is (are) Animal Bites ?,"what does it mean if some thing bit you, like from an animal or whatever, is that a big deal or just a normal skin thing?","What does it mean if something bites you, and is it a serious issue or just a minor skin concern?","Wild animals usually avoid people. They might attack, however, if they feel threatened, are sick, or are protecting their young or territory. Attacks by pets are more common. Animal bites rarely are life-threatening, but if they become infected, you can develop serious medical problems. To prevent animal bites and complications from bites - Never pet, handle, or feed unknown animals - Leave snakes alone - Watch your children closely around animals - Vaccinate your cats, ferrets, and dogs against rabies - Spay or neuter your dog to make it less aggressive - Get a tetanus booster if you have not had one recently - Wear boots and long pants when you are in areas with venomous snakes If an animal bites you, clean the wound with soap and water as soon as possible. Get medical attention if necessary. Centers for Disease Control and Prevention","Animal bites occur when an animal's teeth break or puncture human skin, potentially causing injury and introducing bacteria into the wound which can lead to infection. Common sources include dogs, cats, and rodents; treatment depends on severity and risk of infections like rabies or tetanus. Immediate cleaning and professional evaluation may be necessary depending on bite characteristics and circumstances.","A bite from an animal can range from minor to serious depending on several factors including the type of animal, depth and location of the wound, and whether infection occurs. Minor bites may only require cleaning with soap and water followed by applying antibiotic ointment and covering with a bandage. However, deeper wounds could lead to infections requiring antibiotics; there's also risk for diseases such as rabies in certain cases (e.g., wild animals). Always monitor any bite for signs of infection—such as increased redness, swelling, pain, warmth—and seek medical advice promptly especially if symptoms worsen or if bitten by unknown/unvaccinated animals.","If something bites you, the severity can range from mild to severe depending on what bit you and your individual reaction. Minor bites may cause localized redness, swelling, pain, or itching but resolve quickly with basic first aid like cleaning the area and applying ice.

More serious issues arise when:
- The bite introduces venom (e.g., snake, scorpion).
- There's risk of infection due to bacteria in the mouth of the biting organism.
- You have an allergic reaction that could be life-threatening (anaphylaxis).

Seek immediate medical attention for signs of systemic reactions such as difficulty breathing, rapid heartbeat, dizziness, hives beyond the bitten site, or if unsure about the type of animal/insect responsible for the bite. Proper assessment by healthcare providers ensures appropriate treatment and management.",0.6980242955419889,2.890782872046481,2.0846598024864145,22.825434444925467,32.06042248216461,34.050425541071654,12.43523316062176,12.71186440677966,13.38582677165354,20.725388601036272,27.966101694915256,25.196850393700785,0.0,0.0,0.0,12.5,16.666666666666664,6.944444444444445,28.125,21.428571428571427,9.25925925925926,17.307692307692307,18.75,7.936507936507938,0.8461143374443054,0.8438312411308289,0.8375527858734131,0.9999999403953552,0.4406617879867553,0.6041799187660217,4,4,4
Qwen2.5-32B-Instruct (4bit),qwen25_32b_4bit.yaml,4bit,overgeneralization,39,What is (are) Animal Diseases and Your Health ?,"how do health problms from animals or pets even work, like can being around them make pepole sick in genral and affect your health n stuff?",Can exposure to animals or pets lead to health problems or illnesses in people?,"Animal diseases that people can catch are called zoonoses. Many diseases affecting humans can be traced to animals or animal products. You can get a disease directly from an animal, or indirectly, through the environment. Farm animals can carry diseases. If you touch them or things they have touched, like fencing or buckets, wash your hands thoroughly. Adults should make sure children who visit farms or petting zoos wash up as well. Though they may be cute and cuddly, wild animals may carry germs, viruses, and parasites. Deer and deer mice carry ticks that cause Lyme disease. Some wild animals may carry rabies. Enjoy wildlife from a distance. Pets can also make you sick. Reptiles pose a particular risk. Turtles, snakes and iguanas can transmit Salmonella bacteria to their owners. You can get rabies from an infected dog or toxoplasmosis from handling kitty litter of an infected cat. The chance that your dog or cat will make you sick is small. You can reduce the risk by practicing good hygiene, keeping pet areas clean and keeping your pets' shots up-to-date.","Animal diseases that can be transmitted to humans are known as zoonotic diseases or zoonoses. Examples include rabies from infected animals' bites, Lyme disease through tick bites, and salmonellosis via contaminated food or contact with infected reptiles or birds. These diseases pose risks to human health depending on exposure and preventive measures taken. Proper hygiene practices, vaccinations when available, and avoiding high-risk behaviors like handling wild animals help reduce infection risk.","Yes, exposure to animals or pets can potentially lead to various health problems through different mechanisms:

1. **Zoonotic Diseases**: These are diseases that can be transmitted between species (from animal to human). Examples include:
   - Rabies (through bites)
   - Toxoplasmosis (contact with cat feces)
   - Salmonella infection (handling reptiles)

2. **Allergies**: Many people have allergies triggered by pet dander, fur, saliva, or urine which can cause symptoms ranging from mild sneezing to severe asthma attacks.

3. **Infections**: Bites and scratches from pets can introduce bacteria into wounds leading to infections such as those caused by *Capnocytophaga* spp., found commonly in dogs' mouths.

4. **Parasitic Infections**: Pets may carry parasites like fleas, ticks, mites, and worms, some of which can infect humans causing conditions like scabies or Lyme disease.

5. **Mental Health Impact**: While generally positive for mental well-being, interactions with pets might also trigger stress reactions in individuals who fear certain types of animals or experience phobias.

Preventive measures including regular veterinary care, vaccinations, hygiene practices when handling pets, and avoiding contact if you're immunocompromised help mitigate these risks significantly.","Yes, exposure to animals or pets can potentially lead to various health issues including allergies, infections (such as zoonotic diseases),寄生虫感染，以及由宠物咬伤或抓伤引起的伤害。例如，猫 scratch 可能会导致猫抓病（巴通体感染），而狗 bite 则可能引起细菌如 Capnocytophaga 的感染。此外，接触动物皮屑、尿液和唾液也可能引发过敏反应。为了减少这些风险，保持良好的卫生习惯并定期为宠物进行兽医检查是很重要的。",0.970927353720075,2.0831701772725983,0.0261871192575466,27.56644123729563,39.60636324800318,8.011302753678171,13.877551020408164,13.068181818181818,5.714285714285714,30.20408163265306,33.522727272727266,7.619047619047619,0.0,0.0,0.0,20.48192771084337,24.09638554216868,3.614457831325301,43.58974358974359,25.0,27.27272727272727,27.86885245901639,24.539877300613497,6.382978723404255,0.8656110167503357,0.8362107872962952,0.746728777885437,1.0,0.6223942637443542,0.6862931251525879,4,4,4
Qwen2.5-32B-Instruct (4bit),qwen25_32b_4bit.yaml,4bit,typos_grammar,40,What is (are) Ankle Injuries and Disorders ?,"What is/are ankle injurys and disorder's, like what do that even mean for the ankle ?",What are common injuries and disorders affecting the ankle?,"Your ankle bone and the ends of your two lower leg bones make up the ankle joint. Your ligaments, which connect bones to one another, stabilize and support it. Your muscles and tendons move it. The most common ankle problems are sprains and fractures. A sprain is an injury to the ligaments. It may take a few weeks to many months to heal completely. A fracture is a break in a bone. You can also injure other parts of the ankle such as tendons, which join muscles to bone, and cartilage, which cushions your joints. Ankle sprains and fractures are common sports injuries.","Ankle injuries and disorders refer to conditions affecting the ankle joint or its surrounding structures such as ligaments, tendons, bones, and muscles. Common types include sprains (ligament damage), strains (muscle or tendon injury), fractures, arthritis, and chronic conditions like Achilles tendonitis. Symptoms often involve pain, swelling, bruising, stiffness, and difficulty in moving the affected foot. Treatment varies depending on severity but may include rest, ice, compression, elevation, physical therapy, medication for inflammation and pain, immobilization with braces or casts, and sometimes surgery.","Ankle injuries and disorders refer to conditions affecting the structure or function of the ankle joint. Common types include:

1. **Sprains**: Overstretching or tearing ligaments around the ankle due to sudden twisting motions.

2. **Strains**: Injuries involving over-stretching or tearing muscles/tendons in the area.

3. **Fractures**: Breaks in one or more bones forming the ankle (tibia, fibula).

4. **Tendonitis**: Inflammation of tendons often caused by repetitive stress.

5. **Arthritis**: Degeneration of cartilage leading to pain and stiffness; common forms being osteoarthritis and rheumatoid arthritis.

6. **Bursitis**: Swelling/inflammation of bursae (small fluid-filled sacs) reducing friction between moving parts.

Each condition can cause varying degrees of discomfort, swelling, instability, and difficulty walking depending on severity and treatment approach.","Common injuries and disorders affecting the ankle include:

1. **Ankle Sprain**: A tear or stretch of ligaments around the ankle joint due to sudden twisting or rolling movements.

2. **Achilles Tendonitis/Tendinopathy**: Inflammation or degeneration of the Achilles tendon that connects calf muscles to the heel bone.

3. **Fractures**: Breaks in any of the bones forming the ankle (tibia, fibula, talus).

4. **Arthritis**:
   - Osteoarthritis: Wear-and-tear damage to cartilage causing pain and stiffness.
   - Rheumatoid Arthritis: An autoimmune condition leading to inflammation and deformity.

5. **Tarsal Tunnel Syndrome**: Compression of the posterior tibial nerve resulting in tingling, numbness, and sometimes weakness in the foot.

6. **Stress Fracture**: Small cracks in the bones often caused by repetitive stress from activities like running.

7. **Peroneal Tendon Injury**: Damage to tendons along the outer side of the ankle which can lead to instability and chronic discomfort if not treated properly. 

Each requires specific treatment approaches depending upon severity and underlying cause.",2.7251594460748563,3.0753979335937256,2.0353039841052234,35.45962259615752,35.40353152342703,36.0579625305273,16.279069767441857,15.458937198067634,15.18987341772152,26.744186046511626,28.98550724637681,29.535864978902957,0.0,0.0,0.0,24.0,30.0,38.0,25.0,25.0,24.050632911392405,24.489795918367346,27.27272727272727,29.457364341085267,0.8566287159919739,0.8415047526359558,0.8379011750221252,1.0,0.9147992730140686,0.8696292638778687,4,4,3
Qwen2.5-32B-Instruct (4bit),qwen25_32b_4bit.yaml,4bit,ambiguity,41,What is (are) Ankylosing Spondylitis ?,"What is that long-term thing where your lower back/spine gets really stiff and inflamed over time, maybe even starts sort of fusing together or","What is the condition where the lower back becomes increasingly stiff and inflamed over time, possibly leading to spinal fusion?","Ankylosing spondylitis is a type of arthritis of the spine. It causes inflammation between your vertebrae, which are the bones that make up your spine, and in the joints between your spine and pelvis. In some people, it can affect other joints. AS is more common and more severe in men. It often runs in families. The cause is unknown, but it is likely that both genes and factors in the environment play a role. Early symptoms of AS include back pain and stiffness. These problems often start in late adolescence or early adulthood. Over time, AS can fuse your vertebrae together, limiting movement. Some people have symptoms that come and go. Others have severe, ongoing pain. A diagnosis of AS is based on your medical history and a physical examination. You may also have imaging or blood tests. AS has no cure, but medicines can relieve symptoms and may keep the disease from getting worse. Eating a healthy diet, not smoking, and exercising can also help. In rare cases, you may need surgery to straighten the spine. NIH: National Institute of Arthritis and Musculoskeletal and Skin Disease","Ankylosing Spondylitis (AS) is a type of arthritis that primarily affects the spine, causing inflammation of the spinal joints which can lead to severe pain and stiffness in the back, neck, and sometimes other joint areas. Over time, this chronic condition may cause new bone formation leading to some sections of the spine fusing together, resulting in reduced flexibility and potential deformity. AS typically starts during late adolescence or early adulthood. It's more common in men than women. Treatment often includes medication, exercise, physical therapy, and in some cases surgery for managing symptoms and preventing complications.","The condition you're describing sounds like ankylosing spondylitis (AS). It's a type of arthritis characterized by chronic inflammation primarily in the spine, leading to stiffness and pain. Over time, it can cause some vertebrae to fuse, making the spine less flexible. AS typically develops gradually and worsens with age but varies from person to person. Early diagnosis and treatment can help manage symptoms and prevent severe complications.","The condition you're referring to is Ankylosing Spondylitis (AS). It's a type of arthritis that primarily affects the spine, causing inflammation of the vertebrae which can lead to chronic pain and stiffness. In severe cases, new bone formations can bridge between vertebrae, effectively fusing them together.",6.762242010840509,2.006539235683982,0.7169573222295603,35.878368300087146,25.073690895120947,19.1869912555431,20.149253731343286,18.25726141078838,15.454545454545451,39.55223880597016,29.87551867219917,24.545454545454547,0.0,0.0,0.0,23.28767123287671,13.6986301369863,9.58904109589041,36.17021276595745,31.25,36.84210526315789,28.33333333333333,19.047619047619047,15.217391304347828,0.8867770433425903,0.8771522045135498,0.8728094696998596,1.0,0.48198401927948,0.4896235167980194,4,5,5
Qwen2.5-32B-Instruct (4bit),qwen25_32b_4bit.yaml,4bit,layperson,42,What is (are) Anthrax ?,"what is that bad infection thing people can get from animals or weird powder in the mail,, like what even is it and how does a person catch it?",What is anthrax and how do humans contract it?,"Anthrax is a disease caused by Bacillus anthracis, a germ that lives in soil. Many people know about it from the 2001 bioterror attacks. In the attacks, someone purposely spread anthrax through the U.S. mail. This killed five people and made 22 sick. Anthrax is rare. It affects animals such as cattle, sheep, and goats more often than people. People can get anthrax from contact with infected animals, wool, meat, or hides. It can cause three forms of disease in people. They are - Cutaneous, which affects the skin. People with cuts or open sores can get it if they touch the bacteria. - Inhalation, which affects the lungs. You can get this if you breathe in spores of the bacteria. - Gastrointestinal, which affects the digestive system. You can get it by eating infected meat. Antibiotics often cure anthrax if it is diagnosed early. But many people don't know they have anthrax until it is too late to treat. A vaccine to prevent anthrax is available for people in the military and others at high risk. NIH: National Institute of Allergy and Infectious Diseases","Anthrax is an infectious disease caused by the bacterium Bacillus anthracis. It can affect both humans and animals and typically enters the body through cuts in the skin, inhalation, or ingestion. Symptoms vary depending on the route of infection but may include skin ulcers, fever, shortness of breath, nausea, and diarrhea. Treatment usually involves antibiotics and sometimes antitoxin therapy. Prevention includes vaccination for high-risk groups and proper handling of infected animal products.","The condition you're referring to might be anthrax. Anthrax is an infectious disease caused by the bacterium Bacillus anthracis. It can affect both humans and animals.

People typically contract anthrax through contact with infected animal products (like hides or wool), eating undercooked meat from diseased livestock, breathing in spores, or via skin contact with contaminated materials. The ""weird powder"" reference likely alludes to cases where B. anthracis has been used as a bioterrorism agent sent through postal systems, leading to inhalation exposure when recipients open contaminated letters or packages. 

Anthrax symptoms depend on route of entry but may include fever, shortness of breath, nausea, vomiting, severe diarrhea, and ulcers at sites of contamination. Prompt antibiotic treatment is crucial for recovery.","Anthrax is an infectious disease caused by the bacterium Bacillus anthracis. Humans can contract anthrax through contact with infected animals or contaminated animal products in three main ways:
1. Cutaneous (skin) exposure - Through cuts or abrasions when handling contaminated meat, hides, wool, etc.
2. Inhalation - By breathing in spores from contaminated materials like powdered forms of B. anthracis used as biological weapons.
3. Gastrointestinal tract - From eating undercooked meat from diseased livestock.

Prompt treatment is crucial for preventing severe illness or death once symptoms appear.",1.0983272286232293,2.6962450360204584,2.439196338506086,26.247751156086117,37.46236670769984,32.45941352257176,16.666666666666664,18.055555555555557,21.96078431372549,25.0,31.25,30.588235294117645,0.0,0.0,0.0,8.571428571428571,14.285714285714285,18.571428571428573,17.647058823529413,20.833333333333336,31.70731707317073,11.538461538461538,16.94915254237288,23.423423423423426,0.8549894690513611,0.8562622666358948,0.8668375015258789,1.0,0.3414725661277771,0.8464722037315369,4,5,5
Qwen2.5-32B-Instruct (4bit),qwen25_32b_4bit.yaml,4bit,incomplete,43,Do you have information about Antibiotic Resistance,Do you have any info on when germs kinda stop responding to medicine and what that means?,What does it mean when germs become resistant to antibiotics?,"Summary : Antibiotics are medicines that fight bacterial infections. Used properly, they can save lives. But there is a growing problem of antibiotic resistance. It happens when bacteria change and become able to resist the effects of an antibiotic. Using antibiotics can lead to resistance. Each time you take antibiotics, sensitive bacteria are killed. But resistant germs may be left to grow and multiply. They can spread to other people. They can also cause infections that certain antibiotics cannot cure. Methicillin-resistant Staphylococcus aureus (MRSA) is one example. It causes infections that are resistant to several common antibiotics. To help prevent antibiotic resistance - Don't use antibiotics for viruses like colds or flu. Antibiotics don't work on viruses. - Don't pressure your doctor to give you an antibiotic. - When you take antibiotics, follow the directions carefully. Finish your medicine even if you feel better. If you stop treatment too soon, some bacteria may survive and re-infect you. - Don't save antibiotics for later or use someone else's prescription. Centers for Disease Control and Prevention","Antibiotic resistance occurs when bacteria evolve mechanisms to survive antibiotics designed to kill them or inhibit their growth. This happens due to overuse and misuse of antibiotics in humans and animals, leading to resistant strains that can spread through communities. Resistant infections require more complex treatments, longer hospital stays, and higher healthcare costs. Prevention involves using antibiotics appropriately, practicing good hygiene, and developing new drugs and diagnostic tools.","When germs (microorganisms such as bacteria) become resistant to medicines like antibiotics, it's known as antibiotic resistance. This occurs over time due to improper use of antibiotics or frequent exposure which allows microorganisms to adapt and survive despite treatment. Antibiotic-resistant infections can be harder to treat, requiring alternative medications or higher doses, potentially leading to more severe illnesses, longer hospital stays, and increased mortality rates. Prevention involves using antibiotics correctly and only when necessary under healthcare provider guidance.","When germs become resistant to antibiotics, it means that these microorganisms have developed mechanisms to survive or grow in the presence of antibiotic drugs designed to kill them or inhibit their growth. This resistance can occur naturally over time through genetic mutations or by acquiring resistance genes from other bacteria. As a result, standard treatments may no longer be effective against infections caused by these resilient pathogens, leading to prolonged illness, increased healthcare costs, and higher mortality rates.",0.4628181844273316,1.0167366491337644,0.6125102003104945,25.833222085632254,28.99108345723349,24.304666257175032,13.389121338912132,14.342629482071716,11.336032388663966,22.594142259414223,29.482071713147405,21.86234817813765,0.0,0.0,0.0,15.053763440860216,19.35483870967742,12.903225806451612,35.0,45.0,32.432432432432435,21.05263157894737,27.06766917293233,18.461538461538463,0.8564873933792114,0.8617857694625854,0.8529036045074463,1.0,0.3930296003818512,0.6234584450721741,4,4,4
Qwen2.5-32B-Instruct (4bit),qwen25_32b_4bit.yaml,4bit,overgeneralization,44,Do you have information about Antibiotics,"do you have any info on meds people take when theyre sick, like the stuff for infections and other health problems in general?",What medications are commonly taken for treating infections and other general health issues?,"Summary : Antibiotics are powerful medicines that fight bacterial infections. Used properly, antibiotics can save lives. They either kill bacteria or keep them from reproducing. Your body's natural defenses can usually take it from there. Antibiotics do not fight infections caused by viruses, such as - Colds - Flu - Most coughs and bronchitis - Sore throats, unless caused by strep If a virus is making you sick, taking antibiotics may do more harm than good. Using antibiotics when you don't need them, or not using them properly, can add to antibiotic resistance. This happens when bacteria change and become able to resist the effects of an antibiotic. When you take antibiotics, follow the directions carefully. It is important to finish your medicine even if you feel better. If you stop treatment too soon, some bacteria may survive and re-infect you. Do not save antibiotics for later or use someone else's prescription. Centers for Disease Control and Prevention","Antibiotics are medications used to treat bacterial infections by killing or inhibiting the growth of bacteria. They do not work against viral infections such as colds or flu. Common types include penicillins (like amoxicillin), cephalosporins, macrolides (such as azithromycin), quinolones (e.g., ciprofloxacin), and tetracyclines. Proper use is crucial to prevent antibiotic resistance. Always follow healthcare provider instructions regarding dosage and duration when prescribed antibiotics.","When treating illnesses, medications can vary widely depending on the specific condition. Here's an overview of common types:

1. **Antibiotics**: Used to treat bacterial infections (e.g., amoxicillin, ciprofloxacin). They don't work against viral infections.

2. **Antivirals**: Treat viruses such as influenza or herpes (examples include oseltamivir and acyclovir).

3. **Anti-inflammatory drugs**: Reduce inflammation and pain; nonsteroidal anti-inflammatories (NSAIDs) like ibuprofen and naproxen fall into this category.

4. **Analgesics/Pain Relievers**: For managing various levels of pain, including acetaminophen which is also used to reduce fever.

5. **Decongestants/Antihistamines**: Commonly prescribed for colds and allergies to relieve symptoms like congestion and runny nose (pseudoephedrine, loratadine).

6. **Bronchodilators/Cough Suppressants**: Help with respiratory issues by relaxing airway muscles or suppressing cough reflexes (albuterol, dextromethorphan).

Always consult healthcare providers before starting new medication regimens due to potential side effects and interactions.","Medications commonly used to treat infections include:

1. **Antibiotics** - For bacterial infections (e.g., penicillin, amoxicillin).
2. **Antivirals** - To combat viral infections (e.g., acyclovir for herpes viruses).
3. **Antifungals** - Used against fungal infections (e.g., fluconazole).

For managing other general health issues, common medication categories may include:
- **Analgesics/Pain Relievers**: Acetaminophen or NSAIDs like ibuprofen.
- **Anti-inflammatory Drugs**: Corticosteroids or nonsteroidal anti-inflammatories such as naproxen.
- **Hypertension Medication**: ACE inhibitors, beta-blockers, diuretics.
- **Diabetes Management**: Insulin, metformin.

Always consult healthcare providers before starting any new treatment regimen.",1.3514962446276573,1.0656793746057849,0.9947234505979996,26.714662183026185,33.305692671758635,27.260683528057,18.433179723502302,10.884353741496598,6.639004149377594,26.72811059907834,21.08843537414966,13.278008298755188,0.0,0.0,0.0,11.842105263157894,5.263157894736842,6.578947368421052,36.0,6.557377049180328,13.157894736842104,17.82178217821782,5.8394160583941614,8.771929824561402,0.8334454298019409,0.8054402470588684,0.8078269958496094,1.0,0.5710306763648987,0.5390965938568115,4,3,2
Qwen2.5-32B-Instruct (4bit),qwen25_32b_4bit.yaml,4bit,typos_grammar,45,Do you have information about Antidepressants,do u have any infoormation abot anti depressnts and how they work maybe?,What information is available about antidepressants and how they function?,"Summary : Antidepressants are medicines that treat depression. Your doctor can prescribe them for you. They work to balance some of the natural chemicals in our brains. It may take several weeks for them to help. There are several types of antidepressants. You and your doctor may have to try a few before finding what works best for you. Antidepressants may cause mild side effects that usually do not last long. These may include headache, nausea, sleep problems, restlessness, and sexual problems. Tell your doctor if you have any side effects. You should also let your doctor know if you take any other medicines, vitamins, or herbal supplements. It is important to keep taking your medicines, even if you feel better. Do not stop taking your medicines without talking to your doctor. You often need to stop antidepressants gradually. NIH: National Institute of Mental Health","Antidepressants are medications used to treat depression and other conditions such as anxiety disorders, obsessive-compulsive disorder (OCD), post-traumatic stress disorder (PTSD), eating disorders, and chronic pain or fatigue. Common types include:

1. Selective Serotonin Reuptake Inhibitors (SSRIs): Increase levels of serotonin in the brain by blocking its reabsorption into neurons. Examples include fluoxetine (Prozac) and sertraline (Zoloft).

2. Serotonin-Norepinephrine Reuptake Inhibitors (SNRIs): Block the absorption of both serotonin and norepinephrine. Venlafaxine (Effexor) is an example.

3. Tricyclic antidepressants (TCAs): Older class that affects multiple neurotransmitters but often has more side effects than newer options like SSRIs. Imipramine (Tofranil) belongs to this category.

4. Atypical antidepressants: Include bupropion (Wellbutrin). They work differently from others and can be effective for some people who do not respond well to traditional treatments.

Side effects vary depending on type but may include nausea, weight gain/loss, sexual dysfunction, insomnia/sleepiness, dry mouth, constipation/diarrhea, increased heart rate, among others. Always consult with healthcare provider before starting any medication regimen.","Antidepressants are medications used to treat depression by helping to correct chemical imbalances of certain neurotransmitters in the brain, such as serotonin, norepinephrine, and dopamine. They can improve mood, sleep, appetite, and energy level.

There are several types:

1. **Selective Serotonin Reuptake Inhibitors (SSRIs)** - Increase levels of serotonin available for use between nerve cells in the brain. Examples include fluoxetine (Prozac), sertraline (Zoloft).

2. **Serotonin-Norepinephrine Reuptake Inhibitors (SNRIs)** - Affect both serotonin and norepinephrine. Common examples are venlafaxine (Effexor) and duloxetine (Cymbalta).

3. **Tricyclic Antidepressants** - Older class that affects multiple chemicals including serotonin and norepinephrine but with more side effects compared to SSRIs or SNRIs. Example is amitriptyline.

4. **Monoamine Oxidase Inhibitors (MAOIs)** - Also older antidepressant type which works differently from others; requires dietary restrictions due to potential interactions. Phenelzine (Nardil) is an example.

Each medication has its own set of possible benefits and risks so it's important to discuss these thoroughly with your healthcare provider before starting treatment. Response time varies among individuals, often taking weeks to see full effect. Regular follow-ups help","Antidepressants work by affecting neurotransmitters in the brain—chemicals that carry signals between nerve cells (neurons). The most commonly targeted neurotransmitters include serotonin, norepinephrine, and dopamine.

Selective Serotonin Reuptake Inhibitors (SSRIs) increase levels of serotonin by blocking its reabsorption into transmitting neurons. Common SSRIs include fluoxetine (Prozac), sertraline (Zoloft), and paroxetine (Paxil).

Serotonin-Norepinephrine Reuptake Inhibitors (SNRIs) like venlafaxine (Effexor) and duloxetine (Cymbalta) block the reuptake of both serotonin and norepinephrine, increasing their availability to receptors in the brain.

Tricyclic Antidepressants (TCAs) such as amitriptyline also affect these neurotransmitter systems but have more side effects compared to newer medications due to broader receptor interactions.

Monoamine Oxidase Inhibitors (MAOIs) prevent the breakdown of monoamines including serotonin, norepinephrine, and dopamine; examples include phenelzine (Nardil) and tranylcypromine sulfate (Parnate). They require dietary restrictions because certain foods can cause dangerous reactions when taken with MAOIs.

Each class has different mechanisms for enhancing mood regulation through various pathways within the central nervous system. Treatment choice depends upon patient-specific factors including symptoms profile, potential",1.86450701516929,3.4253267001576946,0.9470224582197388,37.127128990356624,38.06737266797941,31.95447069906382,11.76470588235294,15.873015873015875,9.18032786885246,24.18300653594771,27.3015873015873,15.737704918032785,0.0,0.0,0.0,18.33333333333333,18.33333333333333,8.333333333333332,19.29824561403509,16.923076923076923,10.0,18.803418803418804,17.6,9.09090909090909,0.8221680521965027,0.823982834815979,0.8015044927597046,1.0,0.7713297009468079,0.8653717637062073,3,4,3
Qwen2.5-32B-Instruct (4bit),qwen25_32b_4bit.yaml,4bit,ambiguity,46,Do you have information about Antioxidants,Do you know much about those things people take or eat that are supposed to help with damage or aging or like cell stuff?,What supplements or substances can help with cellular damage and aging?,"Summary : Antioxidants are man-made or natural substances that may prevent or delay some types of cell damage. Antioxidants are found in many foods, including fruits and vegetables. They are also available as dietary supplements. Examples of antioxidants include - Beta-carotene - Lutein - Lycopene - Selenium - Vitamin A - Vitamin C - Vitamin E Vegetables and fruits are rich sources of antioxidants. There is good evidence that eating a diet with lots of vegetables and fruits is healthy and lowers risks of certain diseases. But it isn't clear whether this is because of the antioxidants, something else in the foods, or other factors. High-dose supplements of antioxidants may be linked to health risks in some cases. For example, high doses of beta-carotene may increase the risk of lung cancer in smokers. High doses of vitamin E may increase risks of prostate cancer and one type of stroke. Antioxidant supplements may also interact with some medicines. To minimize risk, tell you of your health care providers about any antioxidants you use. NIH: National Center for Complementary and Integrative Health","Antioxidants are molecules that help prevent or slow damage to cells caused by free radicals—unstable atoms that can start harmful chain reactions. Free radical formation is linked with aging and diseases such as cancer, heart disease, diabetes, Alzheimer's, Parkinson’s, and others.

Common antioxidants include vitamins C and E, beta-carotene (a form of vitamin A), selenium, lycopene, flavonoids, polyphenols, and more. These substances can be found in various foods like fruits, vegetables, nuts, grains, some meats, poultry, and fish.

Consuming antioxidant-rich foods may support overall health but should not replace prescribed medications for treating specific conditions without consulting healthcare providers. Excessive intake through supplements might cause adverse effects; thus, dietary sources are generally recommended over supplementation unless advised otherwise medically.","Yes, substances aimed at helping with cellular damage, aging, or overall health often fall into categories such as antioxidants, anti-inflammatory agents, and supplements believed to support cellular function.

1. **Antioxidants**: These include vitamins C and E, beta-carotene (a form of vitamin A), selenium, and compounds found in foods like berries, nuts, green tea, and dark chocolate. Antioxidants work by neutralizing free radicals which can cause oxidative stress leading to cell damage.

2. **Anti-Inflammatory Agents**: Omega-3 fatty acids from fish oil, turmeric (curcumin), ginger, and certain fruits and vegetables have properties that reduce inflammation within cells and tissues, potentially slowing down age-related degeneration.

3. **Cellular Support Supplements**: Coenzyme Q10 (CoQ10) is essential for energy production inside your cells; NAD+ boosters like NMN (nicotinamide mononucleotide) and NR (niacin riboside) aim to enhance metabolic functions related to DNA repair and mitochondrial activity.

4. **Other Compounds**: Resveratrol, found naturally in grapes and red wine, has been studied for its potential role in longevity due to effects on sirtuins—proteins involved in regulating metabolism and protecting against diseases associated with aging.

It's important when considering these types of interventions to consult healthcare providers who can offer personalized advice tailored to individual needs and conditions.","Several supplements and substances may support reducing cellular damage and slowing down aspects of aging:

1. **Antioxidants**: Vitamins C and E, beta-carotene (a form of vitamin A), selenium, coenzyme Q10, and resveratrol can neutralize free radicals that cause oxidative stress.

2. **NAD+ Boosters**: Nicotinamide riboside (NR) and nicotinamide mononucleotide (NMN) boost NAD+, which is essential for energy metabolism and DNA repair.

3. **Omega-3 Fatty Acids**: Found in fish oil, they have anti-inflammatory properties beneficial to cell health.

4. **Curcumin**: The active compound in turmeric has strong antioxidant effects and reduces inflammation.

5. **Melatonin**: Besides regulating sleep cycles, it acts as an antioxidant protecting cells from damage.

6. **Amino Acid Carnitine**: Supports mitochondrial function crucial for cellular energy production.

7. **Polyphenols**: Present in green tea, dark chocolate, berries, and other plant-based foods; these compounds exhibit potent antioxidant activity.

Always consult healthcare providers before starting any new supplement regimen due to potential interactions and individual differences in response.",1.187015957836805,1.945425833490175,0.8498514307720865,37.846175882687376,39.55861521011778,36.60827679469513,14.965986394557824,13.333333333333334,15.243902439024392,33.333333333333336,26.133333333333336,24.390243902439025,0.0,0.0,0.0,15.27777777777778,18.055555555555557,13.88888888888889,19.642857142857142,16.049382716049383,15.873015873015872,17.187500000000004,16.99346405228758,14.814814814814811,0.8597699999809265,0.8337790966033936,0.8283912539482117,1.0,0.5183303952217102,0.4282023310661316,4,3,3
Qwen2.5-32B-Instruct (4bit),qwen25_32b_4bit.yaml,4bit,layperson,47,What is (are) Anxiety ?,"what is it called when a person gets all nervouse n worked up for no real reason, like heart racing, cant calm down, mind wont stop etc and is that just a normal thing or some kinda problem?","What is it called when someone experiences unexplained nervousness, rapid heartbeat, inability to calm down, and constant mental agitation, and could this indicate an underlying condition?","Fear and anxiety are part of life. You may feel anxious before you take a test or walk down a dark street. This kind of anxiety is useful - it can make you more alert or careful. It usually ends soon after you are out of the situation that caused it. But for millions of people in the United States, the anxiety does not go away, and gets worse over time. They may have chest pains or nightmares. They may even be afraid to leave home. These people have anxiety disorders. Types include - Panic disorder - Obsessive-compulsive disorder - Post-traumatic stress disorder - Phobias - Generalized anxiety disorder Treatment can involve medicines, therapy or both. NIH: National Institute of Mental Health","Anxiety is a feeling of unease, such as worry or fear, that can be mild or severe. It's a common human emotion often linked to stressful situations but becomes a disorder when it interferes with daily life excessively. Types include generalized anxiety disorder, panic disorder, social anxiety disorder, and specific phobias. Symptoms may involve excessive worrying, restlessness, fatigue, difficulty concentrating, irritability, muscle tension, and sleep disturbances. Treatment options typically consist of psychotherapy, medication, lifestyle changes, or a combination thereof.","The symptoms you're describing—feeling nervous, an elevated heartbeat, difficulty calming down, and a restless mind—are commonly associated with anxiety. Anxiety can manifest without any apparent cause and may be part of everyday life in mild forms. However, if these feelings become frequent, intense, or interfere significantly with daily activities, they might indicate an anxiety disorder.

Anxiety disorders include generalized anxiety disorder (GAD), panic disorder, social anxiety disorder, among others. It's important to consult a healthcare provider for proper evaluation and management tailored to individual needs. Treatment options vary widely depending on severity but often involve therapy, medication, lifestyle changes, stress reduction techniques, or combinations thereof.","The symptoms described—unexplained nervousness, rapid heartbeat, difficulty calming down, and constant mental agitation—are commonly associated with anxiety disorders or panic attacks. These conditions can indeed signify an underlying health issue that may require evaluation by a healthcare provider for proper diagnosis and treatment. Anxiety disorders include generalized anxiety disorder (GAD), social anxiety disorder, specific phobias, and others. Panic attacks often occur in individuals with panic disorder but can also be seen in other types of anxiety disorders. Evaluation should consider both psychological factors as well as potential physical causes such as thyroid issues or side effects from medications.",2.0549820046153577,1.4631550308623869,2.338067547966678,36.523243968415024,40.30054837324136,37.05717194981605,15.873015873015872,17.51152073732719,15.23809523809524,33.86243386243386,34.10138248847927,32.38095238095238,0.0,0.0,0.0,13.461538461538462,19.230769230769237,15.384615384615383,20.588235294117645,18.867924528301888,16.666666666666664,16.279069767441857,19.047619047619047,16.0,0.8627439141273499,0.8585181832313538,0.8448871970176697,0.9999999403953552,0.4932754635810852,0.5280886888504028,4,4,4
Qwen2.5-32B-Instruct (4bit),qwen25_32b_4bit.yaml,4bit,incomplete,48,What is (are) Aortic Aneurysm ?,"what is that aneurysm thing in the big artery, like what does it mean?",What is an aneurysm in a major artery?,"An aneurysm is a bulge or ""ballooning"" in the wall of an artery. Arteries are blood vessels that carry oxygen-rich blood from the heart to other parts of the body. If an aneurysm grows large, it can burst and cause dangerous bleeding or even death. Most aneurysms are in the aorta, the main artery that runs from the heart through the chest and abdomen. There are two types of aortic aneurysm: - Thoracic aortic aneurysms - these occur in the part of the aorta running through the chest - Abdominal aortic aneurysms - these occur in the part of the aorta running through the abdomen Most aneurysms are found during tests done for other reasons. Some people are at high risk for aneurysms. It is important for them to get screening, because aneurysms can develop and become large before causing any symptoms Screening is recommended for people between the ages of 65 and 75 if they have a family history, or if they are men who have smoked. Doctors use imaging tests to find aneurysms. Medicines and surgery are the two main treatments. NIH: National Heart, Lung, and Blood Institute","An Aortic Aneurysm is a bulge or weakening in the wall of the aorta, the major artery that carries blood from the heart to the rest of the body. This can occur anywhere along its length but most commonly happens in the abdominal section (abdominal aortic aneurysm - AAA) or just outside the heart (thoracic aortic aneurysm). If it grows too large, there's a risk it could rupture, leading to severe internal bleeding which is often fatal. Regular monitoring and sometimes surgical intervention may be necessary depending on size and growth rate.","An aneurysm refers to a bulge or weakening in the wall of an artery, including major arteries. This weakened area can balloon out due to blood pressure, creating a sac-like protrusion filled with blood. It's significant because if an aneurysm ruptures, it can lead to severe internal bleeding which may be life-threatening. Aneurysms can occur anywhere but common sites include the brain (cerebral) and abdominal aorta (aortic). Treatment depends on factors such as size, location, and risk of rupture.","An aneurysm in a major artery is a localized dilation or ballooning of the blood vessel caused by weakness in the arterial wall. This condition can occur anywhere along arteries but commonly affects areas such as the abdominal aorta (aortic aneurysm). Aneurysms may rupture if they grow too large, leading to severe internal bleeding which can be life-threatening. Management depends on factors including size, location, and risk of rupture.",6.059691604467548,3.0824159138045406,0.6012337764692675,29.680057713657064,24.58925639370865,22.474182407319724,22.58064516129032,17.355371900826444,12.987012987012989,33.064516129032256,24.793388429752067,23.37662337662337,0.0,0.0,0.0,20.51282051282051,14.102564102564102,15.384615384615383,39.02439024390244,31.428571428571427,36.36363636363637,26.89075630252101,19.469026548672563,21.62162162162162,0.8774586319923401,0.8716440796852112,0.8693065643310547,0.9999998807907104,0.7426072359085083,0.795056164264679,5,4,5
Qwen2.5-32B-Instruct (4bit),qwen25_32b_4bit.yaml,4bit,overgeneralization,49,What is (are) Aphasia ?,"what does it usually mean when some1 suddenly has big problems talking or getting words out and maybe not understanding stuff right, is that like a general brain/language issue or just speech trouble?","What could be causing sudden difficulties with speaking, word retrieval, and comprehension?","Aphasia is a disorder caused by damage to the parts of the brain that control language. It can make it hard for you to read, write, and say what you mean to say. It is most common in adults who have had a stroke. Brain tumors, infections, injuries, and dementia can also cause it. The type of problem you have and how bad it is depends on which part of your brain is damaged and how much damage there is. There are four main types: - Expressive aphasia - you know what you want to say, but you have trouble saying or writing what you mean - Receptive aphasia - you hear the voice or see the print, but you can't make sense of the words - Anomic aphasia - you have trouble using the correct word for objects, places, or events - Global aphasia - you can't speak, understand speech, read, or write Some people recover from aphasia without treatment. Most, however, need language therapy as soon as possible. NIH: National Institute of Neurological Disorders and Stroke","Aphasia is an acquired communication disorder that impairs the ability to process language, affecting speaking, writing, gesturing, reading, and comprehension of spoken or written information. It typically results from brain damage caused by stroke, traumatic brain injury, or neurological conditions like Alzheimer's disease. Aphasia does not affect intelligence but can significantly impact social interaction and daily activities. Types include Broca’s aphasia, Wernicke’s aphasia, global aphasia, and others depending on the affected area in the brain. Treatment often involves speech-language therapy aimed at improving communication abilities.","Sudden difficulties in speaking, finding words, or comprehending information can indicate various neurological issues, including but not limited to stroke, transient ischemic attack (TIA), or other conditions affecting language centers of the brain such as aphasia. These symptoms should be evaluated immediately by a healthcare provider due to their potential seriousness. Immediate assessment helps determine if there's an urgent condition requiring prompt treatment.","Sudden difficulties with speaking, word retrieval, and comprehension can indicate a stroke or transient ischemic attack (TIA), which occurs when blood flow to part of the brain is blocked or reduced, preventing oxygen from reaching that area. Other potential causes include head injury, infections like encephalitis, certain neurological disorders such as multiple sclerosis, or conditions affecting language centers in the brain like tumors or dementia. Immediate evaluation by a healthcare provider is crucial for proper diagnosis and treatment.",0.9364418189665484,0.6878167530159934,1.2206101578664492,31.36458640094308,22.205931636860864,26.58820784384587,16.129032258064516,7.142857142857144,10.126582278481012,29.83870967741936,16.07142857142857,25.31645569620253,0.0,0.0,0.0,16.0,6.666666666666667,10.666666666666668,29.268292682926827,15.625,20.0,20.6896551724138,9.345794392523365,13.91304347826087,0.8714509010314941,0.8406531810760498,0.8440346717834473,1.0,0.2442886382341385,0.2377708256244659,4,4,4
