model,config,quantization,noise_type,question_id,question_clean,question_noisy,question_repaired,reference_answer,answer_clean,answer_noisy,answer_repaired,bleu_clean,bleu_noisy,bleu_repaired,chrf_clean,chrf_noisy,chrf_repaired,rouge_l_clean,rouge_l_noisy,rouge_l_repaired,token_f1_clean,token_f1_noisy,token_f1_repaired,exact_match_clean,exact_match_noisy,exact_match_repaired,med_coverage_clean,med_coverage_noisy,med_coverage_repaired,med_precision_clean,med_precision_noisy,med_precision_repaired,med_f1_clean,med_f1_noisy,med_f1_repaired,bertscore_clean,bertscore_noisy,bertscore_repaired,intent_preservation_clean,intent_preservation_noisy,intent_preservation_repaired,geval_clean,geval_noisy,geval_repaired
Phi-3-medium-4k-instruct (4bit),phi3_14b_4bit.yaml,4bit,typos_grammar,0,Do you have information about A1C,"do you got any info rmation abotu A1C , like what it is an how it works?",What information can you provide about A1C tests including their purpose and functioning mechanism?,"Summary : A1C is a blood test for type 2 diabetes and prediabetes. It measures your average blood glucose, or blood sugar, level over the past 3 months. Doctors may use the A1C alone or in combination with other diabetes tests to make a diagnosis. They also use the A1C to see how well you are managing your diabetes. This test is different from the blood sugar checks that people with diabetes do every day. Your A1C test result is given in percentages. The higher the percentage, the higher your blood sugar levels have been: - A normal A1C level is below 5.7 percent - Prediabetes is between 5.7 to 6.4 percent. Having prediabetes is a risk factor for getting type 2 diabetes. People with prediabetes may need retests every year. - Type 2 diabetes is above 6.5 percent - If you have diabetes, you should have the A1C test at least twice a year. The A1C goal for many people with diabetes is below 7. It may be different for you. Ask what your goal should be. If your A1C result is too high, you may need to change your diabetes care plan. NIH: National Institute of Diabetes and Digestive and Kidney Diseases","Yes, Hemoglobin A1c (HbA1c) is a blood test that measures average levels of glucose in your blood over approximately three months by assessing glycation of hemoglobin molecules within red blood cells. It's commonly used to diagnose diabetes or prediabetes and monitor long-term glucose control in individuals with diabetes. An HbA1c level below 5.7% indicates normal blood sugar regulation; between 5.7% - 6.4% suggests prediabetes, while an HbA1c above 6.5% typically signifies diabetes when confirmed through repeated testing. The American Diabetes Association recommends routine monitoring for people with type 2 diabetes at least twice per year if well controlled, quarterly otherwise. Regular physical activity can help lower HbA1c values along with medication adherence as prescribed by healthcare providers.","Yes, HbA1c (also known as glycosylated hemoglobin or A1C) measures average blood glucose levels over 2-3 months by assessing the percentage of red blood cells with attached sugar molecules; used to diagnose diabetes & monitor treatment effectiveness in people already diagnosed. Normal range for non-diabetics is below 5.7%. Higher values indicate poor control/risk of complications. Regular monitoring helps manage conditions effectively.","The Hemoglobin A1c (A1C) test measures your average blood glucose levels over approximately three months by assessing the percentage of glycosylated hemoglobin in red blood cells. It's used to diagnose type 2 diabetes or prediabetes and monitor how well one is managing existing diabetes treatment plans. Unlike daily fluctuations measured with regular finger-stick testing for blood sugar level, an A1C provides long-term trends that help guide therapeutic decisions.",2.9820026878100303,0.6724878534314042,1.3050207670959082,33.734571767858256,20.664510800862747,23.80754112677208,22.80130293159609,15.07936507936508,16.342412451361866,36.48208469055374,23.015873015873016,27.23735408560312,0.0,0.0,0.0,26.666666666666668,13.333333333333334,16.0,37.03703703703704,32.25806451612903,37.5,31.00775193798449,18.867924528301884,22.42990654205607,0.8727168440818787,0.8473048210144043,0.8645674586296082,1.0,0.8034437298774719,0.795488715171814,4,5,5
Phi-3-medium-4k-instruct (4bit),phi3_14b_4bit.yaml,4bit,ambiguity,1,What is (are) Abdominal Pain ?,"what does it mean if your stomach/belly area is hurting inside, like that kind of pain in the middle, or around there, is that just a regular stomach ache or something else?",What could cause persistent midline abdomard discomfort beyond typical indigestion symptoms?,"Your abdomen extends from below your chest to your groin. Some people call it the stomach, but your abdomen contains many other important organs. Pain in the abdomen can come from any one of them. The pain may start somewhere else, such as your chest. Severe pain doesn't always mean a serious problem. Nor does mild pain mean a problem is not serious. Call your healthcare provider if mild pain lasts a week or more or if you have pain with other symptoms. Get medical help immediately if - You have abdominal pain that is sudden and sharp - You also have pain in your chest, neck or shoulder - You're vomiting blood or have blood in your stool - Your abdomen is stiff, hard and tender to touch - You can't move your bowels, especially if you're also vomiting","Abdominal pain refers to discomfort or distress in any region of the abdomen from superficial sources such as skin irritations up to more serious underlying health issues involving internal organs like appendicitis, gallstones, gastritis, kidney stones, urinary tract infections, etc. The severity can range widely depending upon its cause - it could be mildly unpleasant for minor conditions but potentially life-threatening if due to severe diseases requiring immediate attention. It's crucial that persistent or intense abdomptaion pains should always prompt consultation with a healthcare professional for accurate diagnosis and treatment.",Internal abdominal pain can be caused by various conditions ranging from minor issues such as indigestion to more serious concerns like appendicitis or gallstones. It's essential not to self-diagnose but seek professional medical advice for an accurate diagnosis and appropriate treatment plan tailored to individual needs.,"Persistent midline abdominal discomfort that goes beyond normal indigestion may be caused by conditions such as peptic ulcers, pancreatitis, gallstones (cholelithiasis), gastroesophageal reflux disease (GERD), or even more serious issues like malignancies in some cases. It is important for an individual experiencing these symptoms to consult with their healthcare provider for proper diagnosis and treatment.",1.1449332222487651,0.3538331305313754,0.6396230535682891,30.63940462328221,18.25517278315945,23.3729951218024,9.95475113122172,11.111111111111112,8.55614973262032,23.52941176470588,17.77777777777778,20.32085561497326,0.0,0.0,0.0,6.666666666666667,3.333333333333333,5.0,9.523809523809524,9.523809523809524,13.636363636363637,7.84313725490196,4.938271604938271,7.3170731707317085,0.8383327722549438,0.8364494442939758,0.8219265341758728,1.0,0.6781894564628601,0.6222463846206665,3,3,3
Phi-3-medium-4k-instruct (4bit),phi3_14b_4bit.yaml,4bit,layperson,2,What is (are) Abortion ?,"what does it mean when a pregancy gets ended early or the baby is not kept, like how does that whole thing happen and what is it exactly ?",What causes an unplanned miscarriage during early stages of pregnancy?,"An abortion is a procedure to end a pregnancy. It uses medicine or surgery to remove the embryo or fetus and placenta from the uterus. The procedure is done by a licensed health care professional. The decision to end a pregnancy is very personal. If you are thinking of having an abortion, most healthcare providers advise counseling.","An abortion is the termination of an embryo or fetus before it can survive outside the uterus. It may occur spontaneously as miscarriage or be induced intentionally for various reasons including health risks to the mother, fetal abnormalities, or personal choice. Induced abortions involve procedures like medication intake or surgical intervention depending upon gestational age and specific circumstances.","An unintended end to a pregnancy before full term (before 37 weeks) can be referred to as an ""early miscarriage"" if spontaneous abortion occurs in the first trimester; after this period, it may still result from various causes such as health issues with the mother or fetus but isn't typically called a 'miscarriage.' The process involves natural expulsion of fetal tissue through bleeding and cramping similar to menstruation for earlier losses, while later ones might require medical intervention due to complications. This event could occur because of genetic abnormalities, maternal health conditions, lifestyle factors, environmental exposures, etc., though often no specific cause is identified. It’s essential to seek professional care during these events.","Unplanned miscarriages in the early stages can be caused by chromosomal abnormalities in the fetus, maternal health conditions (such as diabetes or thyroid disease), hormonal imbalances, uterine abnormalities, lifestyle factors like smoking/drug use, advanced parental age, certain medications, severe trauma to the mother's body, immune system disorders, and environmental exposures. It is important for individuals experiencing recurrent losses to consult with their healthcare provider for personalized evaluation and management strategies.",6.266843038741722,1.256090491429763,1.40153122804164,38.0184640094716,33.10301457136568,32.84358771743483,18.0,10.32258064516129,10.344827586206897,26.0,21.935483870967744,17.241379310344826,0.0,0.0,0.0,14.285714285714285,19.047619047619047,4.761904761904762,12.0,7.017543859649122,2.941176470588235,13.043478260869565,10.256410256410255,3.6363636363636354,0.8767423033714294,0.8483044505119324,0.8431138396263123,0.9999999403953552,0.4420582950115204,0.3492489159107208,4,2,1
Phi-3-medium-4k-instruct (4bit),phi3_14b_4bit.yaml,4bit,incomplete,3,What is (are) Abscess ?,what is that painful swollen thing with pus?,What could cause throbbing lumps filled with pus on my body?,"An abscess is a pocket of pus. You can get an abscess almost anywhere in your body. When an area of your body becomes infected, your body's immune system tries to fight the infection. White blood cells go to the infected area, collect within the damaged tissue, and cause inflammation. During this process, pus forms. Pus is a mixture of living and dead white blood cells, germs, and dead tissue. Bacteria, viruses, parasites and swallowed objects can all lead to abscesses. Skin abscesses are easy to detect. They are red, raised and painful. Abscesses inside your body may not be obvious and can damage organs, including the brain, lungs and others. Treatments include drainage and antibiotics.","An abscess is a localized collection of pus within tissues that occurs due to an infection or foreign substance presence; it typically causes swelling, redness, pain, warmth, and may lead to fever if not treated properly with drainage and antibiotics when necessary.","A painful swollen area filled with pus could be an abscess or boil caused by bacterial infection of hair follicles or sweat glands under your skin. It's important to consult healthcare professionals for proper diagnosis and treatment options such as warm compresses, antibiotics, drainage procedures if necessary, and prevention measures like good hygiene practices.",Throbbing lumps filled with pus can be indicative of an abscess or localized infection beneath your skin. It is essential to seek evaluation by a healthcare provider for proper diagnosis and treatment which may include antibiotics or drainage if necessary. Do not attempt self-treatment without professional guidance.,1.5990250069344865,0.673092466950805,0.4461700551401525,21.14620078672432,23.8490513388312,20.30825195382864,17.687074829931973,11.180124223602483,12.987012987012983,21.7687074829932,18.633540372670808,20.77922077922078,0.0,0.0,0.0,10.344827586206897,10.344827586206897,8.620689655172415,30.0,21.428571428571427,31.25,15.384615384615383,13.95348837209302,13.513513513513514,0.8688245415687561,0.8532816767692566,0.8533839583396912,1.0,0.4006654024124145,0.3017271757125854,4,4,4
Phi-3-medium-4k-instruct (4bit),phi3_14b_4bit.yaml,4bit,overgeneralization,4,What is (are) Acne ?,"What is that skin break out stuff, like when your face an maybe back gets little bumps n red spots, is it just a normal skin problem or some bigger body thing?","Is acne simply a common dermatological condition affecting facial areas including cheeks, chin, forehead, and sometimes upper arms/shoulders, characterized by pimples, blackheads, whiteheads, and cystic lesions due to excess sebum production in hair follicles under blockage caused by dead cells within pores; can these symptoms indicate larger systemic health issues beyond typical adolescent hormonal fluctuations during puberty (acne vulgaris)?","Acne is a common skin disease that causes pimples. Pimples form when hair follicles under your skin clog up. Most pimples form on the face, neck, back, chest, and shoulders. Anyone can get acne, but it is common in teenagers and young adults. It is not serious, but it can cause scars. No one knows exactly what causes acne. Hormone changes, such as those during the teenage years and pregnancy, probably play a role. There are many myths about what causes acne. Chocolate and greasy foods are often blamed, but there is little evidence that foods have much effect on acne in most people. Another common myth is that dirty skin causes acne; however, blackheads and pimples are not caused by dirt. Stress doesn't cause acne, but stress can make it worse. If you have acne - Clean your skin gently - Try not to touch your skin - Avoid the sun Treatments for acne include medicines and creams. NIH: National Institute of Arthritis and Musculoskeletal and Skin Diseases","Acne vulgaris, commonly known as acne or pimples, is a skin condition that occurs when hair follicles become clogged with oil and dead skin cells. It typically affects areas of the body with densely packed sebaceous glands like the face, chest, upper back, and shoulders. The severity ranges from mild to severe cases involving inflammation, redness, swelling, painful nodules, and potential scarring. Hormonal changes during puberty often trigger its development in teenagers but can also occur at any age due to various factors such as stress, dietary habits, medications, genetic predisposition, etc. Treatment options include topical creams/gels containing benzoyl peroxide, salicylic acid, retinoids; antibiotics for bacterial reduction; hormone therapy; Isotretinoin for more severe forms; lifestyle modifications including proper skincare routine and healthier eating patterns may help manage symptoms effectively. Consulting dermatologists helps tailor treatments according to individual needs while minimizing side effects associated with some interventions.","The condition you're describing sounds like acne vulgaris, which is common among teenagers but can affect adults as well. It occurs due to clogged hair follicles from oil (sebum) production in the skin combined with dead skin cells. While generally not serious, severe cases may require treatment by healthcare professionals for scarring prevention and psychological impact management. Maintaining good skincare habits often helps manage mild symptoms effectively.","Acne is indeed primarily associated with increased oil production from glands at the base of hair follicles that become blocked through accumulation of skin debris such as keratinocytes or bacteria like Propionibacterium acnes. While it commonly occurs around the face, neck, back, shoulders, and chest regions, its presence alone does not necessarily signal broader systemic conditions but may be exacerbated by factors such as stress, dietary habits, medication side effects, endocrine disorders, etc., which could hint towards underlying health concerns requiring further investigation if accompanied by other non-dermatologic signs or persistent despite standard treatments for acne vulgaris typically seen during pubertal development stages.",4.068107865138342,0.8052984202350135,4.263253805162632,35.856468802259926,22.320803346939456,30.728436091658967,15.081967213114757,11.403508771929824,14.393939393939394,23.60655737704918,19.29824561403509,18.939393939393938,0.0,0.0,0.0,17.94871794871795,7.6923076923076925,14.102564102564102,19.17808219178082,15.789473684210526,26.190476190476197,18.543046357615893,10.344827586206897,18.33333333333333,0.8480553030967712,0.8463038802146912,0.8403066396713257,1.0,0.4476476907730102,0.5906772017478943,4,4,3
Phi-3-medium-4k-instruct (4bit),phi3_14b_4bit.yaml,4bit,typos_grammar,5,What is (are) Acoustic Neuroma ?,what is/are accoustic neuoroma exacly ?,What exactly is an acoustic neuroma?,"An acoustic neuroma is a benign tumor that develops on the nerve that connects the ear to the brain. The tumor usually grows slowly. As it grows, it presses against the hearing and balance nerves. At first, you may have no symptoms or mild symptoms. They can include - Loss of hearing on one side - Ringing in ears - Dizziness and balance problems The tumor can also eventually cause numbness or paralysis of the face. If it grows large enough, it can press against the brain, becoming life-threatening. Acoustic neuroma can be difficult to diagnose, because the symptoms are similar to those of middle ear problems. Ear exams, hearing tests, and scans can show if you have it. If the tumor stays small, you may only need to have it checked regularly. If you do need treatment, surgery and radiation are options. If the tumors affect both hearing nerves, it is often because of a genetic disorder called neurofibromatosis. NIH: National Institute on Deafness and Communication Disorders","An acoustic neuroma, also known as vestibular schwannoma, is a noncancerous tumor that develops on the eighth cranial nerve leading from your inner ear to your brain. The branches of this nerve directly influence hearing and balance functions; hence these types of benign growth can cause issues such as hearing loss or ringing in one's ears, imbalance, dizziness among others if they grow large enough. Treatment options include monitoring for smaller ones, radiation therapy, or surgical removal depending upon its size, location, patient’s age, overall health etc.","Acoustic neuromas (also known as vestibular schwannomas) are noncancerous tumors that develop from the Schwann cells covering the eighth cranial nerve near its connection to the inner ear. They can cause hearing loss, tinnitus, balance problems, facial numbness or weakness due to compression of adjacent structures in the brain. Treatment options include observation, radiation therapy, or surgical removal depending upon size, growth rate, symptoms, patient age, general health status etc.","An acoustic neuroma, also known as vestibular schwannoma, is a noncancerous (benign) tumor that develops on the main nerve leading from your inner ear to your brain. The branches of this nerve directly influence balance and hearing; pressure from the growth can cause these functions to deterardiorate over time. It's typically slow-growing but may become large enough to press against nearby structures causing various symptoms such as hearing loss or ringing in the affected ear. Treatment options include monitoring for smaller cases, radiation therapy, or surgical removal depending upon size and patient factors.",3.819727041282648,1.4125965361485742,3.7558795485041023,31.113491547453343,27.11606713467779,32.66158264232709,21.09704641350211,13.761467889908255,21.57676348547718,32.06751054852321,25.68807339449541,34.024896265560166,0.0,0.0,0.0,19.444444444444446,9.722222222222223,22.22222222222222,35.0,21.21212121212121,34.78260869565217,25.0,13.333333333333334,27.11864406779661,0.8677868247032166,0.8590866327285767,0.869280219078064,1.0,0.3386049270629883,0.9454860091209412,4,5,4
Phi-3-medium-4k-instruct (4bit),phi3_14b_4bit.yaml,4bit,ambiguity,6,Do you have information about Acupuncture,"Do you know much about that needle kind of thing people do for pain n stuff, like what its for or if it actually helps?",What can I expect in terms of benefits and purposes when undergoing acupuncture treatment for managing chronic pain?,"Summary : Acupuncture has been practiced in China and other Asian countries for thousands of years. Acupuncture involves stimulating specific points on the body. This is most often done by inserting thin needles through the skin, to cause a change in the physical functions of the body. Research has shown that acupuncture reduces nausea and vomiting after surgery and chemotherapy. It can also relieve pain. Researchers don't fully understand how acupuncture works. It might aid the activity of your body's pain-killing chemicals. It also might affect how you release chemicals that regulate blood pressure and flow. NIH: National Center for Complementary and Integrative Health","Yes, acupuncture is an ancient Chinese healing practice that involves inserting thin needles into specific points of your body to alleviate pain or treat various health conditions by stimulating nerves, muscles, and connective tissue. It's widely used for chronic pain management but also treats other issues like stress-related disorders, digestive problems, insomnia, etc., although more research may be needed in some areas. Always consult with licensed practitioners who follow safety guidelines when considering this treatment option.","Yes, I can provide information on this topic. It sounds like you're referring to acupuncture, which is an ancient Chinese practice involving thin needles inserted into specific points in the body. Acupuncture has been used primarily as part of traditional Asian medicine with claims of treating various conditions including chronic pain. Some studies suggest benefits such as reduced muscle tension, improved circulation, increased endorphin levels (natural painkillers), enhanced immune functioning, lower stress hormone release from adrenal glands, decreased blood viscosity leading to better flow through arteries and veins, stimulation of lymphatic drainage by increasing interstitial fluid pressure around treated areas thus reducing edema formation after injury/surgery; however more research needs further validation before conclusive evidence exists regarding all potential therapeutic effects attributed towards using these techniques alone without combining them alongside other modalities within integrative approaches utilized today across multiple disciplines worldwide practicing modern western allopathy combined together under one umbrella term known simply nowadays just called 'complementary & alternative therapies'. Always consult your healthcare provider prior engaging any new treatment options especially when dealing directly related issues concerning physical well-being where safety must always remain paramount priority throughout entire process undertaken seeking relief via nontraditional means beyond conventional Western Medicine practices typically employed here locally domestically","Acupuncture is believed to stimulate nerves, muscles, and connective tissue which boosts your body's natural painkillers and increases blood flow. Benefits may include reduced inflammation, improved functioning of organs affected by stress or disease processes related to chronic pain conditions, enhanced relaxation response leading to decreased anxiety levels associated with persistent discomfort, as well as potential improvement in sleep quality due to alleviation from constant agony experienced during nighttime hours. It should be noted that individual experiences vary significantly; therefore consultations regarding specific goals must occur between patient(s) & practitioner prior commencement thereof therapy sessions. Always seek professional advice before starting any new treatments!",2.302983417649649,1.9843641244502512,1.4328597399698952,34.279707024684186,39.17520119816674,34.842176586599884,13.559322033898304,9.771986970684038,9.75609756097561,30.508474576271183,24.104234527687293,16.585365853658537,0.0,0.0,0.0,15.217391304347828,26.08695652173913,6.521739130434782,20.0,11.76470588235294,6.122448979591836,17.283950617283953,16.216216216216218,6.315789473684211,0.8704941868782043,0.8474924564361572,0.8442519307136536,1.0,0.4658557176589966,0.7209616899490356,4,2,3
Phi-3-medium-4k-instruct (4bit),phi3_14b_4bit.yaml,4bit,layperson,7,What is (are) Acute Bronchitis ?,"what is that chest/throat thing called when u get a bad cough n lots of mucus cuz the breathing tubes are all irritated or infected for a short bit, like not pneumonia but kinda in there?",What's the name for an acute respiratory condition characterized by persistent coughing and excessive phlegm production due to inflammation or minor infection of the airways without progressing to full-blown bronchitis or pneumonia?,"Bronchitis is an inflammation of the bronchial tubes, the airways that carry air to your lungs. It causes a cough that often brings up mucus. It can also cause shortness of breath, wheezing, a low fever, and chest tightness. There are two main types of bronchitis: acute and chronic. Most cases of acute bronchitis get better within several days. But your cough can last for several weeks after the infection is gone. The same viruses that cause colds and the flu often cause acute bronchitis. These viruses spread through the air when people cough, or though physical contact (for example, on unwashed hands). Being exposed to tobacco smoke, air pollution, dusts, vapors, and fumes can also cause acute bronchitis. Less often, bacteria can also cause acute bronchitis. To diagnose acute bronchitis, your health care provider will ask about your symptoms and listen to your breathing. You may also have other tests. Treatments include rest, fluids, and aspirin (for adults) or acetaminophen to treat fever. A humidifier or steam can also help. You may need inhaled medicine to open your airways if you are wheezing. Antibiotics won't help if the cause is viral. You may get antibiotics if the cause is bacterial. NIH: National Heart, Lung, and Blood Institute","Acute bronchitis is an inflammation of the airways in one or both lungs that causes coughing with mucus production for at least three weeks. It's usually caused by viruses but can also be due to bacteria or other irritants like smoke or dust exposure. Symptoms include persistent cough, chest discomfort, fatigue, slight fever, and shortness of breath. Treatment typically involves rest, hydration, over-the-counter pain relievers, and sometimes antibiotics if it’s determined to have been caused by bacterial infection.","The condition you're describing sounds like bronchitis, which involves inflammation of the airways leading to increased production of mucus and often results from an upper respiratory tract infection (URTI). It can cause symptoms such as persistent cough with sputum production, wheezing, low fever, fatigue, and discomfort while swallowing due to throat irritation. Bronchitis may be acute if it lasts less than three weeks, typically caused by viruses similar to those causing colds; chronic bronchitis persists longer and requires further evaluation since its definition includes productive cough occurring most days over at least 3 months per year during two consecutive years without another underlying lung disease being identified. Always consult healthcare professionals for accurate diagnosis and treatment options tailored specifically to your needs!","The condition you’re describing is known as Acute Bronchiolitis if it occurs primarily in children under two years old; otherwise, similar symptoms might be referred to simply as ""Acute Respiratory Infections"" (ARIs) when they do not escalate into more severe conditions like chronic bronchitis or bacterial pneumonia. It involves irritation and swelling of the smallest air passages in your lungs called bronchioles.",1.77136156094512,1.981410992150204,0.199600877333223,26.187531158867788,33.29582811531548,16.783204584784897,15.217391304347828,15.141955835962149,6.976744186046512,30.434782608695656,27.760252365930597,15.503875968992244,0.0,0.0,0.0,16.161616161616163,16.161616161616163,7.07070707070707,40.0,24.24242424242424,28.000000000000004,23.021582733812952,19.393939393939394,11.29032258064516,0.8719013929367065,0.8549627661705017,0.8314526081085205,1.0,0.6061661839485168,0.7097397446632385,3,4,1
Phi-3-medium-4k-instruct (4bit),phi3_14b_4bit.yaml,4bit,incomplete,8,What is (are) Acute Lymphocytic Leukemia ?,"What is acute leukemia, exactly?",How would you define acute leukemia in detail?,"Leukemia is cancer of the white blood cells. White blood cells help your body fight infection. Your blood cells form in your bone marrow. In leukemia, however, the bone marrow produces abnormal white blood cells. These cells crowd out the healthy blood cells, making it hard for blood to do its work. In acute lymphocytic leukemia (ALL), also called acute lymphoblastic leukemia, there are too many of specific types of white blood cells called lymphocytes or lymphoblasts. ALL is the most common type of cancer in children. Possible risk factors for ALL include being male, being white, previous chemotherapy treatment, exposure to radiation, and for adults, being older than 70. Symptoms of ALL include: - Weakness or feeling tired - Fever - Easy bruising or bleeding - Bleeding under the skin - Shortness of breath - Weight loss or loss of appetite - Pain in the bones or stomach - Pain or a feeling of fullness below the ribs - Painless lumps in the neck, underarm, stomach, or groin Tests that examine the blood and bone marrow diagnose ALL. Treatments include chemotherapy, radiation therapy, stem cell transplants, and targeted therapy. Targeted therapy uses substances that attack cancer cells without harming normal cells. Once the leukemia is in remission, you need additional treatment to make sure that it does not come back. NIH: National Cancer Institute","Acute lymphoblastic leukemia (ALL), also known as acute lymphoid or lymphoblastic leukemia, is an aggressive type of cancer that affects white blood cells called B-cells and T-cells in their early stages of development within bone marrow. It progresses rapidly if left untreated but can often be treated successfully with chemotherapy and other therapies such as stem cell transplantation. ALL primarily occurs in children under 5 years old; however, it may occur at any age. Symptoms include fatigue, fever, bleeding/bruising easily, frequent infections, painless swelling of limbs due to enlarged livers or spleens, weight loss without trying, recurrent nosebleeds, rashes, joint pains, etc. The exact cause remains unknown though genetic predisposition plays some role along with exposure to radiation or certain chemical agents like benzene. Diagnosis involves physical examination followed by laboratory tests including complete blood count(CBC), peripheral smear review, flow cytometry analysis for immunophenotyping, molecular testing using polymerase chain reaction (PCR). Treatment options depend upon factors like patient's age, overall health status & subtype classification which includes standard risk vs high risk groups determined through various progn","Acute leukemia is a type of cancer that originates in blood-forming tissue such as bone marrow but quickly progresses to affect other parts of the body including organs like liver and spleen due to rapid increase in immature white blood cells (blasts). It requires immediate treatment because it can rapidly become life threatening if left untreated. There are several types classified by which kind of cell they resemble under microscope examination - most common being AML (acute myeloid) or ALL (acute lymphoblastic). Treatment typically involves chemotherapy with possible stem cell transplantation for eligible patients depending upon disease subtype, patient's age, overall health status etc.","Acute leukemia is a rapidly progressing cancer that originates from immature blood-forming cells (blasts) within bone marrow or other hematopoietic tissues leading to an accumulation of these abnormal blast cells which do not function properly as mature white blood cells. It can be classified into two main types depending upon lineage - Acute Lymphoblastic Leukemia (ALL), affecting lymphoid cell lines; and Acute Myelogenous Leukemia (AML), impacting myeloid cell lines. Symptoms may include fatigue, fever, bleeding/bruising easily due to thrombocytopenia, frequent infections because of neutropenia, and enlarged spleen among others. Treatment typically involves chemotherapy aimed at inducing remission followed by additional therapies such as radiation or stem cell transplantation for consolidating treatment response. Early diagnosis improves prognosis significantly with survival rates varying according to specific subtypes, age groups, cytogenetic features etc., but overall 5 year relative survival rate stands around 60% globally.",5.978206487535193,1.1956479810577438,2.952082348115844,42.40549151005564,27.483061464462843,35.93337686856622,13.541666666666666,14.935064935064938,16.81159420289855,29.687500000000007,26.623376623376625,27.82608695652174,0.0,0.0,0.0,19.8019801980198,13.861386138613865,20.792079207920796,21.978021978021975,28.000000000000004,30.88235294117647,20.833333333333336,18.543046357615893,24.85207100591716,0.840900719165802,0.837642252445221,0.8368301391601562,0.9999999403953552,0.836963951587677,0.7833614349365234,3,4,4
Phi-3-medium-4k-instruct (4bit),phi3_14b_4bit.yaml,4bit,overgeneralization,9,What is (are) Acute Myeloid Leukemia ?,"what is this kind of serious blood problem/cancer thing where the bone marrow makes too many bad white cells, and what does it even mean for someone health overall?","What is chronic myeloid leukemia (CML), how do excessive abnormal white blood cell production in the bone marrow affect an individual's general health, and what treatment options exist?","Leukemia is cancer of the white blood cells. White blood cells help your body fight infection. Your blood cells form in your bone marrow. In leukemia, however, the bone marrow produces abnormal white blood cells. These cells crowd out the healthy blood cells, making it hard for blood to do its work. In acute myeloid leukemia (AML), there are too many of a specific type of white blood cell called a myeloblast. AML is the most common type of acute leukemia in adults. This type of cancer usually gets worse quickly if it is not treated. Possible risk factors include smoking, previous chemotherapy treatment, and exposure to radiation. Symptoms of AML include: - Fever - Shortness of breath - Easy bruising or bleeding - Bleeding under the skin - Weakness or feeling tired - Weight loss or loss of appetite Tests that examine the blood and bone marrow diagnose AML. Treatments include chemotherapy, other drugs, radiation therapy, stem cell transplants, and targeted therapy. Targeted therapy uses substances that attack cancer cells without harming normal cells. Once the leukemia is in remission, you need additional treatment to make sure that it does not come back. NIH: National Cancer Institute","Acute myeloid leukemia (AML) is an aggressive type of cancer that originates in the bone marrow but often quickly moves into the blood as well. It affects immature white blood cells called myeloblasts or blasts which accumulate rapidly due to abnormal growth signals causing impaired production of normal red blood cells, platelets, and mature white blood cells leading to various symptoms like fatigue, increased risk for bleeding/infections etc. Treatment typically involves chemotherapy with possible stem cell transplantation depending upon individual patient factors such age, overall health status & genetic mutations present within their AML subtype.","The condition you're referring to is called Acute Myeloid Leukemia (AML). It occurs when there’s an overproduction of abnormal myeloblasts in the bone marrow which impairs normal hematopoiesis leading to insufficient production of functional red blood cells, platelets, or mature granulocytes needed by body tissues. This can result in symptoms like fatigue due to anaemia, increased risk of bleeding from thrombocytopenia, susceptibility to infections because of neutropenia, as well as other systemic effects depending upon disease progression and individual patient factors. Treatment typically involves chemotherapy with possible stem cell transplantation but outcomes vary widely among individuals.","Chronic Myeloid Leukemia (CML) is a type of cancer that starts from early version cells called stem cells found mainly in the bone marrow. It leads to overproduction of immature granulocytes - a subtype of white blood cells. This can cause symptoms like fatigue, weight loss, night sweats, fever, pain or fullness below rib cage due to enlarged spleen etc., as these dysfunctional WBC crowd out normal ones leading to impaired oxygen transportation, increased risk for infections & bleeding disorders. Treatment often involves targeted therapy drugs such Tyrosine kinase inhibitors which block signals promoting uncontrolled growth; other treatments include chemotherapy, radiation therapy, biological therapies, stem cell transplant depending upon disease stage/progression rate.",3.297668325419221,1.4769954542118862,4.575714722236136,32.02202063643011,29.248709631542425,35.532134138291475,13.818181818181817,12.949640287769784,17.869415807560134,30.545454545454547,27.33812949640288,32.302405498281786,0.0,0.0,0.0,18.39080459770115,10.344827586206897,17.24137931034483,32.0,22.5,26.31578947368421,23.35766423357664,14.173228346456693,20.833333333333336,0.8602485060691833,0.8416502475738525,0.8513765931129456,1.0,0.4924976825714111,0.6387941837310791,4,4,2
Phi-3-medium-4k-instruct (4bit),phi3_14b_4bit.yaml,4bit,typos_grammar,10,What is (are) Addison Disease ?,"what is addison disease ,, like what does it actualy do to youre body ?",What effects does Addison's Disease have on the human body?,"Your adrenal glands are just above your kidneys. The outside layer of these glands makes hormones that help your body respond to stress and regulate your blood pressure and water and salt balance. Addison disease happens if the adrenal glands don't make enough of these hormones. A problem with your immune system usually causes Addison disease. The immune system mistakenly attacks your own tissues, damaging your adrenal glands. Other causes include infections and cancer. Symptoms include - Weight loss - Muscle weakness - Fatigue that gets worse over time - Low blood pressure - Patchy or dark skin Lab tests can confirm that you have Addison disease. If you don't treat it, it can be fatal. You will need to take hormone pills for the rest of your life. If you have Addison disease, you should carry an emergency ID. It should say that you have the disease, list your medicines and say how much you need in an emergency. NIH: National Institute of Diabetes and Digestive and Kidney Diseases","Addison's disease is an uncommon disorder where your adrenal glands produce insufficient amounts of certain hormones like cortisone and aldosterone due to damage or dysfunction in these glands. It can lead to symptoms such as fatigue, weight loss, low blood pressure, darkening of skin areas, salt craving etc., if not treated properly with replacement therapy using medications that replace deficient hormones.","Addison's Disease (also known as primary adrenal insufficiency) occurs when your adrenal glands don’t produce enough of certain hormones such as cortisone (a glucocorticoid), which helps regulate metabolism and immune response; aldosterone (a mineralocorticoid), that balances salt and water in the body affecting blood pressure; or both. Symptoms may include fatigue, muscle weakness, loss of appetite, weight loss, low blood sugar levels, nausea, vomiting, abdominal pain, darkening of skin areas, increased pigmentation, depression/mood swings, irritability, joint & bone pain, dizziness upon standing up due to orthostatic hypotension etc., potentially leading to an Adrenal Crisis if not treated promptly with emergency care involving IV fluids and steroid replacement therapy. It can be life-threatening but manageable through proper treatment including lifelong medications replacing deficient hormones.","Addison’s disease affects the adrenal glands leading to insufficient production of corticosteroids (cortisol and aldosterone). This can cause fatigue, muscle weakness, weight loss, low blood pressure, hyperpigmentation, salt craving due to sodium depletion, hypoglycemia, nausea, vomiting, diarrhea, irritability, depression, and in severe cases, an acute crisis known as ""Addisonian Crisis"" which is life-threatening if not treated promptly with glucocorticoid replacement therapy.",0.8912282172440659,2.028875640250765,0.8379961567825918,23.140316363223715,36.47162074287067,22.87242508194629,15.454545454545451,16.370106761565836,12.727272727272728,27.27272727272727,33.45195729537366,20.909090909090907,0.0,0.0,0.0,10.0,18.571428571428573,10.0,24.13793103448276,22.033898305084744,26.923076923076923,14.141414141414144,20.155038759689923,14.583333333333334,0.8588228821754456,0.8465888500213623,0.8419029116630554,1.0,0.8497042655944824,0.7815538644790649,4,4,4
Phi-3-medium-4k-instruct (4bit),phi3_14b_4bit.yaml,4bit,ambiguity,11,What is (are) Adhesions ?,"What does it mean when stuff inside your body kind of sticks together after something, like is that the same as those internal scar-band things?","How do postoperative adhesions form in the human body following surgery, and how do they compare to fibrous bands formed by scarring within tissues?","Adhesions are bands of scar-like tissue. Normally, internal tissues and organs have slippery surfaces so they can shift easily as the body moves. Adhesions cause tissues and organs to stick together. They might connect the loops of the intestines to each other, to nearby organs, or to the wall of the abdomen. They can pull sections of the intestines out of place. This may block food from passing through the intestine. Adhesions can occur anywhere in the body. But they often form after surgery on the abdomen. Almost everyone who has surgery on the abdomen gets adhesions. Some adhesions don't cause any problems. But when they partly or completely block the intestines, they cause symptoms such as - Severe abdominal pain or cramping - Vomiting - Bloating - An inability to pass gas - Constipation Adhesions can sometimes cause infertility in women by preventing fertilized eggs from reaching the uterus. No tests are available to detect adhesions. Doctors usually find them during surgery to diagnose other problems. Some adhesions go away by themselves. If they partly block your intestines, a diet low in fiber can allow food to move easily through the affected area. If you have a complete intestinal obstruction, it is life threatening. You should get immediate medical attention and may need surgery. NIH: National Institute of Diabetes and Digestive and Kidney Diseases","Adhesions are bands of scar tissue that form between internal organs and attach to each other after surgery or inflammation/infection in the abdomen. They can cause pain, obstructive symptoms, infertility, bowel obstruction, etc., depending upon their location and severity.","Yes, if tissues in your body stick together or adhere to each other post an injury or surgery, this can lead to what's known medically as ""adhesions."" These fibrous bands form between damaged tissues and organs within the abdomen during the healing process. They may cause discomfort or complications depending on their location and severity.","Postoperative adhesions occur when internal organs or tissues stick together after being separated during surgery due to inflammation from injury caused by trauma of surgical instruments, sutures, foreign materials like gauze left behind accidentally, drying blood clots, etc., leading to scar-like connections between them. They differ slightly but fundamentally resemble other types of fibrotic (scar) band formation as both involve an overproduction of collagen that connects adjacent structures; however, while normal healing results in localized scars without significant impact on function, extensive adhesiolysis can lead to complications such as bowel obstruction or chronic pain depending upon their location and severity.",0.329063245607562,0.3336404742816692,0.5796500512122689,14.967491501270883,15.840706704132298,26.44095139895341,17.142857142857142,12.355212355212352,11.76470588235294,21.22448979591837,23.93822393822393,23.52941176470588,0.0,0.0,0.0,5.319148936170213,12.76595744680851,7.446808510638298,26.31578947368421,50.0,15.217391304347828,8.849557522123893,20.338983050847457,10.0,0.8608062863349915,0.8528223633766174,0.8377708792686462,1.0,0.4365291595458984,0.4739796817302704,5,4,3
Phi-3-medium-4k-instruct (4bit),phi3_14b_4bit.yaml,4bit,layperson,12,Do you have information about Adoption,"do u have any info or stuff abt, like, when a kid gets taken in by another family n how that all works maybe?",What information can you provide about children being adopted by new families and what processes does adoption involve?,"Summary : Adoption brings a child born to other parents into a new family. Birth parents have a number of reasons for placing children for adoption. Overall, they want better lives for their children than they think they can give them. Children who are eligible for adoption come from many different settings. Some are in foster care, a temporary home setting. Other children live in orphanages or with birth relatives until they can be adopted. There are different kinds of adoption. Children may be adopted by a relative or a new family. Some parents adopt children from the U.S, and some adopt from abroad.","Yes, adoption is a legal process where an individual or couple becomes the parent(s) of someone else's child through a court procedure that permanently transfers all rights from the biological parents to the adoptive ones. It can be domestic (within one country), international (between countries), public/foster care system-based, private agency facilitated, independent, stepchild, adult, etc., depending upon various factors like eligibility criteria, laws in place, preferences, needs, circumstances involved among others. The primary aim behind it often includes providing stable family environments for children who cannot live with their birth families due to reasons such as abuse, neglect, death of parents, financial issues, health concerns, disabilities, substance misuse problems, criminal activities, mental illnesses, unwillingness by some young mothers towards motherhood at early ages, infertility faced by prospective parents seeking alternative means to build families amongst other scenarios necessitating intervention via this route. However, each case varies significantly making generalizations difficult without specific context provided within queries directed toward understanding them better individually rather than collectively en masse across diverse situations globally encountered daily worldwide involving countless unique human stories unfolding continuously over time throughout history till present day into future generations yet unborn awaiting opportunities life offers everyone irrespective offspring status thereof whether born naturally conceived artificially created surrogacy assisted don","Yes, this process is known as adoption. Adoption involves legally transferring parental rights from biological parents to adoptive ones through an extensive legal procedure which varies depending upon jurisdiction but generally includes home studies, background checks, court hearings etc., with best interests of child being paramount consideration throughout proceeding.","Adoption is a legal process whereby individuals or couples become legally recognized as the parents of someone else's child who has been permanently removed from their birth family for various reasons such as abuse, neglect, abandonment, etc., with consent given either voluntarily (open) or involuntary (closed). The primary goal of an adoptive placement is to create stable, loving homes that meet all aspects of developmental needs in order to promote optimal growth throughout life. 

The general steps involved include application/home study evaluation; matching with a waiting child if applicable; training sessions covering topics like trauma-informed care, attachment issues, cultural competency among others; postplacement visits after finalization which may continue until state requirements have been met; and finally court hearings leading up to issuance of permanent orders establishing parentage rights between the adoptive parents and the child(ren), thereby making them full members of the household both emotionally and legally. It should be noted however that specific procedures vary depending upon jurisdiction and type of adoption pursued - domestic vs international, public agencies versus private entities, foster care system integration, openness levels regarding contact with biological relatives, etc.",0.8081792265578559,0.7097725479153802,0.917490165536531,31.767902470803435,22.620887234549425,34.64956647062164,9.18032786885246,8.275862068965518,8.664259927797834,21.639344262295083,12.413793103448276,21.660649819494584,0.0,0.0,0.0,32.432432432432435,8.108108108108109,27.027027027027028,12.76595744680851,18.75,12.987012987012983,18.3206106870229,11.320754716981131,17.543859649122805,0.8278175592422485,0.8447589874267578,0.8363927006721497,0.9999998807907104,0.5078020691871643,0.8272669315338135,3,4,2
Phi-3-medium-4k-instruct (4bit),phi3_14b_4bit.yaml,4bit,incomplete,13,What is (are) Adrenal Gland Cancer ?,"wht is that kinda cancer in the little glands on top the kidneys, like what does it even mean ?",What type of cancer affects the adrenal glands located above the kidneys?,"Your adrenal, or suprarenal, glands are located on the top of each kidney. These glands produce hormones that you can't live without, including sex hormones and cortisol, which helps you respond to stress and has many other functions. A number of disorders can affect the adrenal glands, including tumors. Tumors can be either benign or malignant. Benign tumors aren't cancer. Malignant ones are. Most adrenal gland tumors are benign. They usually do not cause symptoms and may not require treatment. Malignant adrenal gland cancers are uncommon. Types of tumors include - Adrenocortical carcinoma - cancer in the outer part of the gland - Neuroblastoma, a type of childhood cancer - Pheochromocytoma - a rare tumor that is usually benign Symptoms depend on the type of cancer you have. Treatments may include surgery, chemotherapy, or radiation therapy.","Adrenal gland cancer refers to rare tumors that develop in one or both adrenal glands located above each kidney. These can be benign (non-cancerous), like an adenoma, or malignant (cancerous). The most common type of adrenal gland cancer is called adrenocortical carcinoma which originates from cortisol producing cells within the cortex layer of the adrenal gland. Treatment options may include surgery, radiation therapy, chemotherapy, hormone therapy, targeted drug therapsy, immunotherapy, depending upon stage and individual patient factors. Early detection improves prognosis significantly but unfortunately due its rarity it's often diagnosed at later stages when symptoms become apparent such as abdominal pain, unexplained weight loss etc., making treatment more challenging. Regular checkups with your healthcare provider help monitor overall wellbeing and detect any potential issues early. Always consult with a specialist for accurate information tailored specifically towards you. 

Remember this response does not replace professional advice; always seek guidance from qualified professionals regarding personalized care plans.","The type of cancer you're referring to occurs in the adrenal glands located above each kidney; this condition is known as Adrenocortical Carcinoma (ACC). It involves malignant growth within these small endocrine organs responsible for producing vital hormones such as cortisol, aldosterone, and sex steroids. ACC can lead to various symptoms depending upon which hormonal pathways are affected by tumor activity or excessive production due to its presence. Treatment options may include surgery, radiation therapy, chemotherapy, targeted drug therapards, or participation in clinical trials exploring new treatments. Early detection improves treatment outcomes significantly.",Adrenocortical carcinoma is the primary malignant tumor that originates in the cortex (outer layer) of the adrenal gland which can lead to cancerous growth above the kidneys.,5.813845973108306,4.483218035743346,0.1057750191896022,46.29128881794468,38.97258223510136,13.624284184641509,17.328519855595665,16.589861751152075,8.108108108108109,33.935018050541515,32.25806451612904,18.91891891891892,0.0,0.0,0.0,25.0,19.642857142857142,8.928571428571429,19.444444444444446,24.444444444444443,41.66666666666667,21.875000000000004,21.782178217821784,14.705882352941178,0.8589259386062622,0.8638166189193726,0.862235963344574,0.9999998807907104,0.6013485789299011,0.8057332038879395,4,4,4
Phi-3-medium-4k-instruct (4bit),phi3_14b_4bit.yaml,4bit,overgeneralization,14,What is (are) Adrenal Gland Disorders ?,"what are the diff kinds of hormone gland problems in the body, esp the little ones by the kidneys, and how do those issues usually mess you up or make you feel off ?","What types of endocrine disorders affect small glands near the kidneys (e.g., adrenal), their symptoms, and potential health impacts?","The adrenal glands are small glands located on top of each kidney. They produce hormones that you can't live without, including sex hormones and cortisol. Cortisol helps you respond to stress and has many other important functions. With adrenal gland disorders, your glands make too much or not enough hormones. In Cushing's syndrome, there's too much cortisol, while with Addison's disease, there is too little. Some people are born unable to make enough cortisol. Causes of adrenal gland disorders include - Genetic mutations - Tumors including pheochromocytomas - Infections - A problem in another gland, such as the pituitary, which helps to regulate the adrenal gland - Certain medicines Treatment depends on which problem you have. Surgery or medicines can treat many adrenal gland disorders. NIH: National Institute of Child Health and Human Development","Adrenal gland disorders include conditions such as Addison's disease, Cushing's syndrome, adrenal cancer, congenital adrenal hyperplasia, pheochromocytoma, primary aldosteronism or Conn’s Syndrome, among others. These can result from overproduction of hormones by one or both adrenal glands or under-functioning due to damage/injury. Treatment depends upon specific diagnosis but may involve medication, lifestyle changes, surgery etc., depending on severity & type of condition.","The small endocrine organ near your kidneys is called an adrenal gland; it can have various disorders such as Addison's disease (adrenal insurighty), Cushing’s syndrome (excess cortisol production), pheochromocytoma (tumor causing excess catecholamines). Symptoms vary but may include fatigue, muscle weakness, mood changes, high blood pressure, weight gain/loss, etc., depending upon which hormones are affected. Always consult with healthcare professionals for accurate diagnosis & treatment options.","Adrenocortical insufficiency is an example of an endocrine disorder that can affect the adrenal glands located above each kidney. Symptoms include fatigue, muscle weakness, loss of appetite, weight loss, abdominal pain, low blood pressure leading to dizziness or fainting upon standing up too quickly, salt craving due to sodium depletion, hyperpigmentation in some cases, nausea, vomiting, diarrhea, irritability, anxiety, confusion, joint pains, headaches, mood changes such as depression; decreased sexual desire for both men & women; difficulty concentrating, memory impairments, inflammations/infections throughout body including skin rashes etc.; hypoglycemia which may cause shakiness, sweaty palms, rapid heartbeat, hunger, blurred vision among others. 

Potential long-term effects if left untreated could be severe electrolyte imbalances causing cardiac arrhythmias, shock, organ failure, increased susceptibility to stressors like illness or injury resulting in life threatening Addisonian crisis characterized by sudden penetrating chest pain radiating outward accompanied with shortness of breath, feverish feeling followed rapidly by collapse into coma potentially fatal without immediate treatment through intra",2.375856010995426,1.0553031270118376,1.674682685366534,31.067866636813264,29.41013470670453,34.510122471825866,14.358974358974358,11.28205128205128,11.149825783972126,28.717948717948715,24.615384615384617,20.20905923344948,0.0,0.0,0.0,15.789473684210526,12.280701754385964,7.017543859649122,25.71428571428571,19.444444444444446,4.761904761904762,19.565217391304348,15.053763440860212,5.673758865248227,0.8570720553398132,0.8512600064277649,0.815258800983429,1.0,0.5124713182449341,0.6693820953369141,4,4,2
Phi-3-medium-4k-instruct (4bit),phi3_14b_4bit.yaml,4bit,typos_grammar,15,Do you have information about Advance Directives,"Do u have any informaiton abotu Advance Directvies, like what it is an how they work ?","What information can you provide about advance directives, including their definition and functionality?","Summary : What kind of medical care would you want if you were too ill or hurt to express your wishes? Advance directives are legal documents that allow you to spell out your decisions about end-of-life care ahead of time. They give you a way to tell your wishes to family, friends, and health care professionals and to avoid confusion later on. A living will tells which treatments you want if you are dying or permanently unconscious. You can accept or refuse medical care. You might want to include instructions on - The use of dialysis and breathing machines - If you want to be resuscitated if your breathing or heartbeat stops - Tube feeding - Organ or tissue donation A durable power of attorney for health care is a document that names your health care proxy. Your proxy is someone you trust to make health decisions for you if you are unable to do so. NIH: National Cancer Institute","Yes, an advance directive is a legal document that outlines your preferences for future healthcare decisions in case of serious illness or incapacity when you cannot communicate them yourself. It often includes living wills (expressing treatment wishes) and durable power of attorney for health care designating someone to make decagesent decisions if needed.","Yes, advance directives (ADs) refer to legal documents that allow individuals to convey their decisions about end-of-life care ahead of time. They provide guidance for healthcare providers when patients become unable to communicate or make informed decisions due to illness or incapacity. There are two main types of ADs - living wills and durable power of attorney for healthcare. Living wills outline specific treatments one wishes to receive or avoid; while Durable Power of Attorney allows another person (a proxy/agent), usually trusted family members or friends, to make treatment decisions if you're unconscious or mentally impaired. These tools ensure your preferences regarding life support measures, pain management, organ donation etc., are respected even during critical situations wherein communication might be impossible. It’s recommended everyone discusses these matters with loved ones & creates such plans as per personal belief systems and values. Always consult local laws since regulations may vary by location.",Advance Directives are legal documents that allow individuals to convey their decisions regarding healthcare in case they become unable to make such decisions due to illness or incapacity. They include living wills which outline treatment preferences for end-of-life care; durable powers of attorney for healthcare appointing someone else (a proxy) to make healthcare decisions when one is not able; do-not-resuscitate orders indicating whether cardiopulmonary resuscitation should be performed if heartbeat/breathing stops; and Physician Orders for Life-Sustaining Treatment forms detailing specific interventptaions desired by an individual at various stages of critical illnesses. These tools ensure patient autonomy over personal health choices even during periods where patients cannot communicate those wishes themselves.,2.1818084232478294,11.077129058489708,4.235744602452485,27.094438433732016,45.4563772930469,42.74127485139704,20.689655172413797,22.950819672131143,18.045112781954884,25.615763546798032,37.37704918032787,31.57894736842105,0.0,0.0,0.0,15.0,30.0,26.666666666666668,50.0,27.27272727272727,32.6530612244898,23.07692307692308,28.57142857142857,29.357798165137616,0.8711965680122375,0.8674198985099792,0.867496132850647,0.9999999403953552,0.3716906011104584,0.9403140544891356,4,5,4
Phi-3-medium-4k-instruct (4bit),phi3_14b_4bit.yaml,4bit,ambiguity,16,Do you have information about African American Health,"Do you have any info on health stuff for Black people, like the kinds of problems that come up more or things they should watch for?","What specific health issues commonly affect African Americans, and what preventive measures can help address these conditions?","Summary : Every racial or ethnic group has specific health concerns. Differences in the health of groups can result from - Genetics - Environmental factors - Access to care - Cultural factors On this page, you'll find links to health issues that affect African Americans.","Yes, there is significant research indicating that African Americans face health disparities due to various factors such as socioeconomic status, accessibility of quality care, environmental exposures, genetic predispositions, cultural barriers, discrimination in healthcare settings, stress from racial bias, etc., which contribute to higher rates of certain diseases like hypertension, diabetes mellitus type 2, obesity, asthma, prostate cancer among others compared with other ethnic groups. Efforts continue globally towards reducing these gaps through policy changes, community outreach programs, education initiatives, improved data collection for better understanding, culturally competent care practices, addressing social determinants of health, amongst many strategies aimed at achieving equitable healthcare delivery across all populations.","Yes, certain health conditions can be more prevalent in African American communities due to genetic factors, social determinants of health, accessibility issues, etc., including hypertension (high blood pressure), type 2 diabetes mellitus, sickle cell anemia, prostate cancer among men, breast cancer at younger ages amongst women, heart disease, stroke, obesity-related complications such as sleep apnea, kidney diseases, coloreardisease, maternal mortality rates during childbirth being higher compared with other racial groups. Regular screenings, maintaining a balanced diet rich in fruits, vegetables, whole grains, lean proteins; regular physical activity; avoidance of smoking/tobacco use; moderate alcohol consumption if applicable; stress management techniques; routine checkups focusing on early detection & prevention strategies could help manage these risks effectively. It's important each individual consult their primary care provider who understands personalized risk profiles best.","Specific health issues that disproportionally impact African Americans include hypertension (high blood pressure), type 2 diabetes mellitus, stroke, obesity-related complications such as heart disease, certain types of cancer like prostate and breast cancer in men and women respectively, sickle cell anemia, asthma, and kidney diseases including end-stage renal disease. Preventative measures to mitigate these conditions involve regular physical activity; maintaining a balanced diet low in sodium, saturated fats, trans fatty acids, cholesterol, added sugars, refined carbohptaides, and high in fiber; routine screenings for early detection of chronic illnesses; smoking cessation programs; stress management techniques; community education initiatives focusing on lifestyle modifications; vaccination against influenza and pneumococcal bacteria which may exacerbate underlying respiratory or cardiovascular problems; accessibility to quality prenatal care especially relevant for pregnancy-induced hypertensive disorders common among this demographic group; genetic counseling where appropriate particularly concerning hereditary conditions like sickle cell trait/disease; and ensuring equitable access to comprehensive healthcare services across socioeconomic strata within communities with significant populations identifying as Black or African American",0.968215581233122,0.4362423294936554,1.1432945394993537,33.50690405948997,27.4224719726701,26.75238024522833,8.21917808219178,7.0588235294117645,8.653846153846152,23.28767123287671,15.294117647058822,15.384615384615383,0.0,0.0,0.0,31.25,25.0,12.5,10.869565217391305,6.0606060606060606,2.3255813953488373,16.129032258064516,9.75609756097561,3.921568627450981,0.8555833101272583,0.8317504525184631,0.8208449482917786,1.0,0.794005274772644,0.7268238067626953,3,4,2
Phi-3-medium-4k-instruct (4bit),phi3_14b_4bit.yaml,4bit,layperson,17,What is (are) After Surgery ?,"what all can happn after you get somthing done at the hospitol, like after they fix stuff and your home agian ?",What complications could arise following hospital procedures?,"After any operation, you'll have some side effects. There is usually some pain with surgery. There may also be swelling and soreness around the area that the surgeon cut. Your surgeon can tell you which side effects to expect. There can also be complications. These are unplanned events linked to the operation. Some complications are infection, too much bleeding, reaction to anesthesia, or accidental injury. Some people have a greater risk of complications because of other medical conditions. Your surgeon can tell you how you might feel and what you will be able to do - or not do - the first few days, weeks, or months after surgery. Some other questions to ask are - How long you will be in the hospital - What kind of supplies, equipment, and help you might need when you go home - When you can go back to work - When it is ok to start exercising again - Are they any other restrictions in your activities Following your surgeon's advice can help you recover as soon as possible. Agency for Healthcare Quality and Research","Postoperative care refers to the management of patients after surgical procedures. It includes pain control, wound care, monitoring for complications such as infection or bleeding, respiratory exercises if needed, early mobilization, nutrition support, psychological assistance, patient education about self-care at home, follow up appointments with healthcare providers, medication adjustment when necessary, physical therapy sessions depending upon type of operation performed etc. The goal is to promote healing, prevent postoperative complications, manage symptoms effectively while ensuring optimal recovery outcomes.","After undergoing surgery or treatment in the hospital, possible outcomes include recovery with improved health conditions, potential complications requiring further intervention, rehabilitation for physical therapy needs, follow-up appointments to monitor progress, medication management, lifestyle adjustments, support groups/counseling if needed, and regular checkups as part of postoperative care. The specifics depend greatly upon individual circumstances including type of procedure performed, overall patient's health status beforehand, age, adherence to prescribed treatments & recommendations etc. Always consult directly with one’s own physician regarding personalized expectations from any given medical process.",Complications from hospital procedures can include infections at incision sites or catheter insertion points; adverse reactions to anesthesia such as respiratory issues or allergic responses; blood clots leading to deep vein thrombosis (DVT) or pulmonary embolism (PE); organ damage due to surgical errors; postoperative bleeding; pain management challenges resulting in chronic discomfort or opioid dependency; unintended injuries during invasive diagnostics like biopsies; delayed wound healing which may lead to further interventions; psychological impacts including anxiety about health outcomes; readmission for additional treatment if initial recovery is not successful; and potential exacerbation of existing conditions caused by stressors associated with hospitalization. It's important that patients follow their care plan closely after leaving the hospital to minimize these risks.,0.5662844907521317,0.9854877050325116,0.7483920192411639,29.298659248529837,29.997623666552208,32.700885223066,7.2289156626506035,6.153846153846154,7.612456747404845,16.06425702811245,14.615384615384617,20.761245674740483,0.0,0.0,0.0,14.0625,7.8125,9.375,20.930232558139537,11.627906976744184,10.714285714285714,16.822429906542055,9.345794392523366,10.0,0.8358548283576965,0.8335200548171997,0.8322213292121887,1.0,0.2722005844116211,0.478263258934021,4,4,3
Phi-3-medium-4k-instruct (4bit),phi3_14b_4bit.yaml,4bit,incomplete,18,Do you have information about Air Pollution,do u have any info on bad air stuff and what it can do?,What health effects can exposure to poor indoor air quality cause?,"Summary : Air pollution is a mixture of solid particles and gases in the air. Car emissions, chemicals from factories, dust, pollen and mold spores may be suspended as particles. Ozone, a gas, is a major part of air pollution in cities. When ozone forms air pollution, it's also called smog. Some air pollutants are poisonous. Inhaling them can increase the chance you'll have health problems. People with heart or lung disease, older adults and children are at greater risk from air pollution. Air pollution isn't just outside - the air inside buildings can also be polluted and affect your health. Environmental Protection Agency","Yes, air pollution refers to harmful substances released into Earth's atmosphere that cause diseases in humans or other living organisms, damage ecosystem functions, or reduce visibility (haze). Common sources include industrial activities, transportation emissions, burning of fossil fuels for energy production, agricultural practices, waste treatment processes, residential wood-burning stoves/fireplaces, wildfires, etc. Long term exposure can lead to respiratory issues like asthma, lung cancer, cardiovascular disease among others. Reducing these risks involves regulatory measures, cleaner technologies, sustainable urban planning, individual actions such as using public transit over personal vehicles when possible, plant trees which absorb CO2, recycle properly, use less electricity by turning off lights & electronics not being used, etc. It is an important global health issue addressed through various international agreements including Paris Agreement under United Nations Framework Convention on Climate Change(UNFCCC) aimed at reducing greenhouse gas concentrations from human activity back down towards preindustrial levels.","Yes, exposure to poor or polluted indoor/outdoor air quality is associated with various health issues such as respiratory problems (asthma, bronchitis), cardiovascular diseases, allergies, lung cancer, stroke, chronic obstructive pulmonary disease (COPD) among others. It's important for individuals to ensure good ventilation in their living spaces and reduce sources of indoor pollution like smoking inside homes. Outdoors, supporting policies that aim at reducing emissions from vehicles and industries could help improve overall air quality. Regular monitoring by environmental agencies also plays an essential role in maintaining safe levels of outdoor air contaminants.","Exposure to poor indoor air quality may lead to respiratory issues such as asthma or allergies; it might also contribute to headaches, fatigue, eye irritation, sinus congestion, coughing, sneezing, dizziness, nausea, difficulty concentrating, heart disease, lung cancer, and in severe cases even death due to chronic conditions like COPD (Chronic Obstructive Pulmonary Disease).",0.9132505594197248,0.7303518835646648,0.8700906789558014,30.96095607485517,34.37760235413918,20.50484005792396,8.064516129032258,11.458333333333334,10.526315789473683,14.516129032258066,28.125,14.473684210526317,0.0,0.0,0.0,6.25,10.416666666666668,2.083333333333333,4.411764705882353,10.638297872340424,3.225806451612903,5.172413793103448,10.526315789473683,2.5316455696202533,0.8350518345832825,0.845779299736023,0.832968533039093,0.9999998807907104,0.6020172238349915,0.5686542391777039,3,4,4
Phi-3-medium-4k-instruct (4bit),phi3_14b_4bit.yaml,4bit,overgeneralization,19,Do you have information about Alcohol,do you have any info on things people use or drink and how that,What information is there about substances consumed by individuals through ingestion?,"Summary : If you are like many Americans, you drink alcohol at least occasionally. For many people, moderate drinking is probably safe. It may even have health benefits, including reducing your risk of certain heart problems. For most women and for most people over 65, moderate drinking is no more than three drinks a day or seven drinks per week. For men under 65, it is no more than four drinks a day or 14 drinks per week. Some people should not drink at all, including alcoholics, children, pregnant women, people taking certain medicines, and people with certain medical conditions. If you have questions about whether it is safe for you to drink, speak with your health care provider. Anything more than moderate drinking can be risky. Heavy drinking can lead to alcoholism and alcohol abuse, as well as injuries, liver disease, heart disease, cancer, and other health problems. It can also cause problems at home, at work, and with friends. NIH: National Institute on Alcohol Abuse and Alcoholism","Yes, alcohol is an addictive substance that can lead to physical dependence when consumed excessively over time. It affects various body systems including neurological functioning which may result in impaired judgment, coordination issues, liver disease (like cirrhosis), cardiovascular problems, gastrointestinal disorders, mental health conditions like depression or anxiety, among others. Moderate consumption might not cause severe harm but chronic misuse poses significant risks for overall well-being. Treatment options include behavioral therapies, medications such as naltrexone, acamprosate, topiramate, etc., along with support groups/programs. Always consult your doctor before starting any treatment regimen. Remember prevention through moderation remains key!","Yes, there is extensive information available regarding substances consumed by individuals which can impact health positively (like water for hydration) or negatively (such as alcohol leading to liver damage). It's important always to consult with a healthcare provider before starting new supplements or making significant changes in dietary habits due to potential interactions or side effects.","Substances that can be intentionally or unintentionally ingested include foods (nutrients), medications/drugs (prescription, over-the-counter, recreational drugs like alcohol, nicotine from tobacco products) which may have therapeutic effects but also potential for abuse leading to addiction; some household chemicals if mistakenly swallowed due to their availability in homes. Ingestion route of administration affects absorption rate into bloodstream with varying impact depending upon specific properties of each substance such as solubility, pH level etc., potentially causing harmful physiological responses including poisoning symptoms ranging mild gastrointestinal distress up till life threatening conditions requiring immediate emergency care.",1.6567884815300622,0.1389436709856345,0.5572833261266541,29.556940222634957,17.618362903180273,26.349817757372502,8.333333333333334,8.108108108108109,7.662835249042145,18.181818181818183,13.513513513513514,16.091954022988507,0.0,0.0,0.0,6.666666666666667,2.666666666666667,2.666666666666667,9.803921568627452,8.0,4.3478260869565215,7.936507936507938,4.0,3.3057851239669414,0.8290948271751404,0.8290570974349976,0.808375895023346,1.0,0.6680300831794739,0.5130303502082825,3,2,2
Phi-3-medium-4k-instruct (4bit),phi3_14b_4bit.yaml,4bit,typos_grammar,20,What is (are) Alcoholism and Alcohol Abuse ?,"What is alchoholism and alchohol abuse, are they the same thing or not ?",Are alcoholism and alcohol abuse different conditions?,"For most adults, moderate alcohol use is probably not harmful. However, about 18 million adult Americans have an alcohol use disorder. This means that their drinking causes distress and harm. It includes alcoholism and alcohol abuse. Alcoholism, or alcohol dependence, is a disease that causes - Craving - a strong need to drink - Loss of control - not being able to stop drinking once you've started - Physical dependence - withdrawal symptoms - Tolerance - the need to drink more alcohol to feel the same effect With alcohol abuse, you are not physically dependent, but you still have a serious problem. The drinking may cause problems at home, work, or school. It may cause you to put yourself in dangerous situations, or lead to legal or social problems. Another common problem is binge drinking. It is drinking about five or more drinks in two hours for men. For women, it is about four or more drinks in two hours. Too much alcohol is dangerous. Heavy drinking can increase the risk of certain cancers. It can cause damage to the liver, brain, and other organs. Drinking during pregnancy can harm your baby. Alcohol also increases the risk of death from car crashes, injuries, homicide, and suicide. If you want to stop drinking, there is help. Start by talking to your health care provider. Treatment may include medicines, counseling, and support groups. NIH: National Institute on Alcohol Abuse and Alcoholism","Alcoholism, also known as alcohol use disorder or addiction, refers to an inability to manage drinking habits despite adverse social, occupational, physical, emotional consequences of excessive consumption. It involves both psychological dependence—craving for more alcohol due to its pleasurable effects—and physiological tolerance where increasing amounts of alcohol are needed over time to achieve similar intoxication levels. 

Alcohol abuse describes patterns of harmful usage that may not meet all criteria necessary for diagnosing alcoholism but still result in significant impairment or distress. This can include recurrent hazardous situations while under influence such as driving accidents; legal problems related to alcohol misconrights like DUI charges; persistent interpersonal issues stemming from repeated neglected responsibilities at work/home because of prioritizing substances above other obligations etc., which do not necessarily involve dependency symptoms seen with full-blown alcoholism. Both conditions require professional help through counseling, support groups, medications if required, lifestyle changes among others depending upon severity & individual needs.",Alcoholism refers to an addiction characterized by uncontrolled drinking despite negative consequences; alcohol abuse involves harmful use of alcohol that may lead to dependence but doesn't necessarily include physical dependency like in alcoholism. They overlap yet aren't identical concepts - one can have alcohol abuse without being fully dependent as seen with alcoholism.,"Yes, they differ in severity; alcohol use disorder encompasses both alcoholism (severe dependence) and less severe forms of misuse or abuse without physical dependency.",1.344643231822393,0.0655609649025187,0.0013546624542721,37.62026557330218,17.689976505315506,8.407808147628323,14.814814814814811,9.454545454545457,6.5040650406504055,32.27513227513228,20.36363636363636,8.94308943089431,0.0,0.0,0.0,19.090909090909093,10.0,3.636363636363636,27.631578947368425,50.0,40.0,22.580645161290324,16.666666666666668,6.666666666666667,0.8483098745346069,0.8374004364013672,0.8339365720748901,1.0,0.7763404846191406,0.8236678838729858,4,4,4
Phi-3-medium-4k-instruct (4bit),phi3_14b_4bit.yaml,4bit,ambiguity,21,What is (are) Allergy ?,"when your body acts up around certain stuff and you get weird reactions, what is that whole thing actually?",What causes my body's unusual responses to specific substances or triggers?,"An allergy is a reaction by your immune system to something that does not bother most other people. People who have allergies often are sensitive to more than one thing. Substances that often cause reactions are - Pollen - Dust mites - Mold spores - Pet dander - Food - Insect stings - Medicines Normally, your immune system fights germs. It is your body's defense system. In most allergic reactions, however, it is responding to a false alarm. Genes and the environment probably both play a role. Allergies can cause a variety of symptoms such as a runny nose, sneezing, itching, rashes, swelling, or asthma. Allergies can range from minor to severe. Anaphylaxis is a severe reaction that can be life-threatening. Doctors use skin and blood tests to diagnose allergies. Treatments include medicines, allergy shots, and avoiding the substances that cause the reactions. NIH: National Institute of Allergy and Infectious Diseases","An allergy is an immune system response to foreign substances that are typically harmlard for most people but cause reactions in sensitive individuals due to their body's overreaction. Common allergens include pollen, pet dander, certain foods, insect stings or medications. Symptoms can range from mild such as sneezing or itchiness, to severe like difficulty breathing which may require immediate treatment with antihistamines, corticosteroids, epinephrine shots etc., depending upon severity of reaction known as anaphylaxis.","That condition could be an allergic reaction or sensitivity to specific substances known as allergens (e.g., pollen, pet dander). The immune system mistakenly identifies these harmless substances as threats and releases chemicals like histamines into the bloodstream, causing symptoms such as sneezing, itchiness, hives, swelling, etc. It's essential for individuals experiencing unusual bodily responses after exposure to particular items to consult with healthcare professionals who can provide accurate diagnosis and treatment options through allergy testing if necessary.","Allergies cause your body’s immune system to react abnormally to certain allergens such as pollen, pet dander, food items like peanuts, dust mites etc., leading to symptoms ranging from mild (like sneezing) to severe reactions (such as anaphylaxis). The exact reason why some people develop these sensitivities is not fully understood but it involves complex interactions between genetic factors and environmental exposures.",1.8754387642508303,1.731506555597872,0.9893749914696748,33.13130657990901,32.047656138042164,26.678466993119464,22.96650717703349,16.9811320754717,17.17171717171717,35.406698564593306,25.471698113207548,30.303030303030305,0.0,0.0,0.0,23.943661971830984,12.676056338028168,15.492957746478872,48.57142857142857,25.71428571428571,37.93103448275862,32.075471698113205,16.9811320754717,22.0,0.8649202585220337,0.8559186458587646,0.8729013800621033,1.0,0.4340211749076843,0.3438946008682251,4,5,5
Phi-3-medium-4k-instruct (4bit),phi3_14b_4bit.yaml,4bit,layperson,22,What is (are) Alpha-1 Antitrypsin Deficiency ?,"what is that inherted thing where your body doesnt make enough of some protien to protect the lungs n maybe liver too, like why do ppl get it and what does it even do ?",What causes hereditary angioimmunopathy purpura (HAIP) type I deficiency affecting lung protection?,"Alpha-1 antitrypsin deficiency (AAT deficiency) is an inherited condition that raises your risk for lung and liver disease. Alpha-1 antitrypsin (AAT) is a protein that protects the lungs. The liver makes it. If the AAT proteins aren't the right shape, they get stuck in the liver cells and can't reach the lungs. Symptoms of AAT deficiency include - Shortness of breath and wheezing - Repeated lung infections - Tiredness - Rapid heartbeat upon standing - Vision problems - Weight loss Some people have no symptoms and do not develop complications. Blood tests and genetic tests can tell if you have it. If your lungs are affected, you may also have lung tests. Treatments include medicines, pulmonary rehab, and extra oxygen, if needed. Severe cases may need a lung transplant. Not smoking can prevent or delay lung symptoms. NIH: National Heart, Lung, and Blood Institute",Alpha-1 antitrypsin deficiency is an inherited condition that can cause lung disease in adults and liver disease at any age; it results from low levels or absence of alpha-1 antitrypsin protein which protects tissues from enzyme damage caused by inflammation.,"Cystic fibrosis (CF) could be an inherited condition you're referring to; however, CF primarily affects the respiratory system but can also impact other organs such as pancreas or intestines due to thick mucus production caused by mutations in the cystic fibrospta gene which leads to dysfunctional protein called CFTR responsible for regulating salt balance across cell membranes. People inherit this disease when they receive two defective copies of the gene from their parents - one copy each. The faulty CFTR proteins disrupt normal functioning leading to symptoms associated with CF including lung damage over time because of persistent bacterial infections and blockages within airways. Treatment focuses mainly on managing these complications through medication, physiotherapy, nutritional support among others aiming at improving quality of life rather than curing the underlying genetic cause since no definitive treatment exists yet.","Hereditary Angioedema with Normal C1 Esterase Inhibitor Levels Type 1 Deficiency is caused by mutations in the Factor XII gene leading to insufficient production of functional factor XII protein which plays an essential role in blood clotting; however, it does not directly cause HAE but may be associated due to similar clinical presentations involving swelling episodes that can include lungs among other areas. The primary defect lies within SERPING1 or CFTR genes for types II & III respectively causing dysfunctional regulation of bradykinin release contributing to increased vascilibity permeability manifesting as recurrent edematous attacks including potentially life-threatening airway obstruction if untreated promptly.",0.8257244187519943,1.7593394963378772,0.8224723913775317,20.22873227207397,34.597897048171745,28.973016013597235,19.54022988505747,8.333333333333332,8.620689655172415,25.28735632183908,16.666666666666664,15.517241379310343,0.0,0.0,0.0,11.940298507462686,11.940298507462686,4.477611940298507,42.10526315789473,12.307692307692308,7.5,18.6046511627907,12.12121212121212,5.6074766355140175,0.8640556931495667,0.8308950066566467,0.8123838305473328,1.0,0.3786769509315491,0.4573946595191955,4,1,1
Phi-3-medium-4k-instruct (4bit),phi3_14b_4bit.yaml,4bit,incomplete,23,What is (are) Alzheimer's Caregivers ?,"what are the people who take care of someone like this with bad memory stuff called, and what do they even do for them?","What are healthcare professionals specializing in dementia care called, and how can they assist patients experiencing significant memory loss?","Caring for someone who has Alzheimer's disease (AD) can be stressful and overwhelming. It's important to take care of yourself. Ask for and accept help. Talk to the doctor. Find out what treatments might help control symptoms or address behavior problems. Find a support group. Others who have ""been there"" may be able to help and will understand. If there are times of day that the person is less confused or more cooperative, take advantage of that in daily routines. Consider using adult day care or respite services. These offer a break with the peace of mind that the patient is being taken care of. Begin to plan for the future. This may include - Getting financial and legal documents in order - Looking into assisted living or nursing homes - Finding out what your health insurance and Medicare will cover NIH: National Institute on Aging","An Alzheimer’s caregiver is an individual who provides physical or emotional support to someone with Alzheimer's disease, often assisting in daily activities such as bathing, dressing, meal preparation, medication management, transportation, companionship, communication assistance, etc., while also offering patience, understanding, empathy, encouragement, reassurance, safety measures, stimulation through social interaction/activities, maintaining routines & structure for comfort, monitoring health changes, seeking professional help when needed, among other responsibilities that may arise during different stages of dementia progression. This role can be filled by family members, friends, professionals like home-care workers or nurses, volunteers from community organizations, respite services providers, etc. It requires significant time commitments, adaptability, resilience, selflessness, compassionate endurance, continuous learning about the condition, coping strategies, stress relief techniques, personal wellbeing maintenance practices, networking within local resources & communities, advocacy efforts, financial planning considerations, legal arrangements if necessary, bereavement counseling post patient demise; all aimed at ensuring optimal quality of life not just for patients but themselves too amidst challenging circumstances posed due to progressive nature of this neurodegenerative disorder affecting memory, cognition, behavior, personality traits over","Caregivers or family members often assist individuals experiencing cognitive decline due to conditions such as dementia or Alzheimer's disease. They provide support by managing daily activities, ensuring medication adherence, offering emotional comfort, facilitating social interaction, monitoring health changes, coordinating appointments with healthcare providers, implementing safety measures at home, engaging in mental stimulation exercises, maintaining routines, providing personalized communication strategies, advocating for their needs within the community, and seeking appropriate resources and respite services when needed.","Healthcare professionals who specialize in caring for individuals with dementia are often referred to as geriatricians or neurologists when focusing specifically on brain-related aspects of aging; however, there is also an emerging field known as ""dementia navigators"" that provides more tailored support services. These experts help manage symptoms through medication management, cognitive therapies, lifestyle adjustments, patient education, family counseling, and coordination of community resources aimed at improving quality of life for those affected by significant memory loss due to conditions like Alzheimer's disease and other forms of dementia.",0.9945289380201136,0.7372679129165473,1.4253424237510892,36.89880745167273,30.719679866716906,31.23795130610746,10.223642172523965,8.45070422535211,11.45374449339207,23.642172523961666,15.96244131455399,27.31277533039648,0.0,0.0,0.0,14.285714285714285,6.349206349206349,11.11111111111111,11.842105263157894,11.428571428571429,17.5,12.949640287769784,8.16326530612245,13.592233009708735,0.8258365392684937,0.8388458490371704,0.834783136844635,1.0,0.5579156279563904,0.6949193477630615,2,4,3
Phi-3-medium-4k-instruct (4bit),phi3_14b_4bit.yaml,4bit,overgeneralization,24,What is (are) Alzheimer's Disease ?,"what is that kind of old-age brain/memory problem where poeple get real forgetfull and confused over time, like is it just normal aging or some bigger mental health thing or what dose it even mean?","What type of progressive memory loss condition affects older adults causing significant confusion and disorientation, and how can we differentiate between typical age-related cognitive decline versus pathological conditions requiring intervention?","Alzheimer's disease (AD) is the most common form of dementia among older people. Dementia is a brain disorder that seriously affects a person's ability to carry out daily activities. AD begins slowly. It first involves the parts of the brain that control thought, memory and language. People with AD may have trouble remembering things that happened recently or names of people they know. A related problem, mild cognitive impairment (MCI), causes more memory problems than normal for people of the same age. Many, but not all, people with MCI will develop AD. In AD, over time, symptoms get worse. People may not recognize family members. They may have trouble speaking, reading or writing. They may forget how to brush their teeth or comb their hair. Later on, they may become anxious or aggressive, or wander away from home. Eventually, they need total care. This can cause great stress for family members who must care for them. AD usually begins after age 60. The risk goes up as you get older. Your risk is also higher if a family member has had the disease. No treatment can stop the disease. However, some drugs may help keep symptoms from getting worse for a limited time. NIH: National Institute on Aging","Alzheimer's disease is a progressive neurodegenerative disorder characterized by cognitive decline, memory loss, behavioral changes, and impaired daily functioning due to brain cell damage caused primarily by beta-amyloid plaques and tau tangles in the cortex of the brain. It typically affects individuals over 65 years old but can also occur earlier as early-onset Alzheimer’s disease. Currently, there is no cure for this condition; however, treatments focus on managing symptoms and improving quality of life.","The condition you're describing sounds like dementia, which includes Alzheimer’s disease as its most common form. It goes beyond typical age-related memory changes; people with this disorder experience significant cognitive decline affecting their daily life activities. Dementia can be caused by various diseases (like vascptaion) but isn't considered part of ""normal"" aging. Early diagnosis and management strategies may help improve quality of life for those affected. Always consult a doctor if such symptoms arise in yourself or others around you to receive appropriate care and support.","The type of progressive memory loss that significantly impacts older adults is Alzheimer's disease (AD). To distinguish AD from normal aging or other forms of dementia, clinicians use criteria such as those outlined in the Diagnostic and Statistical Manual of Mental Disorders (DSM) which include symptom duration, severity, functional impairments, and exclusion of reversible causes through comprehensive assessment including history taking, physical examination, neuroimaging, laboratory tests, and sometimes genetic testing if there’s suspicion for familial patterns like early-onset cases. Cognitive screenings with tools like MMSE or MoCA help quantify deficits beyond what would be expected due to standard aging processes. Early diagnosis allows timely management strategies aimed at slowing progression and maintaining quality of life.",0.5909479807293547,0.8011209890610103,1.9533200801569075,22.134092329340078,24.511458519238097,28.90350577334228,11.721611721611724,13.286713286713288,9.554140127388534,22.71062271062271,27.27272727272728,19.745222929936308,0.0,0.0,0.0,9.090909090909092,12.5,6.8181818181818175,25.806451612903224,27.500000000000004,14.634146341463412,13.445378151260504,17.1875,9.302325581395348,0.843996524810791,0.844315230846405,0.825957179069519,1.0,0.4827484786510467,0.4632225632667541,4,4,4
Phi-3-medium-4k-instruct (4bit),phi3_14b_4bit.yaml,4bit,typos_grammar,25,What is (are) Amblyopia ?,"what is amblyopai exactly , and how dose it affect the eye ?","What is amblyopia, and how does it impact vision?","Amblyopia, or ""lazy eye,"" is the most common cause of visual impairment in children. It happens when an eye fails to work properly with the brain. The eye may look normal, but the brain favors the other eye. In some cases, it can affect both eyes. Causes include - Strabismus - a disorder in which the two eyes don't line up in the same direction - Refractive error in an eye - when one eye cannot focus as well as the other, because of a problem with its shape. This includes nearsightedness, farsightedness, and astigmatism. - Cataract - a clouding in the lens of the eye It can be hard to diagnose amblyopia. It is often found during a routine vision exam. Treatment for amblyopia forces the child to use the eye with weaker vision. There are two common ways to do this. One is to have the child wear a patch over the good eye for several hours each day, over a number of weeks to months. The other is with eye drops that temporarily blur vision. Each day, the child gets a drop of a drug called atropine in the stronger eye. It is also sometimes necessary to treat the underlying cause. This could include glasses or surgery. NIH: National Eye Institute","Amblyopia, also known as ""lazy eye,"" refers to reduced vision in one or both eyes that cannot be corrected with glasses alone. It typically develops during early childhood when there's an imbalance between two eyes resulting from conditions such as strabismus (misaligned eyes), significant differences in prescription strength between the two eyes, or any obstruction of visual input like cataract. Early detection and treatment can help improve outcomes for individuals affected by amblyopia.","Amblyopia, also known as ""lazy eye,"" is an impairment of vision in one or both eyes that develops during infancy due to abnormal visual experience early in life. It occurs when nerve pathways between the brain and weaker-seeing eye aren't properly stimulated, causing reduced sharpness/clarity (acuity) even with corrective lenses. Common causes include strabismus (misaligned eyes), significant differences in refractive errors among the two eyes, or obstruction from cataracts. If untreated during childhood, this condition can lead to permanent loss of depth perception and binocular vision later in life. Treatments may involve patch therapy over the stronger eye(s) forcing use of the affected eye(s). Early detection through routine pediatric screenings greatly improves outcomes for individuals diagnosed with amblyopia.","Amblyopia, also known as ""lazy eye,"" is an ocular condition where one eye has reduced visual acuity that cannot be corrected with lenses alone because of abnormal visual development in childhood or early adolescence. It typically results from poor transmission of images to the brain due to factors like strabismus (misaligned eyes), significant differences in refractive error between the two eyes, or obstruction such as catarpta. This can lead to impaired depth perception and binocular vision since both eyes do not work together effectively. Treatment often involves correcting any underlying issues and may include patching the stronger eye to encourage use of the weaker eye during critical periods of visual development.",1.4990074537453806,4.297446706733845,3.915285939715977,23.002399336769685,37.06228022315786,32.99474761157227,12.648221343873518,18.06020066889632,18.1184668989547,28.458498023715418,36.78929765886287,36.93379790940766,0.0,0.0,0.0,15.18987341772152,24.050632911392405,22.78481012658228,36.36363636363637,32.758620689655174,34.61538461538461,21.428571428571427,27.73722627737226,27.480916030534356,0.8629864454269409,0.8707806468009949,0.8686846494674683,1.0,0.5316331386566162,0.8248879313468933,5,4,4
Phi-3-medium-4k-instruct (4bit),phi3_14b_4bit.yaml,4bit,ambiguity,26,What is (are) Amyloidosis ?,What is that condition where some kind of stuff builds up in the body/organs and starts causing problems?,Which disease involves accumulation of substances within organs leading to health issues?,"Amyloidosis occurs when abnormal proteins called amyloids build up and form deposits. The deposits can collect in organs such as the kidney and heart. This can cause the organs to become stiff and unable to work the way they should. There are three main types of amyloidosis: - Primary - with no known cause - Secondary - caused by another disease, including some types of cancer - Familial - passed down through genes Symptoms can vary, depending upon which organs are affected. Treatment depends on the type of amyloidosis you have. The goal is to help with symptoms and limit the production of proteins. If another disease is the cause, it needs to be treated.","Amyloidosis refers to a group of diseases characterized by abnormal deposits of amyloid proteins in various tissues throughout the body which can lead to organ dysfunction or failure over time. There are several types including AL (light chain), AA (secondary), hereditary ATTR, among others; each with different causes and clinical manifestations. Treatment depends upon type but may involve chemotherapy for hematologic forms or liver transplantation for certain inherited cases.","The general term for conditions involving buildup within organs or tissues leading to health issues is ""deposits."" Specific examples include fatty liver disease (steatosis), gallstones (cholelithiasis) composed mainly of cholesterol crystals, kidney stones (nephrolithiasis), plaque build-up associated with cardiovascular diseases like atherosclerosus, amyloidosis which involves protein deposit accumulation throughout various organ systems, and cysts such as those seen in polycystic kidney disease. Each has its own pathophysiology but generally results from an imbalance between production and clearance mechanisms specific to each substance involved.","Lysosomal storage diseases involve the accumulation of substances within cells due to enzyme deficiencies that lead to various health problems. Examples include Gaucher's Disease, Fabry Disease, Tay-Sachs Disease, etc.",2.3527163396509403,1.2346674400472653,0.125962052024586,32.471491382185,34.03616341251804,13.400924302988754,15.476190476190476,9.836065573770492,6.106870229007633,27.380952380952383,21.85792349726776,7.63358778625954,0.0,0.0,0.0,13.333333333333334,8.88888888888889,4.444444444444445,18.181818181818183,10.256410256410255,15.384615384615383,15.384615384615383,9.523809523809524,6.896551724137931,0.872254490852356,0.8370954394340515,0.8357930183410645,1.0,0.4672171473503113,0.4478712975978851,4,2,2
Phi-3-medium-4k-instruct (4bit),phi3_14b_4bit.yaml,4bit,layperson,27,What is (are) Amyotrophic Lateral Sclerosis ?,"what is that nerve/muscle wasting thing called, where a person gets weaker n weaker, cant move right or talk good after awhile, is it like a body shutting down disease or somthing?","What is the name of the condition characterized by progressive muscular weakness and difficulty speaking following an injury, which may resemble symptoms similar to those seen in degenerative diseases affecting motor function?","Amyotrophic lateral sclerosis (ALS) is a nervous system disease that attacks nerve cells called neurons in your brain and spinal cord. These neurons transmit messages from your brain and spinal cord to your voluntary muscles - the ones you can control, like in your arms and legs. At first, this causes mild muscle problems. Some people notice - Trouble walking or running - Trouble writing - Speech problems Eventually, you lose your strength and cannot move. When muscles in your chest fail, you cannot breathe. A breathing machine can help, but most people with ALS die from respiratory failure. The disease usually strikes between age 40 and 60. More men than women get it. No one knows what causes ALS. It can run in families, but usually it strikes at random. There is no cure. Medicines can relieve symptoms and, sometimes, prolong survival. NIH: National Institute of Neurological Disorders and Stroke","Amyotrophic lateral sclerosus (ALS), also known as Lou Gehrig's disease or motor neuron disease, is a progressive neurodegenerative disorder that affects nerve cells in the brain and spinal cord responsible for controlling voluntary muscle movement. It leads to loss of muscular control due to degeneration of upper and lower motor neurons causing weakness, atrophy, fasciculations, and eventually paralysis while cognitive functions remain intact until late stages. The exact cause remains unknown but it involves genetic factors along with environmental exposures; currently there’s no cure though treatments can manage symptoms improving quality of life.","The condition you're describing sounds similar to Amyotrophic Lateral Sclerosis (ALS), also known as Lou Gehrig’s Disease. It involves progressive muscular weakness due to degeneration of motor neurons in the brain and spinal cord leading to difficulty moving, speaking, swallowing, eventually resulting in paralysis while cognitive functions remain intact until late stages. However, there could be other conditions with overlapping symptoms so professional diagnosis by healthcare providers would be necessary for accurate identification.","The condition you're describing sounds like Amyotrophic Lateral Sclerosis (ALS), also known as Lou Gehrig’s disease; however, ALS typically has no preceding traumatic event associated with its development. If there was indeed an injury involved that led to these specific symptoms mimicking neurodegeneration or if it occurred post-injury without clear evidence for another cause such as spinal cord damage leading to secondary complications including myelopathy might be considered but this would require thorough diagnostic evaluation beyond clinical presentation alone. It should not be confused directly after an acute injury since most neuromuscular conditions develop over time rather than instantaneously due to physical harm unless nerve compression occurs immediately from severe injuries. Always consult healthcare professionals for accurate diagnosis and treatment options tailored specifically towards individual cases.",3.07241610630294,1.981651279439883,1.5745956136316774,33.75709956484321,25.988445484104894,33.20557641339572,20.42553191489361,14.814814814814811,10.408921933085502,28.08510638297873,18.51851851851852,20.074349442379184,0.0,0.0,0.0,16.666666666666664,10.606060606060606,7.575757575757576,20.75471698113208,18.421052631578945,8.928571428571429,18.48739495798319,13.461538461538463,8.19672131147541,0.8574963808059692,0.8473318815231323,0.8199866414070129,1.0,0.4054456949234009,0.5015686750411987,4,5,3
Phi-3-medium-4k-instruct (4bit),phi3_14b_4bit.yaml,4bit,incomplete,28,Do you have information about Anabolic Steroids,do you hav any info on those muscle-building stuff?,Are there resources about supplements used in building muscles?,"Summary : Anabolic steroids are man-made substances related to male sex hormones. Doctors use anabolic steroids to treat some hormone problems in men, delayed puberty, and muscle loss from some diseases. Bodybuilders and athletes often use anabolic steroids to build muscles and improve athletic performance. Using them this way is not legal or safe. Abuse of anabolic steroids has been linked with many health problems. They include - Acne - Breast growth and shrinking of testicles in men - Voice deepening and growth of facial hair in women - High blood pressure - Heart problems, including heart attack - Liver disease, including cancer - Kidney damage - Aggressive behavior NIH: National Institute on Drug Abuse","Yes, anabolic steroids are synthetic substances similar to testosterone that can promote muscle growth (anaboliy) when used in combination with certain training regimums. They're often misused by athletes or bodybuilders for performance enhancement but carry significant health risks such as liver damage, cardiovascular disease, hormonal imbalance among others if abused without proper supervision from a doctor. Their use is banned in most sports competitions due to their potential advantages over natural physical development processes. Always consult your physician before considering any form of supplementation including these drugs.","Yes, there is information available about substances that can help with building muscles. These include protein supplements like whey or casein; creatine monohydrate for improved strength and power output during high intensity exercise; branched chain amino acids (BCAAs) to reduce fatigue and enhance recovery after workouts; beta alanine which helps buffer acid in muscles delaying exhaustion from intense activity; nitric oxide boosters such as L-arginine & citrulline malate improving blood flow thus enhancing nutrient delivery and waste removal within working muscles etc. However, it's important these should be used responsibly under guidance of healthcare professionals since they may have side effects if misused. Regular resistance training combined with balanced diet remains key aspect towards effective muscle growth. Always consult your doctor before starting new regimen especially when dealing with preexisting conditions/medications.","Yes, numerous reputable sources provide information regarding dietary supplements for muscle-building such as Bodybuilding.com's Supplement Guide or Examine.com’s reviews of scientific literature related to various nutritional products. Always consult with healthcare professionals before starting any new supplement regimen.",1.4328264689751202,0.5358362842708585,0.4109629689688936,37.04762517113181,33.237537260449024,19.136298216644,12.371134020618555,7.499999999999998,5.333333333333333,26.80412371134021,14.999999999999996,8.0,0.0,0.0,0.0,13.20754716981132,7.547169811320755,1.8867924528301887,17.94871794871795,6.896551724137931,5.263157894736842,15.217391304347828,7.207207207207205,2.777777777777778,0.8565400242805481,0.8144930601119995,0.823843240737915,1.0,0.4884521961212158,0.4217272698879242,4,2,2
Phi-3-medium-4k-instruct (4bit),phi3_14b_4bit.yaml,4bit,overgeneralization,29,What is (are) Anal Cancer ?,"what is it called when theres a really bad growth or sick problem down there in the bottom area, like cancer or somthing, and what does that even mean for a person?","What is the term used to describe severe abnormalities or diseases affecting the lower pelvic region, including conditions like cancer, and how do they impact an individual's health?","The anus is where stool leaves your body when you go to the bathroom. It is made up of your outer layers of skin and the end of your large intestine. Anal cancer is a disease in which cancer cells form in the tissues of the anus. Anal cancer is rare. It is more common in smokers and people over 50. You are also at higher risk if you have HPV, have anal sex, or have many sexual partners. Symptoms include bleeding, pain, or lumps in the anal area. Anal itching and discharge can also be signs of anal cancer. Doctors use tests that examine the anus to diagnose anal cancer. They include a physical exam, endoscopy, ultrasound, and biopsy. Treatments include radiation therapy, chemotherapy, and surgery. NIH: National Cancer Institute","Anal cancer is a rare type of cancer that occurs in the anal canal — the short tube at the end of your rectum through which stool leaves your body. It typically starts with abnormal growths called polyps or lesions inside this area before becoming malignant tumors. The most common form originates from cells lining the inner surface of the anus known as squamous cell carcinoma; other types include adenocarcinomas arising from glandular structures within the wall of the colon. Risk factors for developing anal cancer may involve human papillomavirus (HPV) infection, smoking tobacco products, having multiple sexual partners, engaging in receptive anal intercourse without protection, immune system suppression due to HIV/AIDS treatment medications, chronic inflammation caused by conditions like Crohn's disease or ulcerative colitis, and age over 50 years old. Early detection methods often utilize digital exams performed during routine check-ups along with biopsies if suspicious areas are identified upon examination. Treatment options depend heavily on stage progression but can consistently incorporate surgery, radiation therapy, chemotherapy drugs such as fluorouracil combined with mitoxantrone, targeted theraptaics against specific molecular pathways involved in tumour development, and palliative care measures aim","A severe abnormality such as you're describing could be referred to medically as ""malignancy"" if related to cancerous conditions within reproductive organs (like testicular or ovarian cancers). The implications vary greatly depending upon factors including type of malignancy, stage at diagnosis, overall health status etc., but generally involve treatment options ranging from surgery, chemotherapy, radiation therapy among others with potential impacts on fertility, hormonal balance & sexual functioning along with psychological aspects too. It’s crucial anyone experiencing symptoms consult their doctor promptly for accurate evaluation & management plan tailored specifically towards them.","The term for severe abnormalities or diseases in the lower pelvic area that includes cancers such as prostate, ovarian, cervical, bladder, rectal, etc., is ""pelvic malignancies."" These disorders significantly impair individuals’ quality of life by causing symptoms ranging from painful urination/defecation to systemic effects due to metastasis; treatment often involves surgery, chemotherapy, radiation therapy which may lead to further complications depending upon disease stage at diagnosis and patient-specific factors.",7.646135594645117,1.5027817940168684,1.502737833742112,41.682252384821375,32.349700416847426,29.873195111300475,14.47368421052632,6.60377358490566,8.37696335078534,33.55263157894737,14.150943396226417,17.801047120418847,0.0,0.0,0.0,26.785714285714285,5.357142857142857,5.357142857142857,16.129032258064516,7.317073170731707,8.571428571428571,20.13422818791946,6.185567010309279,6.593406593406592,0.8531944751739502,0.8276861310005188,0.8390566110610962,1.0,0.459678053855896,0.4960229992866516,2,1,2
Phi-3-medium-4k-instruct (4bit),phi3_14b_4bit.yaml,4bit,typos_grammar,30,What is (are) Anal Disorders ?,"what are anal disordrs exacly, and how do they happn ?","What are anal disorders specifically, and how do they occur?","The anus is the opening of the rectum through which stool passes out of your body. Problems with the anus are common. They include hemorrhoids, abscesses, fissures (cracks), and cancer. You may be embarrassed to talk about your anal troubles. But it is important to let your doctor know, especially if you have pain or bleeding. The more details you can give about your problem, the better your doctor will be able to help you. Treatments vary depending on the particular problem. NIH: National Institute of Diabetes and Digestive and Kidney Diseases","Anal disorders refer to various conditions that affect the anus or rectum such as hemorrhoids, anal fissures, perianal abscesses, itching (pruritus ani), skin tags around the anus, anal incontinence, and more serious diseases like colorectal cancer. Treatment depends on the specific condition but may include dietary changes, medications, surgery, or other interventions.","Anal disorders refer to various conditions that affect the anus or rectum, causing symptoms like pain, bleeding, itching, constipation, diarrhea, mucous in stool, etc. They can result from several factors such as inflammations (like hemorrhoids), structural abnormalities (anal fissures, abscesses), neoplasms (cancers), nerve damage (neurogenic bowel dysfunction) among others. Some common types include Hemorrhoidal disease, Anorectal Abscess/Fistula-In-Analy Fissure complex, Perianal Skin Disease including Pruritus ani & Lichen sclerosus et atrophicus of perineum, Rectocele, Prolapsed Uterus through anterior vaginal wall into rectum, Neoformed Internal Openings with Malignant Tissue Growths - Colon Cancer, Lower Gastrointestinal Bleed due to Diverticular diseases, Polyps, Angiodysplasia, Crohn's disease, Ulcerative colitis; Functional Disorder – Irritable Bowel Syndrome, Chronic Constipation, Obstructive Defecatory Disorder. Treatment depends upon specific condition severity, patient’s overall health status, age, preferences which may range from lifest","Anal disorders refer to various conditions that affect the anus or rectum; these can include hemorrhoids (swollen veins in the lower part of the rectum), fissures (small tears in the lining of the anorectal area often caused by constipation leading to hard stools passing through), abscesses (infections causing pus-filled pockets near the anus due to blocked glands) and cancerous growths among others. They typically result from factors like strained bowel movements, chronic diarrhea/constipation, obesity, low fiber intake, aging, genetic predisposition etc., although some may arise without clear causes. Treatment depends upon specific condition severity & type ranging from home remedies for mild cases such as warm baths, increased fluid&fiber consumption, over-the-counter creams to surgical interventions for severe instances. Regular screenings help early detection especially with high risk individuals e.g. those above 50 years old, smokers, patients having family history of colorectal cancer. Always consult healthcare professionals if symptoms persist despite self care measures.",1.8197658555325964,1.1730457485423398,2.481641862633417,29.643304224011864,34.6214909189658,35.558688427842846,11.940298507462687,8.256880733944953,8.474576271186441,25.37313432835821,21.10091743119266,21.186440677966104,0.0,0.0,0.0,16.666666666666664,25.0,25.0,22.22222222222222,13.23529411764706,10.588235294117649,19.04761904761905,17.30769230769231,14.87603305785124,0.8652918338775635,0.8266234993934631,0.8474242687225342,0.9999998807907104,0.6989064812660217,0.8946962356567383,4,2,3
Phi-3-medium-4k-instruct (4bit),phi3_14b_4bit.yaml,4bit,ambiguity,31,What is (are) Anaphylaxis ?,"when somebody suddenly has a really bad allergic thing, like throat geting tight, cant breath good, maybe rash n swelling all at once, what is that even called or is it just a severe reaction?","What should I do if someone experiences sudden onset of symptoms including difficulty in breathing due to throat constriction, skin rashes, and facial/limb swelling simultaneously; could these indicate anaphylaxis rather than a mild allergy?","Anaphylaxis is a serious allergic reaction. It can begin very quickly, and symptoms may be life-threatening. The most common causes are reactions to foods (especially peanuts), medications, and stinging insects. Other causes include exercise and exposure to latex. Sometimes no cause can be found. It can affect many organs: - Skin - itching, hives, redness, swelling - Nose - sneezing, stuffy nose, runny nose - Mouth - itching, swelling of the lips or tongue - Throat - itching, tightness, trouble swallowing, swelling of the back of the throat - Chest - shortness of breath, coughing, wheezing, chest pain or tightness - Heart - weak pulse, passing out, shock - Gastrointestinal tract - vomiting, diarrhea, cramps - Nervous system - dizziness or fainting If someone is having a serious allergic reaction, call 9-1-1. If an auto-injector is available, give the person the injection right away. NIH: National Institute of Allergy and Infectious Diseases","Anaphylaxis is a severe, potentially life-threatening allergic reaction that can occur rapidly after exposure to an allergen such as certain foods, medications or insect stings. It involves multiple body systems including skin, respiratory tract, gastrointestinal system, cardiovascular system, and central nervous system manifestation of symptoms like hives, difficulty breathing, vomiting, low blood pressure, dizziness etc., requiring immediate emergency treatment with epinephrine injection followed by further care in hospital setting.","That condition you're describing sounds like anaphylaxis—a potentially life-threatening type of severe allergic reaction characterized by symptoms such as difficulty in breathing due to airway constriction, skin reactions including hives (rash) and redness/swelling around certain areas, among others. Immediate emergency treatment with epinephrpta injection followed by professional medical care is crucial for someone experiencing these signs. It’s not ""just"" a severe reaction; Anaphylaxis requires urgent attention because if left untreated, it can be fatal within minutes from cardiovascular collapse. Always consult healthcare professionals immediately under such circumstances!","Yes, simultaneous occurrence of severe respiratory distress (difficulty in breathing), widespread hives or welts (skin rashes), along with angioedema involving face and limbs can be indicative of anaphylaxis—a potentially life-threatening allergic reaction that requires immediate emergency treatment. Administer epinephrene via autoinjector immediately if available, call for emergency help right away, have them lie down flat unless they're vomiting or having trouble breathing then sit up slightly, keep calm until professional assistance arrives. Do not administer anything by mouth as it may cause choking. Always seek prompt medical attention even after initial improvement because biphasic reactions might occur later.",1.2440222266975225,0.6845970689411884,1.0241272633528018,30.690810467312552,31.173789429079257,31.624897200350823,15.075376884422113,10.859728506787327,8.65800865800866,25.12562814070352,20.814479638009047,23.376623376623375,0.0,0.0,0.0,17.333333333333336,14.666666666666666,14.666666666666666,32.5,24.444444444444443,22.0,22.608695652173918,18.333333333333336,17.599999999999998,0.8570261001586914,0.8367734551429749,0.8302294015884399,0.9999998807907104,0.4931648373603821,0.5374287366867065,5,5,5
Phi-3-medium-4k-instruct (4bit),phi3_14b_4bit.yaml,4bit,layperson,32,Do you have information about Anatomy,"do u got any info on how the body is put togther, like where all the inside parts are and what they kinda do maybe?",What information can you provide about human anatomy and organ functions within the body?,"Summary : Anatomy is the science that studies the structure of the body. On this page, you'll find links to descriptions and pictures of the human body's parts and organ systems from head to toe.","Yes, anatomy is the branch of science that deals with understanding the structure and organization of living organisms at various levels such as cells, tissues, organs, systems, etc., in humans or animals. It forms one part of biology along with physiology (function), histology (tissue study) & embryology (development). The human body has several complex structures which can be studied through gross anatomy (macroscopic level) and microanatomy/histology (microscopic level). Understanding these helps healthcare professionals diagnose diseases more effectively by identifying abnormalities within bodily structures.","The human body consists of various systems that work together to maintain life functions. Here's an overview by system with their primary components and roles:

1. Skeletal System - Composed mainly of bones; provides structure, protection for internal organs, blood cell production in marrow (hematopoiesis), mineral storage, and enables movement through joint articulation with muscles. 2. Muscular System – Includes skeletal, smooth, and cardiac muscles which facilitate voluntary movements, involuntary actions such as digestion, circulation, respiration, and heart contractions respectively.3. Circulatory/Cardiovascular System – Consists of the heart pumping blood via arteries, veins, and capillaries throughout the body delivering oxygen, nutrients, hormones while removing waste products from metabolism.4. Respiratory System – Primarily involves lungs exchanging gases between air breathed in and out, supplying oxygen into the bloodstream and expelling carbon dioxide produced during metabolism.5. Digestive System – Starts at mouth moving food down esophagus, stomach, small intestine absorbing nutrients, large intestine reabsorbs water before feces elimination.6. Nervous System – Central nervous system includes brain","Human anatomy involves various systems that work together to maintain homeostasis in our bodies. The major organs include the heart (pumps blood), lungs (facilitate gas exchange for respiration), liver (processes nutrients from foods/drinks & detoxifies harmful substances), kidneys (filter waste products into urine), brain (controls bodily activities via nervous system signals) among others like stomach, intestines etc., each with specific roles contributing towards overall health and functioning of humans.",1.4835758059356852,0.7228276604110231,0.7104710665728461,33.81695820314906,21.94224771770749,26.69536484713883,17.857142857142858,6.315789473684211,10.1010101010101,21.428571428571423,13.684210526315788,16.16161616161616,0.0,0.0,0.0,30.76923076923077,30.76923076923077,15.384615384615383,11.428571428571429,4.761904761904762,5.263157894736842,16.666666666666664,8.24742268041237,7.84313725490196,0.8569225668907166,0.8140347003936768,0.8242831230163574,0.9999999403953552,0.5539615154266357,0.7428096532821655,4,4,3
Phi-3-medium-4k-instruct (4bit),phi3_14b_4bit.yaml,4bit,incomplete,33,What is (are) Anemia ?,what does it mean when your blood is low or you dont have enough of it?,What causes low blood volume (hypovolemia) in patients?,"If you have anemia, your blood does not carry enough oxygen to the rest of your body. The most common cause of anemia is not having enough iron. Your body needs iron to make hemoglobin. Hemoglobin is an iron-rich protein that gives the red color to blood. It carries oxygen from the lungs to the rest of the body. Anemia has three main causes: blood loss, lack of red blood cell production, and high rates of red blood cell destruction. Conditions that may lead to anemia include - Heavy periods - Pregnancy - Ulcers - Colon polyps or colon cancer - Inherited disorders - A diet that does not have enough iron, folic acid or vitamin B12 - Blood disorders such as sickle cell anemia and thalassemia, or cancer - Aplastic anemia, a condition that can be inherited or acquired - G6PD deficiency, a metabolic disorder Anemia can make you feel tired, cold, dizzy, and irritable. You may be short of breath or have a headache. Your doctor will diagnose anemia with a physical exam and blood tests. Treatment depends on the kind of anemia you have. NIH: National Heart, Lung, and Blood Institute","Anemia is a condition characterized by insufficient red blood cells or hemoglopta in your body to carry adequate oxygen to tissues throughout the body, resulting in fatigue and weakness among other symptoms. It can be caused by various factors such as iron deficiency, vitamin B12 deficiency, chronic diseases, genetic disorders like sickle cell anemia, etc., depending upon its type. Treatment depends on identifying and addressing the underlying cause of the anemia.","Having ""low"" blood typically refers to anemia - a condition where there's not enough healthy red blood cells (RBC) in one’s body due to various reasons like iron deficiency, vitamin B12 shortage etc., leading to fatigue among other symptoms as RBC carry oxygen throughout our bodies. However if by 'not having enough', we refer to severe loss through injury then that can lead to shock which requires immediate emergency care! Always consult with a doctor for accurate diagnosis & treatment options.","Low blood volume or hypovolemia can be caused by several factors including significant fluid loss due to bleeding from trauma, surgery complications, gastrointestinal losses such as vomiting or diarrhea; excessive urination which may occur with conditions like uncontrolled diabetes mellitus leading to osmotic diuresis; burns that damage skin barrier functioning causing plasma leakage into tissues; severe dehydration often resulting from insufficient water intake during illnesses involving fever, sweating, or increased respiratory rate; malnutrition affecting protein levels necessary for maintaining vascular integrity; certain medications inducing renal sodium excretion thus increasing urine output; hormonal imbalances impacting kidney's ability to conserve fluids under stressful situations etc., among others. It is essential to identify underlying cause(s) promptly because prolonged hypovolemas could lead to organ dysfunction owing to impaired oxygen delivery at cellular level throughout body systems. Treatment typically involves addressing root issue while providing support through replenishing lost volumes using crystalloid solutions containing electrolytes balanced according patient’s needs until homeostasis restored successfully.",1.6540061395560886,0.6881222088391833,1.0290014059570043,25.438818973406697,23.29585650027431,31.129809294443444,17.5,13.492063492063492,5.988023952095808,28.33333333333333,24.603174603174605,16.766467065868262,0.0,0.0,0.0,15.294117647058824,12.941176470588236,4.705882352941177,41.935483870967744,28.947368421052637,4.878048780487805,22.41379310344828,17.886178861788622,4.790419161676646,0.8635307550430298,0.8437837958335876,0.8147422671318054,0.9999999403953552,0.4307384788990021,0.3138338625431061,4,4,1
Phi-3-medium-4k-instruct (4bit),phi3_14b_4bit.yaml,4bit,overgeneralization,34,What is (are) Anesthesia ?,"what is that stuff doctors use to make you not feel anything or kinda go out durring medical things, like how does it even work and what is it exactly?",How does anesthesia work during surgical procedures and what substances are used in its administration?,"If you are having surgery, your doctor will give you medicine called an anesthetic. Anesthetics reduce or prevent pain. There are three main types: - Local - numbs one small area of the body. You stay awake and alert. - Regional - blocks pain in an area of the body, such an arm or leg. A common type is epidural anesthesia, which is often used during childbirth. - General - makes you unconscious. You do not feel any pain, and you do not remember the procedure afterwards. You may also get a mild sedative to relax you. You stay awake but may not remember the procedure afterwards. Sedation can be used with or without anesthesia. The type of anesthesia or sedation you get depends on many factors. They include the procedure you are having and your current health.","Anesthesia refers to medications or techniques used during surgical procedures that induce temporary loss of sensation or consciousness in patients for pain relief and comfort while undergoing an operation. There are three main types - general, regional, and local anesthesia. General anesthesia causes total unconsciousness; Regional blocks numb specific areas like spinal cord segments or limbs; Local anesthetics block nerve impulses near small regions such as wounds or dental sites.","The substance used by healthcare professionals during certain procedures for pain relief or sedation is called anesthesia. Anesthetics can be administered locally (numbing only part of your body) or generally (making you unconscious). They act primarily by blocking nerve signals in your brain and spinal cord which prevents any sensations from reaching consciousness. There are different types including local, regional, general, intravenous, etc., depending upon the procedure's requirements. Always remember these should never be self-administered due to potential risks involved; they must always be given under professional supervision!",Anesthesia works by blocking nerve signals to prevent pain sensation or consciousness depending upon whether it's localized (numbing specific areas) or general (inducing unconsciousness). Substances commonly used include propofol for induction of sleepiness; opioids like fentanyl for analgesic effects; muscle relaxants such as rocuronium to facilitate intubation and surgeries requiring immobility; and volatile liquids like sevoflurane that maintain anesthetic depth through inhalation once patients reach operating rooms. Local anesthetics might involve lidocaine which blocks sodium channels temporarily stopping signal transmission along neurons at targeted sites without affecting overall awareness if not combined with other agents mentioned above.,3.5349324539088056,2.091394113227565,0.7632586535213137,31.932416915277408,36.18851883816473,33.08002996035523,12.698412698412698,12.440191387559809,6.392694063926941,28.571428571428577,30.62200956937799,20.091324200913245,0.0,0.0,0.0,22.448979591836736,16.3265306122449,16.3265306122449,26.82926829268293,20.0,16.666666666666664,24.444444444444443,17.977528089887638,16.49484536082474,0.866776168346405,0.86748206615448,0.8307945728302002,1.0,0.3666716814041137,0.7557366490364075,5,4,3
Phi-3-medium-4k-instruct (4bit),phi3_14b_4bit.yaml,4bit,typos_grammar,35,What is (are) Aneurysms ?,"What are aneurisims exactly , and what does that even mean in the body ?",How do aneurysms form within the human body?,"An aneurysm is a bulge or ""ballooning"" in the wall of an artery. Arteries are blood vessels that carry oxygen-rich blood from the heart to other parts of the body. If an aneurysm grows large, it can burst and cause dangerous bleeding or even death. Most aneurysms occur in the aorta, the main artery that runs from the heart through the chest and abdomen. Aneurysms also can happen in arteries in the brain, heart and other parts of the body. If an aneurysm in the brain bursts, it causes a stroke. Aneurysms can develop and become large before causing any symptoms. Often doctors can stop aneurysms from bursting if they find and treat them early. They use imaging tests to find aneurysms. Often aneurysms are found by chance during tests done for other reasons. Medicines and surgery are the two main treatments for aneurysms. NIH: National Heart, Lung, and Blood Institute","An aneurysm is a localized dilation or bulging of blood vessels due to weakness in their walls that can lead to rupture if untreated. They most commonly occur in arteries at various locations such as abdominal aorta, brain's cerebral circulation, legs etc., causing life-threatening internal bleeding when they burst. Risk factors include high blood pressure, smoking, family history among others. Treatment depends upon size, location & risk associated with surgery vs natural progression; may involve monitoring, medications for controlling contributing conditions like hypertension, endovascular procedures or open surgeries.","An aneurysm is a weakened area of a blood vessel wall where it bulges or balloons outward due to pressure from flowing blood. This can occur anywhere but commonly happens in arteries at the brain (cerebral), abdomen (abdominal aortic), legs (peripheral) areas. If untreated, they may rupture causing internal bleeding which could be life-threatening depending upon its location and size. The exact cause isn't always known; however risk factors include high blood pressure, smoking, family history etc. It’s diagnosed through imaging tests like ultrasound, CT scan, MRI among others. Treatment depends on various aspects including type & size of aneurism - small ones might just need monitoring while larger/riskier ones require surgical intervention either by clipping for cranial aneurisms or stent placement / graft insertion for other types. Regular checkups with healthcare provider recommended if you have any predispositions towards developing them.","Aneurysms form when there is weakness in the arterial wall that leads to abnormal dilation or ballooning of part of the vessel due to blood pressure exerting force against this vulnerability. Factors contributing include genetic predispositions, hypertension (high blood pressure), smoking, high cholesterol levels, age-related changes, trauma, and certain diseases like vasculitis or connective tissue disorders such as Marfan syndrome. The process involves chronic inflammation leading to degradation of elastin fibers which compromises structural integrity causing localized bulging under normal circulatory pressures.",2.512171394774652,3.152262751990738,0.8504752323067156,28.94200249895747,36.69053401089514,25.54359619390141,16.216216216216218,13.919413919413918,9.30232558139535,24.324324324324326,26.373626373626376,15.813953488372093,0.0,0.0,0.0,12.857142857142856,11.428571428571429,5.714285714285714,18.75,12.12121212121212,10.526315789473683,15.254237288135592,11.764705882352942,7.4074074074074066,0.8573892116546631,0.8578280806541443,0.8280773162841797,0.9999998211860656,0.7902332544326782,0.7814062833786011,4,4,4
Phi-3-medium-4k-instruct (4bit),phi3_14b_4bit.yaml,4bit,ambiguity,36,What is (are) Angina ?,"what is that chest/heart thing people mean when they say angina, like is it just pain or some kind of attack or blood flow problem or what?",What specifically characterizes angina in terms of symptoms related to heart functioning and circulation issues?,"Angina is chest pain or discomfort you feel when there is not enough blood flow to your heart muscle. Your heart muscle needs the oxygen that the blood carries. Angina may feel like pressure or a squeezing pain in your chest. It may feel like indigestion. You may also feel pain in your shoulders, arms, neck, jaw, or back. Angina is a symptom of coronary artery disease (CAD), the most common heart disease. CAD happens when a sticky substance called plaque builds up in the arteries that supply blood to the heart, reducing blood flow. There are three types of angina: - Stable angina is the most common type. It happens when the heart is working harder than usual. Stable angina has a regular pattern. Rest and medicines usually help. - Unstable angina is the most dangerous. It does not follow a pattern and can happen without physical exertion. It does not go away with rest or medicine. It is a sign that you could have a heart attack soon. - Variant angina is rare. It happens when you are resting. Medicines can help. Not all chest pain or discomfort is angina. If you have chest pain, you should see your health care provider. NIH: National Heart, Lung, and Blood Institute","Angina is chest pain or discomfort caused by reduced blood flow to your heart muscle due to coronary artery disease. It typically occurs during activities that increase oxygen demand in the heart such as exercise, stress, heavy meals, cold weather exposure etc., but can also occur at rest if there's significant blockage of one or more coronary arteries. There are two main types - stable angina which follows predictable patterns with exertion; and unstable angina which may signal an impending myocardial infarction (heart attack). Treatment includes lifestyle changes, medications like nitrates for symptom relief, beta-blockers, calcium channel blockers among others, and possibly revascularization procedures like percutaneous coronary intervention (PCI), commonly known as stenting, or coronary artery bypass graft surgery depending upon severity & extent of CAD. Always consult healthcare professionals for accurate diagnosis & treatment options tailored specifically towards individual needs!","Angina pectoris (commonly known as ""angina"") refers to recurring episodes of discomfort in your chest due to reduced blood flow to the heart muscle from coronary artery disease. It's often described as pressure, squeezing, fullness, or aching across the chest; sometimes extending to shoulders, arms, neck, jaw, or back. While not an immediate life-threatening condition itself, it can indicate underlying cardiovascular issues requiring attention.","Angina is typically characterized by chest pain or discomfort that occurs when an area of your heart muscle doesn't get enough oxygen-rich blood. Symptoms may include pressure, squeezing sensations, fullness, burning feeling behind breastbone; neck, jaw, shoulder, arm or stomach discomfort; shortness of breath; sweating; lightheadedness; nausea. These occur due to reduced coronary artery flow often from narrowing (atherosclerosis) leading to myocardial ischemia without infarction during periods of increased demand such as physical exertion or emotional stress.",6.403182880375736,2.836309752056664,1.7767528490943298,37.69389874084988,22.72296580872149,26.61615039887799,17.5226586102719,14.84375,19.188191881918826,30.211480362537763,23.4375,23.616236162361623,0.0,0.0,0.0,22.727272727272727,15.909090909090908,13.636363636363637,30.76923076923077,46.66666666666666,30.76923076923077,26.14379084967321,23.72881355932204,18.89763779527559,0.8508732914924622,0.865439772605896,0.8526346683502197,1.0,0.7251951098442078,0.6562888026237488,4,4,5
Phi-3-medium-4k-instruct (4bit),phi3_14b_4bit.yaml,4bit,layperson,37,Do you have information about Angioplasty,"do u have any info on that thing where they go in n kinda open up a blocked blood vessel or heart tube thing, like how it works an if its a big deal?","What information can you provide about angioplasty procedures, their mechanisms, and significance regarding treating blocked arteries or coronary vessels?","Summary : If you have coronary artery disease, the arteries in your heart are narrowed or blocked by a sticky material called plaque. Angioplasty is a procedure to restore blood flow through the artery. You have angioplasty in a hospital. The doctor threads a thin tube through a blood vessel in the arm or groin up to the involved site in the artery. The tube has a tiny balloon on the end. When the tube is in place, the doctor inflates the balloon to push the plaque outward against the wall of the artery. This widens the artery and restores blood flow. Doctors may use angioplasty to - Reduce chest pain caused by reduced blood flow to the heart - Minimize damage to heart muscle from a heart attack Many people go home the day after angioplasty, and are able to return to work within a week of coming home. NIH: National Heart, Lung, and Blood Institute","Yes, angioplasty is a minimally invasive procedure used to open blocked or narrowed coronary arteries caused by plaque buildup (atherosclerosus). A catheter with a deflated balloon attached at its tip is threaded through blood vessels into the affected artery; once in place, it's inflated which compresses the plaque against the artery walls widening the vessel for improved blood flow. Often stents are placed during this process as well. It helps alleviate symptoms of heart disease like chest pain and can prevent more serious conditions such as myocardial infarction. The success rate varies depending upon individual patient factors but generally has good outcomes when performed appropriately.","Yes, you're referring to angioplasty with stent placement for coronary arteries (heart vessels). It is indeed significant as these procedures help restore normal blood flow through narrowed or blocked segments of your artery caused by chest pain (angina) or during a myocardial infarction (""heart attack""). 

Here’s how it generally works: A catheter—thin plastic tubing—with a deflated balloon attached at one end is threaded into the affected part of the artery via a small puncture site usually near the groin area. Once positioned correctly using X-ray guidance, this tiny balloon tip expands within the blockage which compresses fatty deposits against the walls of the artery allowing improved blood flow. Often afterward, a metal mesh called a ""stent"" may be placed permanently inside the newly widened section of the artery to keep it from closing again. This procedure can significantly improve symptoms related to reduced blood supply such as shortness of breath and chest discomfort while also reducing risks associated with severe cardiac events. However, patients must continue taking medications prescribed postoperatively including antiplatelet drugs to prevent clot formation around the new device. The decision about whether someone needs this treatment depends upon several factors evaluated individually but typically includes severity/frequency of symptoms,","Angioplasty is an interventional procedure used to open narrowed or blocked blood vessels that supply blood to your heart (coronary). The mechanism involves inserting a catheter with a small balloon at its tip into the affected vessel via a peripheral access point such as the groin or wrist. Once in place above the blockage site, the balloon is inflated which compresses the plaque against the walls of the artery, restoring normal blood flow through it. In many cases, a stent—a tiny wire mesh tube—may be deployed during this process to keep the artery open afterward. This treatment significantly reduces symptoms like chest pain and shortness of breath caused by reduced blood flow due to obstructions; moreover, it may prevent more serious events including myocardial infarction (heart attack) if performed promptly upon diagnosis. It's essential for patients undergoing angioplasty to adhere closely to prescribed medications post-procedure, particularly antiplatelet drugs, to minimize risks associated with clot formation within these newly opened pathways.",2.581756719311044,3.2321190341945525,6.834775887018288,37.023765954481256,43.021518015815815,45.32210481788008,16.740088105726873,16.875,23.74100719424461,30.83700440528634,31.875000000000004,40.28776978417266,0.0,0.0,0.0,21.21212121212121,34.84848484848485,34.84848484848485,33.33333333333333,25.555555555555557,32.3943661971831,25.925925925925924,29.48717948717949,33.57664233576643,0.8695612549781799,0.8611671328544617,0.8768205046653748,1.0,0.4293389916419983,0.7664076685905457,4,4,4
Phi-3-medium-4k-instruct (4bit),phi3_14b_4bit.yaml,4bit,incomplete,38,What is (are) Animal Bites ?,"what does it mean if some thing bit you, like from an animal or whatever, is that a big deal or just a normal skin thing?",What should I do after being bitten by an unknown animal in terms of potential risks and necessary treatment steps?,"Wild animals usually avoid people. They might attack, however, if they feel threatened, are sick, or are protecting their young or territory. Attacks by pets are more common. Animal bites rarely are life-threatening, but if they become infected, you can develop serious medical problems. To prevent animal bites and complications from bites - Never pet, handle, or feed unknown animals - Leave snakes alone - Watch your children closely around animals - Vaccinate your cats, ferrets, and dogs against rabies - Spay or neuter your dog to make it less aggressive - Get a tetanus booster if you have not had one recently - Wear boots and long pants when you are in areas with venomous snakes If an animal bites you, clean the wound with soap and water as soon as possible. Get medical attention if necessary. Centers for Disease Control and Prevention","An animal bite occurs when an animal's teeth puncture or tear human skin during biting behavior. Common animals that may cause such injuries include dogs, cats, rodents like rats and squirrels, as well as larger wildlife in certain regions. These incidents can lead to various health risks including painful wounds, potential for rabies transmission if not vaccinated properly, tetanus risk depending upon immunization status, secondary bacterial infections from contaminants present within the mouth of many species, and psychological trauma associated with being attacked by an animal. Immediate first aid measures involve cleaning the affected area thoroughly while seeking professional medical attention promptly afterward. Veterinary control strategies also play a crucial role in prevention efforts alongside public education about avoidance behaviors around unfamiliar or aggressive animals.","If something has bitten you, especially from animals such as dogs, cats, snakes, spiders (like black widows), ticks, etc., seek immediate medical attention to assess for potential infections, allergic reactions, venomous effects, rabies exposure, tick-borne diseases, among others. It's not always ""just a normal skin issue"" because certain bite wounds can lead to serious health complications depending upon various factors including type of creature involved, depth & location of the bite, individual’s immune response, timeliness of treatment received after being bitten, vaccination status against specific conditions e.g., Rabies shot prior to incident, amongst other considerations. Always err towards caution when dealing with unknown substances/creatures causing harmful contact! 🚨❗️","If you've been bitten by an unknown animal, immediately cleanse the wound with soap and water for at least 5 minutes to reduce risk of bacterial contamination; apply antiseptic cream or ointment if available; cover it loosely with sterile gauze bandage but not too tightly as swelling may occur. Seek professional healthcare advice promptly since there is uncertainty regarding rabies exposure from wild animals which can be fatal without vaccine post-exposure prophylaxis (PEP). Additionally, monitor your symptoms closely over the next few days such as fever, headache, muscle aches that could indicate other zoonotic diseases requiring further evaluation and management.",1.3338417876952304,1.2217918338485811,3.940353627090734,37.974454170982845,32.750521335453065,31.32989197779893,12.549019607843135,8.19672131147541,10.256410256410255,25.098039215686278,19.672131147540984,23.93162393162393,0.0,0.0,0.0,16.666666666666664,12.5,12.5,18.75,16.363636363636363,21.951219512195124,17.647058823529413,14.173228346456693,15.92920353982301,0.8444304466247559,0.8314085602760315,0.8340843319892883,0.9999999403953552,0.4406617879867553,0.5260376334190369,4,3,4
Phi-3-medium-4k-instruct (4bit),phi3_14b_4bit.yaml,4bit,overgeneralization,39,What is (are) Animal Diseases and Your Health ?,"how do health problms from animals or pets even work, like can being around them make pepole sick in genral and affect your health n stuff?",Can exposure to diseases transmitted by animals or pets generally lead to illnesses that impact human health?,"Animal diseases that people can catch are called zoonoses. Many diseases affecting humans can be traced to animals or animal products. You can get a disease directly from an animal, or indirectly, through the environment. Farm animals can carry diseases. If you touch them or things they have touched, like fencing or buckets, wash your hands thoroughly. Adults should make sure children who visit farms or petting zoos wash up as well. Though they may be cute and cuddly, wild animals may carry germs, viruses, and parasites. Deer and deer mice carry ticks that cause Lyme disease. Some wild animals may carry rabies. Enjoy wildlife from a distance. Pets can also make you sick. Reptiles pose a particular risk. Turtles, snakes and iguanas can transmit Salmonella bacteria to their owners. You can get rabies from an infected dog or toxoplasmosis from handling kitty litter of an infected cat. The chance that your dog or cat will make you sick is small. You can reduce the risk by practicing good hygiene, keeping pet areas clean and keeping your pets' shots up-to-date.","""Animal diseases can affect human health through zoonotic transmission when humans come into contact with infected animals or their products.""","Yes, certain animal-related diseases known as zoonoses can be transmitted to humans through contact with infected animals (pets included). These illnesses may occur due to bites/scratches, handling waste products, consuming contaminated foods, etc. Examples include rabies, salmonellosis, cat scratch disease, ringworm among others. However, not all interactions lead to transmission; proper hygiene practices significantly reduce risks. Regular veterinary care for pets also helps prevent such issues. Always consult professionals if you suspect an issue related to pet ownership impacting human health.","Yes, humans can contract zoonotic diseases from animals or pets which may affect their health significantly if not treated properly. Examples include rabies, Lyme disease, salmonellosis, etc.",0.0024289295515074,0.5210272972772916,0.0275098263593613,9.584237600287825,26.956676375400384,11.418272020767414,7.253886010362695,11.76470588235294,8.0,10.362694300518136,21.176470588235293,13.000000000000004,0.0,0.0,0.0,7.228915662650602,14.457831325301203,8.433734939759036,54.54545454545454,28.57142857142857,63.63636363636363,12.76595744680851,19.2,14.893617021276595,0.851678729057312,0.8531419038772583,0.856148362159729,1.0,0.6223942637443542,0.6689144968986511,3,4,5
Phi-3-medium-4k-instruct (4bit),phi3_14b_4bit.yaml,4bit,typos_grammar,40,What is (are) Ankle Injuries and Disorders ?,"What is/are ankle injurys and disorder's, like what do that even mean for the ankle ?",How can I understand different types of ankle injuries and conditions?,"Your ankle bone and the ends of your two lower leg bones make up the ankle joint. Your ligaments, which connect bones to one another, stabilize and support it. Your muscles and tendons move it. The most common ankle problems are sprains and fractures. A sprain is an injury to the ligaments. It may take a few weeks to many months to heal completely. A fracture is a break in a bone. You can also injure other parts of the ankle such as tendons, which join muscles to bone, and cartilage, which cushions your joints. Ankle sprains and fractures are common sports injuries.","Ankle injuries and disorders refer to various conditions affecting the anatomy of the foot's joint connecting it with the leg - including sprains, strains, fractures, tendonitis, arthritis, gout, bursitis, nerve entrapment syndromes like tarsal tunnel syndrome, infections or tumors that can cause pain, swelling, instability, limited mobility, deformity, numbness, weakness, etc., often requiring different treatments ranging from rest/immobilization, physical therapy, medications for inflammation & pain relief, orthotics support devices, up to surgical interventions depending upon severity and type.","Ankle injuries refer to damage or harm caused by trauma such as sprains (stretching or tearing of ligaments), fractures (broken bones in the foot or leg near the joint) or strains (injury to muscles). Disorders can include conditions affecting movement or stability due to issues with tendons, nerves, arthritis causing inflammation within the joint itself, gout which involves crystal deposits leading to painful swelling among others. These terms essentially describe various ways your ankle could be hurt physically impacting its function either temporarily or long-term depending upon severity & treatment provided.","To understand various ankle injuries and conditions, familiarize yourself with common issues such as sprains (ligament damage), strains (muscle or tendon injury), fractures (bone breaks), Achilles tendinitis (inflammation in the heel cord), plantar fasciitis (heel pain due to inflamed tissue along the foot's arch), gout attacks causing sudden swelling from uric acid crystals, arthritic changes leading to chronic discomfort, deep vein thrombosis presenting risk for clots after immobility, cellulitis indicating bacterial skin infection around the area, peripheral neuropathy affecting sensory nerves often related to diabetes, Lyme disease potentially resulting in joint problems if tick-borne; each condition has distinct symptoms requiring proper diagnosis by healthcare professionals through physical examination, imaging tests like X-rays/MRI scans when necessary, blood workup, and sometimes referral to specialists depending upon severity and underlying causes. Always consult your doctor for accurate information tailored specifically towards you.",1.1421061886218622,1.6149216777148865,0.9939416041457536,29.62517173954661,33.73532499303422,32.949101715063875,11.976047904191615,13.33333333333333,10.3448275862069,17.964071856287426,25.555555555555557,18.96551724137931,0.0,0.0,0.0,12.0,22.0,18.0,15.789473684210526,20.75471698113208,10.588235294117649,13.636363636363637,21.35922330097087,13.333333333333334,0.8314367532730103,0.8566306829452515,0.8280038237571716,1.0,0.9147992730140686,0.7960273027420044,3,4,2
Phi-3-medium-4k-instruct (4bit),phi3_14b_4bit.yaml,4bit,ambiguity,41,What is (are) Ankylosing Spondylitis ?,"What is that long-term thing where your lower back/spine gets really stiff and inflamed over time, maybe even starts sort of fusing together or",How do I manage chronic spinal degeneration leading to persistent pain and potential fusion?,"Ankylosing spondylitis is a type of arthritis of the spine. It causes inflammation between your vertebrae, which are the bones that make up your spine, and in the joints between your spine and pelvis. In some people, it can affect other joints. AS is more common and more severe in men. It often runs in families. The cause is unknown, but it is likely that both genes and factors in the environment play a role. Early symptoms of AS include back pain and stiffness. These problems often start in late adolescence or early adulthood. Over time, AS can fuse your vertebrae together, limiting movement. Some people have symptoms that come and go. Others have severe, ongoing pain. A diagnosis of AS is based on your medical history and a physical examination. You may also have imaging or blood tests. AS has no cure, but medicines can relieve symptoms and may keep the disease from getting worse. Eating a healthy diet, not smoking, and exercising can also help. In rare cases, you may need surgery to straighten the spine. NIH: National Institute of Arthritis and Musculoskeletal and Skin Disease","Ankylosing spondylitis is an inflammatory arthritic condition that primarily affects the sacroiliac joint in the lower back and can progress to involve other parts of the body such as hips, shoulders, rib cage, heels, or even lungs. It causes chronic pain and stiffness which may lead to reduced flexibility over time due to fusion of vertebrae. The exact cause remains unknown but it's associated with genetic factors like HLA-B27 gene mutation. Treatment includes medications for symptom relief, physical therapy, regular exercise, and sometimes surgery if necessary.","The condition you're describing sounds like ankylosing spondylitis (AS), which causes chronic inflammation in the joints between vertebrae leading to pain and potentially fusion of those bones over time. It primarily affects the axial skeleton including the sacroiliac joints at the base of the lumbar region near the pelvis. Early diagnosis and treatment can help manage symptoms effectively. Consult with healthcare professionals for proper evaluation and management strategies tailored to individual needs.","To manage chronic spinal degeneration with associated symptoms like persistent pain or risk of vertebral fusion, it's essential to follow these steps under professional guidance: 1) Engage in physical therapy for strengthening back muscles; 2) Use medications such as NSAIDs for inflammation control; 3) Consider epidural steroid injections if warranted by your doctor; 4) Maintain an optimal weight through dietary changes; 5) Practice good posture habits daily; 6) In severe cases where conservative treatments fail, surgical options like decompression or stabilization procedures may be considered after thorough evaluation by a specialist. Always consult healthcare providers before starting any treatment regimen.",1.5563888685785503,1.165101945294458,0.2791471860826496,28.4272042768579,26.966825273490496,26.05769748141464,14.671814671814673,14.87603305785124,6.545454545454545,24.71042471042472,23.966942148760328,13.09090909090909,0.0,0.0,0.0,9.58904109589041,12.32876712328767,1.36986301369863,16.666666666666664,29.03225806451613,2.0408163265306123,12.17391304347826,17.307692307692307,1.639344262295082,0.8636972308158875,0.8576639890670776,0.8230937123298645,1.0,0.48198401927948,0.2938411235809326,4,5,4
Phi-3-medium-4k-instruct (4bit),phi3_14b_4bit.yaml,4bit,layperson,42,What is (are) Anthrax ?,"what is that bad infection thing people can get from animals or weird powder in the mail,, like what even is it and how does a person catch it?","What is zoonotic anthrax, how do humans contract it through animal contact or exposure to contaminated substances sent via mail, and what makes it dangerous?","Anthrax is a disease caused by Bacillus anthracis, a germ that lives in soil. Many people know about it from the 2001 bioterror attacks. In the attacks, someone purposely spread anthrax through the U.S. mail. This killed five people and made 22 sick. Anthrax is rare. It affects animals such as cattle, sheep, and goats more often than people. People can get anthrax from contact with infected animals, wool, meat, or hides. It can cause three forms of disease in people. They are - Cutaneous, which affects the skin. People with cuts or open sores can get it if they touch the bacteria. - Inhalation, which affects the lungs. You can get this if you breathe in spores of the bacteria. - Gastrointestinal, which affects the digestive system. You can get it by eating infected meat. Antibiotics often cure anthrax if it is diagnosed early. But many people don't know they have anthrax until it is too late to treat. A vaccine to prevent anthrax is available for people in the military and others at high risk. NIH: National Institute of Allergy and Infectious Diseases","Anthrax is an acute infectious disease caused by the spore-forming bacterium Bacillus anthracis. It primarily affects herbivorous mammals but can also be transmitted to humans through contact with contaminated animal products or inhalation of its spores. There are three main forms of human anthrax - cutaneous, gastrointestinal, and inhalational – each presenting different symptoms depending upon exposure route. The severity ranges from skin sores that heal without treatment for cutaneous anthrax to severe respiratory distress which may lead to death if not treated promptly as seen in cases of pulmonary anthrax. Vaccines against anthrax exist; however they're typically reserved for those at high risk such as certain laboratory workers handling B.anthracis cultures, military personnel who might encounter biological warfare agents including anthrax, etc. Antibiotics like ciprofloxacin, doxycycline, penicillins among others form part of effective theraptaion regimens when administered early enough after suspected exposure.","The condition you're referring to might be anthrax (Bacillus anthracis). It occurs naturally in soil and commonly affects domestic and wildlife species worldwide; humans may become infected through contact with an infected animal host, contaminated meat products, or spores released into the environment during industrial processes involving woolly materials such as hides used for tanning leather. Inhalational anthrax could also occur via exposure to airborne bacterial endospores intentionally distributed by bioterrorism means—such as letters containing ""weird powders."" However, this form of transmission has been extremely rare historically but remains possible due to its potential use as a weaponized agent.","Zoonotic anthrax refers to an infection caused by Bacillus anthracis bacteria that can be transmitted from animals (especially livestock) to humans. Humans may contract this disease either directly through handling products of infected animals such as wool, hides, or meat with cuts/abrasions exposed; indirectly when they come into contact with soil containing spores released from decomposing carcasses of affected animals; or rarely, through intentional release like bioterrorism involving mailed letters laced with B. anthracis spores. It's particularly dangerous due to its potential for high mortality if not treated promptly, especially the pulmonary form which occurs after inhalation of spores – often associated with deliberate releases - leading to severe respiratory distress along with systemic symptoms. Early diagnosis followed by appropriate antibiotic treatment significantly improves survival rates.",2.3025016741486883,0.8139639356785736,2.6467516207954827,41.10866743621851,30.072322512514987,36.2088144510236,19.16932907348243,13.38289962825279,15.54054054054054,33.22683706070288,22.30483271375465,30.405405405405407,0.0,0.0,0.0,20.0,10.0,15.714285714285714,22.950819672131143,17.94871794871795,18.64406779661017,21.37404580152672,12.844036697247708,17.05426356589147,0.8524743914604187,0.8460191488265991,0.8576823472976685,1.0,0.3414725661277771,0.6755566000938416,5,5,4
Phi-3-medium-4k-instruct (4bit),phi3_14b_4bit.yaml,4bit,incomplete,43,Do you have information about Antibiotic Resistance,Do you have any info on when germs kinda stop responding to medicine and what that means?,"At what point do bacteria become resistant to antibiotics, and what implications does this resistance carry?","Summary : Antibiotics are medicines that fight bacterial infections. Used properly, they can save lives. But there is a growing problem of antibiotic resistance. It happens when bacteria change and become able to resist the effects of an antibiotic. Using antibiotics can lead to resistance. Each time you take antibiotics, sensitive bacteria are killed. But resistant germs may be left to grow and multiply. They can spread to other people. They can also cause infections that certain antibiotics cannot cure. Methicillin-resistant Staphylococcus aureus (MRSA) is one example. It causes infections that are resistant to several common antibiotics. To help prevent antibiotic resistance - Don't use antibiotics for viruses like colds or flu. Antibiotics don't work on viruses. - Don't pressure your doctor to give you an antibiotic. - When you take antibiotics, follow the directions carefully. Finish your medicine even if you feel better. If you stop treatment too soon, some bacteria may survive and re-infect you. - Don't save antibiotics for later or use someone else's prescription. Centers for Disease Control and Prevention","Yes, antibiotic resistance occurs when bacteria change in response to the use of these medicines, rendering them less effective or even useless against certain strains of microbes that cause disease. It is an increasing global health concern due to overuse and misuse of antibiotics as well as poor sanitation practices which contribute to its spread. Strategies such as appropriate prescribing, patient education, vaccination, improved hygiene, surveillance, and research into new treatments can help combat this issue.","Yes, this phenomenon is known as antibiotic resistance or drug-resistant infections. It occurs when bacteria change over time due to exposure to antibiotives used for treatment but not fully eradicated from their system. This can lead to standard treatments becoming less effective against these resistant strains of microbes. The implications include longer hospital stays, higher medical costs, increased mortality rates, and limited options for future therapies if new drugs aren't developed. Preventative measures involve appropriate use of medications, hygiene practices, vaccination, and research into alternative therapeutic strategies.","Bacteria can develop resistance to antibiotics through genetic mutations or by acquiring resistance-conferring genes from other microbes via horizontal gene transfer mechanisms such as transformation, transduction, or conjugation. This process is often accelerated due to misuse of antibiotics in healthcare settings (e.g., overprescription) and agriculture (as growth promoters). The emergence of antibiotic-resistant strains carries significant public health risks; it leads to increased morbidity and mortality rates because standard treatments for common infectious diseases may no longer be effective. It also results in higher health care costs due to prolonged hospital stays and more intensive supportive measures required for patients with drug-resistant infections.",0.924093096193877,1.4820870001594242,0.7504704235711381,23.80797544274813,28.408384060551928,31.55703435600245,10.612244897959185,13.8996138996139,10.144927536231885,21.22448979591837,22.39382239382239,22.463768115942027,0.0,0.0,0.0,10.75268817204301,11.827956989247312,6.451612903225806,27.77777777777778,23.91304347826087,15.0,15.503875968992247,15.827338129496404,9.022556390977442,0.8484935760498047,0.8452010154724121,0.8366730213165283,1.0,0.3930296003818512,0.6147406101226807,4,4,2
Phi-3-medium-4k-instruct (4bit),phi3_14b_4bit.yaml,4bit,overgeneralization,44,Do you have information about Antibiotics,"do you have any info on meds people take when theyre sick, like the stuff for infections and other health problems in general?",What information can I find about medications commonly prescribed for treating infections and various illnesses?,"Summary : Antibiotics are powerful medicines that fight bacterial infections. Used properly, antibiotics can save lives. They either kill bacteria or keep them from reproducing. Your body's natural defenses can usually take it from there. Antibiotics do not fight infections caused by viruses, such as - Colds - Flu - Most coughs and bronchitis - Sore throats, unless caused by strep If a virus is making you sick, taking antibiotics may do more harm than good. Using antibiotics when you don't need them, or not using them properly, can add to antibiotic resistance. This happens when bacteria change and become able to resist the effects of an antibiotic. When you take antibiotics, follow the directions carefully. It is important to finish your medicine even if you feel better. If you stop treatment too soon, some bacteria may survive and re-infect you. Do not save antibiotics for later or use someone else's prescription. Centers for Disease Control and Prevention","Yes, antibiotics are medications used to treat bacterial infections by killing or slowing down the growth of harmful bacteria without causing significant damage to host cells. They do not work against viral infections like colds or flu. Misuse can lead to resistance wherein they become less effective over time. Always use them as prescribed by healthcare professionals.","Yes, there is an extensive range of medications used to treat various illnesses including antibiotics such as amoxicillin or azithromycin for bacterial infections; antihistamines like cetirizine for allergies; analgesics (pain relievers) which include acetaminophen and ibuprofen among others; antipyretics also help reduce fever alongside pain relief; antivirals such as oseltamivir can be prescribed during flu outbreaks; insulins manage diabetes by regulating blood sugar levels; statins assist with lowering cholesterol; etc., each tailored according to specific conditions and patient needs under professional guidance. Always consult your doctor before taking new medicine.","The UMLS (Unified Medical Language System) is an extensive database that provides comprehensive terminology coverage of biomedical concepts including diseases, symptoms, diagnoses, body functions or structures related to healthcare services. It includes detailed descriptions, synonyms, relationships between terms, as well as links to other relevant resources such as drug databases like DrugBank which contains data on pharmacokinetics, side effects, interactions, dosage forms etc., making it highly useful when researching treatments for specific conditions. However, please consult with your doctor before starting any new treatment regimen.",0.5047944687276574,0.7721274506377995,0.7827284846673936,21.62833901880505,27.74223478408236,26.1959844346157,14.354066985645932,9.917355371900827,7.627118644067797,24.88038277511962,18.18181818181818,14.40677966101695,0.0,0.0,0.0,9.210526315789473,6.578947368421052,2.631578947368421,23.33333333333333,12.195121951219512,5.405405405405405,13.207547169811315,8.547008547008547,3.5398230088495577,0.865715742111206,0.8104797601699829,0.813550591468811,1.0,0.5710306763648987,0.6665886044502258,4,3,1
Phi-3-medium-4k-instruct (4bit),phi3_14b_4bit.yaml,4bit,typos_grammar,45,Do you have information about Antidepressants,do u have any infoormation abot anti depressnts and how they work maybe?,What information can you provide about antidepressants and their mechanism of action?,"Summary : Antidepressants are medicines that treat depression. Your doctor can prescribe them for you. They work to balance some of the natural chemicals in our brains. It may take several weeks for them to help. There are several types of antidepressants. You and your doctor may have to try a few before finding what works best for you. Antidepressants may cause mild side effects that usually do not last long. These may include headache, nausea, sleep problems, restlessness, and sexual problems. Tell your doctor if you have any side effects. You should also let your doctor know if you take any other medicines, vitamins, or herbal supplements. It is important to keep taking your medicines, even if you feel better. Do not stop taking your medicines without talking to your doctor. You often need to stop antidepressants gradually. NIH: National Institute of Mental Health","Yes, antidepressants are medications commonly used to treat depression by balancing chemicals in your brain that affect mood and emotions called neurotransmitters or serotonin, norepinephrine, and dopamine. There is no one type of antidepressant; different types work better for some people than others. Examples include selective serotptaion reuptake inhibitors (SSRIs), tricyclic antidepressants (TCAs) and monoamine oxidase inhibitors (MAOIs). Always consult with healthcare professionals before starting any new treatment regimen.","Yes, antidepressants help regulate neurotransmitters in your brain to improve mood disorders like depression or anxiety by increasing levels of serotonin (SSRIs), norepinephrine & dopamine (SNRIs) or modulating glutamate activity (NMDA receptor antagonists). Always consult with healthcare professionals for personalized advice.","Antidepressants work by balancing chemicals in your brain called neurotransmitters that affect mood and emotions such as serotonin, norepinephrine, and dopamine. Different classes include selective serotright reuptake inhibitors (SSRIs), tricyclic antidepressants (TCAs), monoamine oxidase inhibitors (MAOIs), atypical agents like bupropion, and others which may act through various mechanisms to alleviate symptoms of depression over time. It's important for patients to discuss with healthcare providers because these medications require careful monitoring due to potential side effects and interactions.",0.9134016591420484,0.1422836479406889,0.8977761420649328,30.00732705164241,16.703819233684992,29.9037102714352,12.322274881516588,6.593406593406594,10.909090909090908,22.748815165876778,9.89010989010989,20.0,0.0,0.0,0.0,10.0,5.0,10.0,25.0,17.647058823529413,20.689655172413797,14.285714285714288,7.792207792207792,13.48314606741573,0.8431324362754822,0.8353264927864075,0.8408663868904114,1.0,0.7713297009468079,0.8737301826477051,4,4,4
Phi-3-medium-4k-instruct (4bit),phi3_14b_4bit.yaml,4bit,ambiguity,46,Do you have information about Antioxidants,Do you know much about those things people take or eat that are supposed to help with damage or aging or like cell stuff?,What supplements can aid in repairing tissue damage and slowing down the effects of aging at the cellular level?,"Summary : Antioxidants are man-made or natural substances that may prevent or delay some types of cell damage. Antioxidants are found in many foods, including fruits and vegetables. They are also available as dietary supplements. Examples of antioxidants include - Beta-carotene - Lutein - Lycopene - Selenium - Vitamin A - Vitamin C - Vitamin E Vegetables and fruits are rich sources of antioxidants. There is good evidence that eating a diet with lots of vegetables and fruits is healthy and lowers risks of certain diseases. But it isn't clear whether this is because of the antioxidants, something else in the foods, or other factors. High-dose supplements of antioxidants may be linked to health risks in some cases. For example, high doses of beta-carotene may increase the risk of lung cancer in smokers. High doses of vitamin E may increase risks of prostate cancer and one type of stroke. Antioxidant supplements may also interact with some medicines. To minimize risk, tell you of your health care providers about any antioxidants you use. NIH: National Center for Complementary and Integrative Health","Yes, antioptaids are molecules that can prevent or slow damage to cells caused by free radicals—unstable atoms produced as a result of metabolism and environmental factors such as pollution and UV exposure from sunlight. They play an important role in maintaining healthy bodily functions and may reduce the risk for certain diseases like heart disease and cancer when consumed through dietary sources (e.g., fruits, vegetables) or supplementation. Some common examples include vitamins C and E, selenium, lutein, lycopene, etc. However, it's essential not to exceed recommended doses since high levels might be harmful. Always consult with your doctor before starting any new regimen involving nutritional supplements.","Yes, substances known as antioxidants can potentially aid in reducing oxidative stress associated with age-related damage at the cellular level. These include vitamins C & E, beta carotene, selenium, flavonoids found in fruits and vegetables, resveratrol from grapes/wine, curcumin from turmeric, etc., which may support overall health when included within balanced diets alongside regular exercise and other lifestyle factors. However, it's important for individuals to consult their doctors before starting any new supplement regimen due to potential interactions or side effects.","Supplements that may help with tissue repair and mitigating age-related changes include omega-3 fatty acids (DHA), vitamin C, coenzyme Q10, curcumin from turmeric, resveratrol found in grapes/red wine, NAD+ precursors like nicotinamide riboside or NRGx™ complex containing Pterostilbene & Nicotinamide Mononucleotide (NMN). Always consult your healthcare provider before starting any new supplement regimen.",1.0818809569580456,1.05334487751675,0.3238429523629816,30.330240266070817,25.59007658358537,17.39546009171008,14.388489208633096,11.811023622047244,8.81057268722467,33.093525179856115,22.047244094488192,11.453744493392067,0.0,0.0,0.0,9.722222222222223,9.722222222222223,4.166666666666666,15.555555555555555,22.58064516129032,15.789473684210526,11.965811965811966,13.592233009708735,6.593406593406594,0.8571984767913818,0.8482078313827515,0.8109760284423828,1.0,0.5183303952217102,0.3748768866062164,4,4,2
Phi-3-medium-4k-instruct (4bit),phi3_14b_4bit.yaml,4bit,layperson,47,What is (are) Anxiety ?,"what is it called when a person gets all nervouse n worked up for no real reason, like heart racing, cant calm down, mind wont stop etc and is that just a normal thing or some kinda problem?","What is the condition characterized by excessive anxiety without an apparent cause, including symptoms like rapid heartbeat, difficulty calming down, and persistent worrying thoughts, and could it indicate a potential health issue?","Fear and anxiety are part of life. You may feel anxious before you take a test or walk down a dark street. This kind of anxiety is useful - it can make you more alert or careful. It usually ends soon after you are out of the situation that caused it. But for millions of people in the United States, the anxiety does not go away, and gets worse over time. They may have chest pains or nightmares. They may even be afraid to leave home. These people have anxiety disorders. Types include - Panic disorder - Obsessive-compulsive disorder - Post-traumatic stress disorder - Phobias - Generalized anxiety disorder Treatment can involve medicines, therapy or both. NIH: National Institute of Mental Health","Anxiety refers to feelings of worry or fear that can be mild or severe enough to interfardle with daily activities. It's often characterized by restlessness, increased heart rate, rapid breathing, difficulty concentrating, sleep disturbances, fatigue, irritability, muscle tension, nausea, sweaty palms, lightheadedness, trembling, shortness of breath, stomach discomfort, frequent urination/urge to urinate, headache, chest pain, numbness in hands and feet, feeling out-of-control, detached from self, depressed, unrealistic view of life situations, etc., which may vary depending upon individual experiences and severity levels. Chronic anxiety could lead to various mental health conditions like generalized anxiety disorder, panic attacks, phobias, social anxiety disorders among others if not managed properly through therapy, medication, lifestyle changes, relaxation techniques, mindfulness practices, exercise, balanced diet, adequate sleep, avoidance of alcohol & caffeine intake, supportive relationships, stress management strategies, cognitive behavioral approaches, exposure therapies, acceptance commitment therapy, dialectical behaviour therapy, eye movement desensitization reprocessing for trauma related issues, psychodynamic approach focusing on early childhood events","The symptoms you're describing sound similar to anxiety or panic attacks; these can occur without an obvious trigger. While occasional episodes may be considered within the range of normal experiences due to stressors in life, frequent occurrences could indicate an underlying issue such as Generalized Anxiety Disorder (GAD) or Panic Disorder. It would be advisable for anyone experiencing this regularly to consult with a healthcare professional for proper assessment and potential treatment options.","The described condition aligns with General Anxiety Disorder (GAD). GAD involves chronic exaggerated worry and tension that's unfounded or much more severe than the normal anxieties of life. Symptoms include restlessness, feeling wound-up or edgy, being easily fatigued, muscle tension, sleep disturbances such as trouble falling or staying asleep, irritability, sweating, nausea, diarrhea, dry mouth, pounding heart/rapid breathing, etc., avoidance behavior, poor concentration, fearful anticipation about future events, inability to relax, unrealistic view of problems, intense craving for immediate solutions, seeing only negative outcomes, perfectionism leading to procrastination due to not wanting to make mistakes, lack of enjoyment despite pleasurable activities once enjoyed, physical signs of stress even when there’s no real danger present. It can be indicative of underlying mental health issues but also may have physiological contributors; hence consulting a professional diagnosis from psychiatrists or clinical psychologists would provide clarity regarding its etiology and management strategies.",0.9073824630786176,0.815416075504397,1.6296140792080058,34.593917975896204,27.300437664883088,32.10074460900241,12.408759124087592,10.989010989010987,10.68702290076336,25.54744525547445,24.17582417582417,23.66412213740458,0.0,0.0,0.0,19.230769230769237,9.615384615384617,9.615384615384617,10.989010989010987,17.24137931034483,8.771929824561402,13.986013986013983,12.34567901234568,9.174311926605505,0.8262069821357727,0.8424108624458313,0.8275514841079712,0.9999999403953552,0.4932754635810852,0.6385630369186401,3,4,4
Phi-3-medium-4k-instruct (4bit),phi3_14b_4bit.yaml,4bit,incomplete,48,What is (are) Aortic Aneurysm ?,"what is that aneurysm thing in the big artery, like what does it mean?",What is an abdominal aortic aneurysm and how serious can its implications be?,"An aneurysm is a bulge or ""ballooning"" in the wall of an artery. Arteries are blood vessels that carry oxygen-rich blood from the heart to other parts of the body. If an aneurysm grows large, it can burst and cause dangerous bleeding or even death. Most aneurysms are in the aorta, the main artery that runs from the heart through the chest and abdomen. There are two types of aortic aneurysm: - Thoracic aortic aneurysms - these occur in the part of the aorta running through the chest - Abdominal aortic aneurysms - these occur in the part of the aorta running through the abdomen Most aneurysms are found during tests done for other reasons. Some people are at high risk for aneurysms. It is important for them to get screening, because aneurysms can develop and become large before causing any symptoms Screening is recommended for people between the ages of 65 and 75 if they have a family history, or if they are men who have smoked. Doctors use imaging tests to find aneurysms. Medicines and surgery are the two main treatments. NIH: National Heart, Lung, and Blood Institute","An aortic aneurysm is a bulge or dilation in the wall of the major blood vessel that carries oxygenated blood from your heart to other parts of your body (the aorta). It can occur anywhere along the length of the artery but most commonly occurs below the kidneys where it becomes wider naturally due to branching vessels called bifurcations. If left untreated, there's risk for rupture which could lead to life-threatening internal bleeding. The exact cause isn’t always known, though factors like high blood pressure, smoking, genetic predisposition may contribute. Treatment depends upon its size, location & rate of growth; options include regular monitoring with imaging tests, medication management especially antihypertensives, lifestyle changes such as quitting smoking/alcohol use, dietary modifications, surgery if necessary when at significant risk of rupturing.","An abdominal aortic aneurysm (AAA) refers to a localized enlargement of the abdomardial segment of the aorta, which can lead to rupture if not monitored or treated appropriately due to weakened vessel walls. It's important for individuals with AAA risk factors such as age over 65, smoking history, male gender, family history, etc., to undergo regular screening via ultrasound imaging. Treatment options vary from watchful waiting with lifestyle modifications to surgical intervention depending upon size and growth rate of the aneurysm.","An abdominal aortic aneurysm (AAA) is a localized enlargement of the abdomardial segment of the aorta that exceeds 1.5 times normal diameter or more than 3 cm in size. The condition's severity depends largely upon factors such as the AAA’s size, growth rate, shape, presence of symptoms like pain, rupture risk assessment scores, patient comorbidities, etc. If untreated, AAAs carry significant risks including life-threatening internal bleeding due to potential rupture; however, small asymptomatic ones may only require regular monitoring while larger or rapidly growing/symptomatic cases might necessitate surgical intervention for repair. Early detection through screenings especially among high-risk individuals significantly improves prognosis by allowing timely management before catastrophic complications ensue.",6.718622279727338,1.4943076774286317,1.337396626375036,34.24631439442855,24.814337043604777,28.793922984935676,20.000000000000004,11.475409836065571,8.664259927797834,31.03448275862069,20.49180327868853,15.884476534296027,0.0,0.0,0.0,15.384615384615383,7.6923076923076925,7.6923076923076925,19.35483870967742,18.75,13.333333333333334,17.142857142857142,10.90909090909091,9.75609756097561,0.8616189360618591,0.8631247282028198,0.8367456197738647,0.9999998807907104,0.7426072359085083,0.8351494669914246,4,4,4
Phi-3-medium-4k-instruct (4bit),phi3_14b_4bit.yaml,4bit,overgeneralization,49,What is (are) Aphasia ?,"what does it usually mean when some1 suddenly has big problems talking or getting words out and maybe not understanding stuff right, is that like a general brain/language issue or just speech trouble?","What typically indicates if sudden difficulty speaking, forming coherent sentences, and comprehending language suggests an overarching neurological condition affecting communication rather than isolated dysarthria?","Aphasia is a disorder caused by damage to the parts of the brain that control language. It can make it hard for you to read, write, and say what you mean to say. It is most common in adults who have had a stroke. Brain tumors, infections, injuries, and dementia can also cause it. The type of problem you have and how bad it is depends on which part of your brain is damaged and how much damage there is. There are four main types: - Expressive aphasia - you know what you want to say, but you have trouble saying or writing what you mean - Receptive aphasia - you hear the voice or see the print, but you can't make sense of the words - Anomic aphasia - you have trouble using the correct word for objects, places, or events - Global aphasia - you can't speak, understand speech, read, or write Some people recover from aphasia without treatment. Most, however, need language therapy as soon as possible. NIH: National Institute of Neurological Disorders and Stroke","Aphasia is a communication disorder that results from damage to parts of the brain responsible for language production or processing. It can affect speaking, understanding speech, reading, writing, and other forms of expression. The severity varies depending on which areas of the brain have been affected by injury such as stroke, traumatic head wound, tumor, etc., leading individuals with this condition to experience difficulties in expressing themselves verbally or comprehending others' spoken words effectively. There exist different types of aphasias like Broca’s, Wernicke’s, Global, Anomic among others each characterized by distinct symptoms related to specific linguistic functions impaired due to localization of lesion within cerebral cortex involved in language abilities. Treatment typically involves speech-language therapy aimed at improving functional use of remaining capabilities while compensating lost skills through alternative strategies tailored according patient needs & goals alongside supportive care measures addressing emotional wellbeing impacted during recovery process.",Sudden difficulty with speaking (expressive language) or comprehension could indicate an acute neurological event such as stroke; immediate evaluation by emergency services is crucial for proper diagnosis and treatment to minimize potential damage. This condition may involve various areas of the brain responsible for language processing but should be assessed individually through clinical examination and imaging studies if necessary. It's essential to seek urgent medical attention in these cases rather than self-diagnosing.,"Sudden difficulties in speech production (expressive), understanding spoken or written language (receptive), along with reading/writing challenges that occur together suggest conditions like stroke-related Aphasia instead of just Dysarthria which primarily involves muscle control for speech without necessarily impacting cognitive aspects of language processing directly.",3.769821363399589,0.5915179422531649,0.0854310085259533,37.64265830436717,24.10923215956737,20.45864887962982,16.233766233766232,7.659574468085106,9.569377990430622,27.27272727272728,18.72340425531915,16.267942583732054,0.0,0.0,0.0,17.333333333333336,6.666666666666667,8.0,20.3125,13.88888888888889,22.22222222222222,18.705035971223023,9.00900900900901,11.76470588235294,0.8629172444343567,0.8372023701667786,0.836164116859436,1.0,0.2442886382341385,0.3468433022499084,4,4,5
