model,config,quantization,noise_type,question_id,question_clean,question_noisy,question_repaired,reference_answer,answer_clean,answer_noisy,answer_repaired,bleu_clean,bleu_noisy,bleu_repaired,chrf_clean,chrf_noisy,chrf_repaired,rouge_l_clean,rouge_l_noisy,rouge_l_repaired,token_f1_clean,token_f1_noisy,token_f1_repaired,exact_match_clean,exact_match_noisy,exact_match_repaired,med_coverage_clean,med_coverage_noisy,med_coverage_repaired,med_precision_clean,med_precision_noisy,med_precision_repaired,med_f1_clean,med_f1_noisy,med_f1_repaired,bertscore_clean,bertscore_noisy,bertscore_repaired,intent_preservation_clean,intent_preservation_noisy,intent_preservation_repaired,geval_clean,geval_noisy,geval_repaired
gemma-4-31B-it (4bit),gemma4_31b_q6k_ref.yaml,4bit,typos_grammar,0,Do you have information about A1C,"do you got any info rmation abotu A1C , like what it is an how it works?","What is an HbA1c test, and how does it work to measure blood glucose levels?","Summary : A1C is a blood test for type 2 diabetes and prediabetes. It measures your average blood glucose, or blood sugar, level over the past 3 months. Doctors may use the A1C alone or in combination with other diabetes tests to make a diagnosis. They also use the A1C to see how well you are managing your diabetes. This test is different from the blood sugar checks that people with diabetes do every day. Your A1C test result is given in percentages. The higher the percentage, the higher your blood sugar levels have been: - A normal A1C level is below 5.7 percent - Prediabetes is between 5.7 to 6.4 percent. Having prediabetes is a risk factor for getting type 2 diabetes. People with prediabetes may need retests every year. - Type 2 diabetes is above 6.5 percent - If you have diabetes, you should have the A1C test at least twice a year. The A1C goal for many people with diabetes is below 7. It may be different for you. Ask what your goal should be. If your A1C result is too high, you may need to change your diabetes care plan. NIH: National Institute of Diabetes and Digestive and Kidney Diseases","**Hemoglobin A1c (HbA1c)** is a blood test that measures your average blood sugar levels over the past two to three months. It is primarily used for screening, diagnosing, and monitoring diabetes.

### How it Works
Glucose in your bloodstream attaches to hemoglobin, the protein in red blood cells that carries oxygen. Because red blood cells live for approximately 3 months, measuring the percentage of ""glycated"" hemoglobin provides an average of your glucose levels over that period, rather than a snapshot of your current level (like a finger-stick glucose test).

### Understanding the Results
The results are reported as a percentage. While target ranges can vary by individual health needs, general guidelines are typically:

*   **Normal:** Below 5.7%
*   **Prediabetes:** 5.7% to 6.4%
*   **Diabetes:** 6.5% or higher

### Why it is Important
*   **Diagnosis:** It helps doctors identify prediabetes and type 2 diabetes without requiring the patient to fast before the test.
*   **Management:** For those with diabetes, tracking A1C helps determine if medications, diet, and exercise plans are working effectively.
*   **Risk Reduction:** Maintaining a target A1C range reduces the risk of long-term complications, such as kidney disease, nerve damage (neuropathy), and vision loss (retinopathy).

***Disclaimer:** I am an","**HbA1c**, commonly referred to as **A1C**, is a blood test that measures your average blood sugar levels over the past two to three months.

### What it is
Unlike a finger-stick glucose test, which shows your blood sugar at one specific moment (a ""snapshot""), the A1C provides a long-term average (a ""big picture""). It is primarily used to diagnose prediabetes and diabetes, and to monitor how well a diabetes treatment plan is working.

### How it works
The test relies on the biology of your red blood cells:
1. **Glycation:** Glucose (sugar) in your bloodstream naturally attaches itself to **hemoglobin**, the protein in red blood cells that carries oxygen. This process is called glycation.
2. **Permanent Record:** Once glucose sticks to hemoglobin, it stays there for the entire life of the red blood cell. 
3. **Lifespan:** Red blood cells typically live for about 120 days. By measuring the percentage of hemoglobin that has glucose attached to it, doctors can determine the average amount of sugar that has been present in your blood over the last few months.

### Understanding the Results
Results are reported as a percentage. While ranges can vary slightly by laboratory, general guidelines include:
*   **Normal:** Below 5.7%
*   **Prediabetes:** 5.7% to 6.4%
*   **","An **HbA1c test** (also known as glycated hemoglobin or A1c) is a blood test that measures your average blood sugar levels over the past two to three months. Unlike a finger-stick glucose test, which provides a snapshot of current blood sugar, the HbA1c reflects long-term glycemic control.

### How It Works
The test relies on the biological process called **glycation**. Here is the step-by-step mechanism:

1.  **Glucose Binding:** Glucose in the bloodstream naturally attaches itself to **hemoglobin**, the protein in red blood cells responsible for carrying oxygen. 
2.  **Permanent Attachment:** Once glucose binds to hemoglobin, it creates a ""glycated"" hemoglobin molecule ($\text{HbA}_{1\text{c}}$). This bond is permanent for the life of the red blood cell.
3.  **Accumulation:** The higher the concentration of glucose in the blood, the more hemoglobin becomes glycated. Because this attachment happens continuously, the percentage of glycated hemoglobin serves as a running tally of blood sugar exposure.
4.  **Lifespan Measurement:** Red blood cells have an average lifespan of about **120 days**. Therefore, measuring the percentage of $\text{HbA}_{1\text{c}}$ allows clinicians to estimate the average blood glucose level over the preceding 8–12 weeks.

### Interpretation of Results
Results are reported as a percentage. General",4.524684565691581,4.476230788014273,4.6841908053994965,40.10154110771793,38.38472043905426,35.18453661230625,23.180592991913745,19.098143236074268,14.016172506738544,38.81401617250674,36.07427055702918,25.87601078167117,0.0,0.0,0.0,26.666666666666668,22.666666666666664,18.666666666666668,22.988505747126435,20.73170731707317,21.21212121212121,24.69135802469136,21.656050955414013,19.8581560283688,0.8505961894989014,0.8455616235733032,0.8205019235610962,1.0,0.8034437298774719,0.3981668055057525,4,4,4
gemma-4-31B-it (4bit),gemma4_31b_q6k_ref.yaml,4bit,ambiguity,1,What is (are) Abdominal Pain ?,"what does it mean if your stomach/belly area is hurting inside, like that kind of pain in the middle, or around there, is that just a regular stomach ache or something else?","What are the potential causes of midline abdominal pain, and how can it be distinguished from a typical stomach ache?","Your abdomen extends from below your chest to your groin. Some people call it the stomach, but your abdomen contains many other important organs. Pain in the abdomen can come from any one of them. The pain may start somewhere else, such as your chest. Severe pain doesn't always mean a serious problem. Nor does mild pain mean a problem is not serious. Call your healthcare provider if mild pain lasts a week or more or if you have pain with other symptoms. Get medical help immediately if - You have abdominal pain that is sudden and sharp - You also have pain in your chest, neck or shoulder - You're vomiting blood or have blood in your stool - Your abdomen is stiff, hard and tender to touch - You can't move your bowels, especially if you're also vomiting","**Abdominal pain** is a broad clinical term describing discomfort or pain occurring anywhere between the chest (diaphragm) and the groin (inguinal ligament). Because this region contains numerous organs, abdominal pain can stem from various causes ranging from mild to life-threatening.

### Classification by Location
Medical professionals often categorize abdominal pain by its location to help diagnose the cause:
*   **Upper Right:** Gallbladder (gallstones), liver issues.
*   **Upper Left:** Spleen, stomach (gastritis/ulcers), pancreas.
*   **Lower Right:** Appendix (appendicitis), cecum, right ovary/fallopian tube.
*   **Lower Left:** Diverticulitis, left ovary/fallopian tube.
*   **Central/Periumbilical:** Small intestine, early appendicitis, aortic aneurysm.
*   **Epigastric (Top Center):** Stomach, esophagus, heart (referred pain from myocardial infarction).

### Types of Pain
1.  **Visceral Pain:** Dull, aching, or cramping pain caused by stretching or irritation of internal organs; it is often poorly localized.
2.  **Somatic (Parietal) Pain:** Sharp, severe pain caused by inflammation of the peritoneum (the lining of the abdominal cavity); it is usually well-localized.
3.  **Referred Pain:** Pain felt in one area but originating from another (e.g., shoulder pain resulting from","***Disclaimer:** I am an AI, not a doctor. If you are experiencing severe pain, high fever, persistent vomiting, or blood in your stool, seek immediate medical attention or go to an Urgent Care center.*

Pain in the middle of the belly (the umbilical region) can range from a common ""stomach ache"" to more serious conditions. Because many organs are located in this area, doctors categorize the cause based on the type of pain and accompanying symptoms.

### 1. Common/Minor Causes (""Regular Stomach Ache"")
Most mid-abdominal pain is related to the digestive tract and is typically non-emergency:
*   **Indigestion or Gas:** Often feels like bloating or sharp, shifting pains caused by trapped air.
*   **Gastroenteritis (Stomach Flu):** Usually accompanied by nausea, diarrhea, or cramping.
*   **Constipation:** A dull ache often relieved after a bowel movement.
*   **Overeating or Food Intolerance:** Pain resulting from difficulty digesting certain foods (e.g., lactose intolerance).

### 2. Moderate to Serious Causes
If the pain persists or intensifies, it could be related to specific organs:
*   **Gastritis or Peptic Ulcers:** Inflammation or sores in the stomach lining; often felt as a burning sensation in the upper-middle area.
*   **Small Bowel Obstruction:** Severe cramping and inability to pass gas or stool.
*","***Disclaimer:** I am an AI, not a doctor. If you or someone else is experiencing severe abdominal pain, high fever, persistent vomiting, or signs of shock, seek immediate emergency medical attention.*

Midline abdominal pain refers to discomfort located along the vertical center of the abdomen. Because many different organs occupy this space, the cause often depends on whether the pain is in the upper (epigastric), middle (periumbilical), or lower (suprapubic) region.

### Potential Causes by Region

**1. Upper Midline (Epigastric)**
*   **GERD/Gastritis:** Acid reflux or inflammation of the stomach lining.
*   **Peptic Ulcers:** Sores in the stomach or duodenum; often associated with hunger or specific foods.
*   **Pancreatitis:** Inflammation of the pancreas; typically presents as severe pain that radiates to the back.
*   **Biliary Colic:** Gallstones causing blockage (though usually right-sided, it can manifest centrally).

**2. Middle Midline (Periumbilical)**
*   **Early Appendicitis:** Pain often begins around the belly button before migrating to the lower right quadrant.
*   **Small Bowel Obstruction:** Blockage of the intestines, often accompanied by bloating and inability to pass gas.
*   **Abdominal Aortic Aneurysm (AAA):** A critical emergency involving a bulge in the main artery; may present as",0.551028092719775,2.043998209487973,0.8369460315675676,31.14060295912031,34.094756719303035,32.87488806954313,12.751677852348994,12.618296529968454,9.30232558139535,24.832214765100677,27.760252365930604,23.92026578073089,0.0,0.0,0.0,26.666666666666668,21.666666666666668,13.333333333333334,18.181818181818183,14.942528735632186,10.0,21.62162162162162,17.687074829931973,11.428571428571429,0.8063270449638367,0.82225102186203,0.8048407435417175,1.0,0.6781894564628601,0.746436595916748,3,2,2
gemma-4-31B-it (4bit),gemma4_31b_q6k_ref.yaml,4bit,layperson,2,What is (are) Abortion ?,"what does it mean when a pregancy gets ended early or the baby is not kept, like how does that whole thing happen and what is it exactly ?",What are the different methods and clinical processes used for pregnancy termination?,"An abortion is a procedure to end a pregnancy. It uses medicine or surgery to remove the embryo or fetus and placenta from the uterus. The procedure is done by a licensed health care professional. The decision to end a pregnancy is very personal. If you are thinking of having an abortion, most healthcare providers advise counseling.","**Abortion** is the termination of a pregnancy by removing an embryo or fetus from the uterus before it has reached viable development.

There are two primary types of abortion:

1.  **Spontaneous Abortion:** Commonly known as a **miscarriage**, this occurs when a pregnancy ends on its own due to natural causes, such as genetic abnormalities in the embryo or maternal health complications.
2.  **Induced Abortion:** This is a deliberate procedure performed to end a pregnancy. Induced abortions are typically categorized into two methods:
    *   **Medical Abortion:** The use of medications (such as mifepristone and misoprostol) to terminate the pregnancy.
    *   **Surgical Abortion:** A clinical procedure performed by a healthcare provider to remove the contents of the uterus (e.g., vacuum aspiration or dilation and evacuation).

***Disclaimer:** I am an AI, not a doctor. If you have specific medical concerns or need advice regarding your health, please consult a licensed healthcare professional.*","Ending a pregnancy before birth occurs through two primary pathways: **spontaneous loss (miscarriage)** or **induced termination (abortion).**

### 1. Spontaneous Loss (Miscarriage)
A miscarriage happens when a pregnancy ends on its own due to natural causes. This most commonly occurs in the first trimester.
*   **Why it happens:** The most frequent cause is chromosomal abnormalities—where the embryo develops incorrectly and cannot survive. Other factors can include maternal health conditions or placental issues.
*   **How it happens:** The body recognizes the pregnancy is not viable and begins to shed the uterine lining. This involves cramping and bleeding as the gestational sac is expelled from the uterus. In some cases, the body doesn't expel the tissue naturally, requiring a medical procedure called a D&C (dilation and curettage) to clear the uterus for safety.

### 2. Induced Termination (Abortion)
An abortion is a deliberate medical process used to end a pregnancy. There are two main methods depending on how far along the pregnancy has progressed:

**Medical Abortion (The ""Abortion Pill"")**
This is typically used in the first 10–11 weeks of pregnancy. It involves taking two different medications:
*   **Mifepristone:** Blocks progesterone, the hormone needed to maintain the pregnancy.
*   **Misoprostol:** Causes the cervix to soften and the uterus to contract, pushing the pregnancy out of the","*Disclaimer: This information is provided for educational purposes and does not constitute medical advice. Pregnancy termination should only be performed by licensed healthcare providers in accordance with local laws.*

Pregnancy termination (abortion) is categorized primarily by the method used—medical or surgical—and the gestational age of the fetus.

### 1. Medical Termination (Medical Abortion)
This method uses medications to terminate a pregnancy and is typically used during the first trimester (usually up to 10–11 weeks).

*   **The Process:** It generally involves a two-drug regimen:
    *   **Mifepristone:** The first medication blocks progesterone, the hormone necessary to maintain the uterine lining, causing the lining to break down and stopping fetal development.
    *   **Misoprostol:** Administered 24–48 hours later, this drug causes the cervix to soften and the uterus to contract, expelling the pregnancy tissue through cramping and bleeding.
*   **Clinical Considerations:** Patients may choose to take these at home after an initial clinic visit. Follow-up is required via ultrasound or blood tests (hCG levels) to ensure complete evacuation.

### 2. Surgical Termination (Procedural Abortion)
Surgical methods involve physical removal of the products of conception from the uterus. These are categorized by the timing of the procedure:

#### A. First Trimester/Early Second Trimester (Up to ~14–16 weeks)",5.103346376612865,4.029171159831969,1.6644613725579476,45.73809581071839,32.735359926235866,33.06857157844033,18.079096045197744,13.043478260869565,11.304347826086955,33.898305084745765,20.0,21.73913043478261,0.0,0.0,0.0,47.61904761904761,23.809523809523807,38.095238095238095,21.73913043478261,5.747126436781609,9.63855421686747,29.85074626865672,9.25925925925926,15.384615384615383,0.8537708520889282,0.8310205936431885,0.8324301838874817,0.9999999403953552,0.4420582950115204,0.4668668508529663,4,3,4
gemma-4-31B-it (4bit),gemma4_31b_q6k_ref.yaml,4bit,incomplete,3,What is (are) Abscess ?,what is that painful swollen thing with pus?,"What is the cause of a painful, swollen lesion containing pus?","An abscess is a pocket of pus. You can get an abscess almost anywhere in your body. When an area of your body becomes infected, your body's immune system tries to fight the infection. White blood cells go to the infected area, collect within the damaged tissue, and cause inflammation. During this process, pus forms. Pus is a mixture of living and dead white blood cells, germs, and dead tissue. Bacteria, viruses, parasites and swallowed objects can all lead to abscesses. Skin abscesses are easy to detect. They are red, raised and painful. Abscesses inside your body may not be obvious and can damage organs, including the brain, lungs and others. Treatments include drainage and antibiotics.","An **abscess** is a localized collection of pus that builds up within a cavity formed inside tissues, organs, or enclosed spaces in the body. It is typically the result of an inflammatory response to an infection—most commonly bacterial—though it can also be caused by foreign bodies or certain chemical irritants.

### Key Characteristics:
*   **Composition:** Pus consists of dead white blood cells (leukocytes), cellular debris, and the infecting microorganisms.
*   **Formation:** The body creates a wall of tissue around the infected area to prevent the spread of the infection to surrounding healthy tissues. This ""walling off"" effect often makes it difficult for antibiotics to penetrate the center of the abscess.
*   **Common Symptoms:** Redness, swelling, warmth, pain, and sometimes systemic symptoms like fever or chills.

### Common Types:
1.  **Cutaneous (Skin) Abscesses:** Occur just under the skin; these may develop into boils or furuncles.
2.  **Internal Abscesses:** These occur deep within the body and are more dangerous. Examples include:
    *   **Dental absess:** At the root of a tooth or in the gums.
    *   **Periapical/Peritonsillar abscess:** In the throat or tonsils.
    *   **Intra-abdominal abscess:** Within the liver, appendix, or intestines.
    *   **Brain abscess:** A rare but","***Disclaimer:** I am an AI, not a doctor. If you have a fever, red streaks spreading from the area, or severe pain, seek immediate medical attention.*

Based on your description, there are several common possibilities for a painful, swollen lump containing pus:

**1. Abscess**
A localized collection of pus caused by a bacterial infection (often *Staphylococcus*). It typically feels warm to the touch, is swollen, and may feel ""fluctuant"" (like there is liquid moving under the skin).

**2. Furuncle (Boil)**
A specific type of abscess that starts in a hair follicle or oil gland. Boils often start as a red bump and develop a yellow or white ""head"" as pus accumulates.

**3. Infected Cyst**
A pre-existing sebaceous cyst (a non-cancerous sac) can become infected, leading to inflammation, swelling, and the buildup of pus inside the sac.

**4. Cellulitis with Abscess**
If the redness is spreading rapidly across the surrounding skin, it may be cellulitis (a deeper skin infection) that has progressed into an abscess.

### General Guidance:
*   **Do NOT squeeze or pop it.** This can push the infection deeper into your tissues or bloodstream, potentially leading to sepsis.
*   **Warm Compress:** Applying a clean, warm, moist compress several times a day may help bring the infection to a head so it","A painful, swollen lesion containing pus is typically caused by an **abscess**.

An abscess is a localized collection of pus resulting from an inflammatory response to an infection—most commonly a bacterial infection (such as *Staphylococcus aureus*). 

Common causes and types include:
*   **Skin Abscess/Furuncle:** Often starting in a hair follicle or sweat gland (boil), where bacteria enter through a break in the skin.
*   **Dental Abscess:** An infection at the root of a tooth or between the gum and the tooth.
*   **Internal Abscesses:** Infections within organs (e.g., periappendiceal or hepatic abscesses) caused by systemic infections or ruptured organs.

The pain and swelling are caused by the accumulation of white blood cells, dead tissue, and bacteria, which creates pressure against the surrounding healthy tissue.

***Disclaimer:** I am an AI, not a doctor. If you have a suspected abscess, please consult a healthcare professional for diagnosis and treatment, as some may require incision and drainage or antibiotics.*",2.558606216120964,0.966495358453258,4.426250628243385,39.97759665102157,36.34078283361336,41.47214489748356,17.454545454545453,11.604095563139932,17.355371900826448,30.545454545454547,25.938566552901023,31.40495867768596,0.0,0.0,0.0,31.03448275862069,18.96551724137931,24.13793103448276,23.37662337662337,13.580246913580249,23.728813559322035,26.666666666666668,15.827338129496402,23.93162393162393,0.8366231918334961,0.8312521576881409,0.8467075824737549,1.0,0.4006654024124145,0.380232036113739,3,3,5
gemma-4-31B-it (4bit),gemma4_31b_q6k_ref.yaml,4bit,overgeneralization,4,What is (are) Acne ?,"What is that skin break out stuff, like when your face an maybe back gets little bumps n red spots, is it just a normal skin problem or some bigger body thing?",Are breakouts characterized by small bumps and red spots on the face and back typically indicative of common acne or could they be symptoms of a systemic medical condition?,"Acne is a common skin disease that causes pimples. Pimples form when hair follicles under your skin clog up. Most pimples form on the face, neck, back, chest, and shoulders. Anyone can get acne, but it is common in teenagers and young adults. It is not serious, but it can cause scars. No one knows exactly what causes acne. Hormone changes, such as those during the teenage years and pregnancy, probably play a role. There are many myths about what causes acne. Chocolate and greasy foods are often blamed, but there is little evidence that foods have much effect on acne in most people. Another common myth is that dirty skin causes acne; however, blackheads and pimples are not caused by dirt. Stress doesn't cause acne, but stress can make it worse. If you have acne - Clean your skin gently - Try not to touch your skin - Avoid the sun Treatments for acne include medicines and creams. NIH: National Institute of Arthritis and Musculoskeletal and Skin Diseases","**Acne** (specifically *acne vulgaris*) is a common chronic inflammatory skin condition that occurs when hair follicles become clogged with oil (sebum) and dead skin cells.

It primarily affects the sebaceous glands—which produce oil—and typically manifests in areas of the face, chest, upper back, and shoulders.

### Pathophysiology (How it forms)
The development of acne generally involves four primary factors:
1. **Excess Sebum Production:** Overactive oil glands, often triggered by hormonal changes (such as during puberty).
2. **Follicular Hyperkeratosis:** Dead skin cells fail to shed properly and clog the follicle opening.
3. **Bacterial Growth:** The bacteria *Cutibacterium acnes* (formerly *Propionibacterium acnes*) thrives in the trapped oil.
4. **Inflammation:** The body's immune response to the bacterial overgrowth leads to redness and swelling.

### Common Types of Lesions
*   **Non-inflammatory lesions:** 
    *   **Whiteheads** (closed comedones): Clogged pores closed at the surface.
    *   **Blackheads** (open comedones): Clogged pores open at the surface; the dark color is caused by oxidation, not dirt.
*   **Inflammatory lesions:**
    *   **Papules:** Small red bumps.
    *   **Pustules:** Pimples containing pus.
    *","The symptoms you described—small bumps and red spots on the face and back—are most commonly associated with **acne**, which is a very common skin condition.

### Is it a ""normal"" skin problem?
In the vast majority of cases, this is a localized skin issue caused by several factors:
*   **Overactive oil glands:** Excess sebum (oil) can clog pores.
*   **Bacteria:** *Cutibacterium acnes* can grow in clogged pores, leading to inflammation and redness.
*   **Hormones:** Changes in hormones (especially during puberty, stress, or menstrual cycles) trigger more oil production.
*   **Dead skin cells:** When skin doesn't shed properly, it traps oil and bacteria inside the pore.

### Could it be a ""bigger body thing""?
While usually limited to the skin, breakouts can sometimes be linked to broader systemic issues:
1.  **Hormonal Imbalances:** Severe acne (particularly along the jawline in adults) can sometimes indicate conditions like Polycystic Ovary Syndrome (PCOS).
2.  **Diet and Lifestyle:** High-glycemic diets (sugars/refined carbs) or high levels of chronic stress can exacerbate outbreaks.
3.  **Medications:** Certain medications (like corticosteroids or lithium) can cause acne-like eruptions.
4.  **Other Conditions:** Sometimes what looks like acne is actually something else, such as","Breakouts characterized by small bumps (papules) and red spots (inflammatory lesions) on the face and back are **most typically indicative of common acne** (*acne vulgaris*). Acne is primarily caused by a combination of excess sebum production, clogged pores (follicular hyperkeratosis), bacteria (*Cutibacterium acnes*), and inflammation.

However, while these symptoms are classic for acne, they can occasionally overlap with or mimic other conditions. Depending on the clinical presentation, such breakouts may indicate:

### 1. Other Dermatological Conditions
*   **Rosacea:** Often presents as redness and small bumps on the face, though it typically lacks comedones (blackheads/whiteheads) and does not affect the back.
*   **Folliculitis:** Inflammation of the hair follicles, which can look identical to acne but is often caused by bacterial or fungal infections (e.g., *Malassezia* folliculitis).
*   **Perioral Dermatitis:** Small red bumps concentrated around the mouth.

### 2. Systemic Medical Conditions
In some cases, skin eruptions that resemble acne can be markers of underlying systemic issues:
*   **Hormonal Imbalances:** Polycystic Ovary Syndrome (PCOS) or adrenal gland disorders (such as Cushing's syndrome) can cause severe hormonal acne due to elevated androgen levels.
*   **Medication Side Effects:** Certain drugs—including corticosteroids, lithium,",3.258064982568032,1.7669037064381787,2.349627040485753,33.673820669767366,33.95406054987857,34.48201263238371,16.455696202531648,12.827988338192425,11.76470588235294,25.9493670886076,29.73760932944607,25.882352941176467,0.0,0.0,0.0,21.7948717948718,20.51282051282051,17.94871794871795,22.36842105263158,17.97752808988764,19.718309859154928,22.07792207792208,19.16167664670659,18.79194630872483,0.820627748966217,0.8250423669815063,0.814215362071991,1.0,0.4476477205753326,0.5713744163513184,4,3,3
gemma-4-31B-it (4bit),gemma4_31b_q6k_ref.yaml,4bit,typos_grammar,5,What is (are) Acoustic Neuroma ?,what is/are accoustic neuoroma exacly ?,What is an acoustic neuroma?,"An acoustic neuroma is a benign tumor that develops on the nerve that connects the ear to the brain. The tumor usually grows slowly. As it grows, it presses against the hearing and balance nerves. At first, you may have no symptoms or mild symptoms. They can include - Loss of hearing on one side - Ringing in ears - Dizziness and balance problems The tumor can also eventually cause numbness or paralysis of the face. If it grows large enough, it can press against the brain, becoming life-threatening. Acoustic neuroma can be difficult to diagnose, because the symptoms are similar to those of middle ear problems. Ear exams, hearing tests, and scans can show if you have it. If the tumor stays small, you may only need to have it checked regularly. If you do need treatment, surgery and radiation are options. If the tumors affect both hearing nerves, it is often because of a genetic disorder called neurofibromatosis. NIH: National Institute on Deafness and Communication Disorders","An **acoustic neuroma**, also known as a **vestibular schwannoma**, is a benign (non-cancerous), slow-growing tumor that develops on the vestibular nerve—the cranial nerve responsible for transmitting sound and balance information from the inner ear to the brain.

Despite its name, it is not actually a ""neuroma"" because it does not originate from the nerve cell itself; rather, it grows from the **schwann cells**, which form the insulating myelin sheath around the nerve.

### Key Characteristics:
*   **Location:** It typically occurs on the 8th cranial nerve (vestibulocochlear nerve) within the internal auditory canal or the cerebellopontine angle of the brain.
*   **Growth Pattern:** Because these tumors grow very slowly, symptoms often develop gradually over several years.
*   **Impact:** As the tumor expands, it can compress the cochlear nerve (hearing), the vestibular nerve (balance), and occasionally the facial nerve (controlling face muscles) or the brainstem.

### Common Symptoms:
1.  **Hearing Loss:** Usually gradual and affecting only one ear (unilateral).
2.  **Tinnitus:** Ringing or buzzing in the affected ear.
3.  **Disequilibrium:** Balance problems or dizziness/vertigo.
4.  **Facial Numbness:** In larger tumors, pressure may affect the trigeminal nerve, causing numbness in the face.

###","An **acoustic neuroma** (also known as a **vestibular schwannoma**) is a benign, non-cancerous tumor that develops on the vestibular nerve—the cranial nerve responsible for transmitting sound and balance information from the inner ear to the brain.

Here are the key facts about this condition:

### 1. Location and Origin
Despite its name, it is not actually a ""neuroma"" (a tumor of the nerve itself) but rather a **schwannoma**. It grows from the **Schwann cells**, which are the insulating glial cells that wrap around the nerves. The tumor typically occurs on the 8th cranial nerve (Vestibulocochlear nerve).

### 2. Primary Symptoms
As the tumor grows, it presses against nearby nerves, leading to three primary symptoms:
*   **Hearing Loss:** Usually gradual and affecting only one ear (unilateral), often starting with high-frequency sounds.
*   **Tinnitus:** A ringing or buzzing sound in the affected ear.
*   **Balance Issues:** Dizziness or vertigo, caused by pressure on the vestibular portion of the nerve.

In larger tumors, the growth may press against the facial nerve (causing facial numbness or weakness) or the brainstem (causing headaches or coordination problems).

### 3. Causes
Most acoustic neuromas occur sporadically (randomly) due to genetic mutations within a single cell. However, a small percentage are linked to a rare hereditary condition","An **acoustic neuroma**, also known as a vestibular schwannoma, is a benign (noncancerous), slow-growing tumor that develops on the main nerve leading from the inner ear to the brain.

Specifically, it grows from the **schwann cells**—the insulating layer of tissue—that wrap around the vestibulocochlear nerve (Cranial Nerve VIII). This nerve is responsible for transmitting sound and balance information from the inner ear to the brain.

Because these tumors grow in a confined space within the skull, they can press against surrounding structures, typically causing three primary symptoms:
1.  **Hearing Loss:** Gradual loss of hearing in one ear (unilateral sensorineural hearing loss) and tinnitus (ringing in the ear).
2.  **Balance Issues:** Dizziness or vertigo due to pressure on the vestibular portion of the nerve.
3.  **Facial Numbness/Weakness:** If the tumor becomes large enough, it may compress the facial nerve, affecting muscle control or sensation in the face.

While not cancerous, acoustic neuromas require medical management because their growth can potentially put pressure on the brainstem or other cranial nerves. Treatment options generally include ""watchful waiting"" (monitoring via MRI), surgical removal, or stereotactic radiosurgery.",5.96303061442561,7.488316805744653,8.167791524744437,41.92320829903246,44.49856255946346,45.26909788898698,18.354430379746837,20.60606060606061,22.641509433962263,36.0759493670886,40.60606060606061,40.25157232704403,0.0,0.0,0.0,29.166666666666668,37.5,33.33333333333333,28.000000000000004,31.76470588235294,30.76923076923077,28.57142857142857,34.394904458598724,32.0,0.8370782732963562,0.8422695994377136,0.8574548363685608,1.0,0.3386049270629883,0.9461374878883362,4,3,5
gemma-4-31B-it (4bit),gemma4_31b_q6k_ref.yaml,4bit,ambiguity,6,Do you have information about Acupuncture,"Do you know much about that needle kind of thing people do for pain n stuff, like what its for or if it actually helps?",What are the indications and efficacy of injection therapies used for pain management?,"Summary : Acupuncture has been practiced in China and other Asian countries for thousands of years. Acupuncture involves stimulating specific points on the body. This is most often done by inserting thin needles through the skin, to cause a change in the physical functions of the body. Research has shown that acupuncture reduces nausea and vomiting after surgery and chemotherapy. It can also relieve pain. Researchers don't fully understand how acupuncture works. It might aid the activity of your body's pain-killing chemicals. It also might affect how you release chemicals that regulate blood pressure and flow. NIH: National Center for Complementary and Integrative Health","**Acupuncture** is a component of Traditional Chinese Medicine (TCM) that involves inserting very thin needles through the skin at specific points on the body to alleviate pain or treat various physical, mental, and emotional conditions.

### How it Works
*   **Traditional View:** It is based on the concept of **Qi** (energy flow). Practitioners believe that health is maintained by a balanced flow of Qi through pathways called meridians; acupuncture aims to remove blockages in these paths.
*   **Western Medical View:** Modern medicine suggests that acupuncture stimulates nerves, muscles, and connective tissue. This stimulation may boost the body's natural painkillers (**endorphins**) and increase blood flow to specific areas.

### Common Uses
The FDA and NIH recognize acupuncture as an effective treatment for several conditions, most notably:
1.  **Chronic Pain:** Lower back pain, neck pain, osteoarthritis/knee pain.
2.  **Headaches:** Tension headaches and prevention of migraines.
3.  **Nausea:** Post-operative nausea and chemotherapy-induced nausea.
4.  **Other uses:** Some patients use it for insomnia, allergies, or mood disorders, though clinical evidence varies.

### Safety and Side Effects
When performed by a licensed professional using sterile, single-use needles, acupuncture is generally considered safe. Potential side effects include:
*   Soreness or minor bruising at the needle site.
*   Light bleeding.
*","Depending on where the needles are being placed and who is performing the procedure, you are likely referring to one of three common medical treatments: **Acupuncture**, **Dry Needling**, or **Injection Therapy**.

### 1. Acupuncture (Traditional Chinese Medicine)
*   **What it is:** Very thin needles inserted into specific ""acupoints"" along meridians in the body.
*   **Purpose:** To balance the flow of energy (Qi) and stimulate the nervous system to release natural painkillers (endorphins).
*   **Does it help?** Many clinical studies suggest it is effective for chronic low back pain, neck pain, osteoarthritis, and tension headaches. Its effectiveness often depends on the individual's response.

### 2. Dry Needling (Physical Therapy/Chiropractic)
*   **What it is:** The use of thin filaments (similar to acupuncture needles) inserted directly into ""trigger points""—tight knots of muscle fibers.
*   **Purpose:** To release muscle tension, improve blood flow, and ""reset"" the muscle contraction cycle to reduce localized pain.
*   **Does it help?** It is widely used by physical therapists to treat musculoskeletal pain and myofascial pain syndrome; many patients report immediate relief from muscle stiffness.

### 3. Injection Therapy (Medical Doctor/Specialist)
If the ""needle"" involves injecting medicine rather than just inserting a pin, it could be:
*   **Cort","Injection therapies for pain management are utilized to deliver medications directly to the site of pathology (local) or into systemic circulation (regional/systemic). They are typically indicated when conservative treatments—such as physical therapy and oral medications—have failed.

### 1. Common Types of Injection Therapies and Indications

**A. Corticosteroids (Epidural, Joint, Soft Tissue)**
*   **Indications:** Acute inflammation, radiculopathy (sciatica), osteoarthritis, bursitis, and tendonitis.
*   **Purpose:** To reduce edema and suppress inflammatory cytokines around nerves or joints.

**B. Local Anesthetics / Nerve Blocks**
*   **Indications:** Severe acute pain, diagnostic localization of pain sources, and chronic neuropathic pain.
*   **Purpose:** To interrupt nerve conduction signals temporarily; often combined with steroids.

**C. Trigger Point Injections (TPI)**
*   **Indications:** Myofascial pain syndrome and localized muscle knots (""trigger points"").
*   **Purpose:** To release muscle tension through chemical irritation or mechanical disruption of the knot.

**D. Viscosupplementation (Hyaluronic Acid)**
*   **Indications:** Knee osteoarthritis (specifically mild-to-moderate).
*   **Purpose:** To restore lubrication and shock absorption in the joint capsule.

**E. Regenerative Medicine (PRP, Stem Cell Therapy)**
*   **Indications:** Chronic tendon injuries",3.8926898199763698,1.2246490625937323,0.6490368022063194,42.39759104881336,37.49268796560257,31.60388270209371,15.120274914089348,12.014134275618376,8.42911877394636,33.67697594501718,25.4416961130742,13.79310344827586,0.0,0.0,0.0,30.434782608695656,23.91304347826087,2.1739130434782608,15.909090909090908,13.414634146341465,1.351351351351351,20.895522388059703,17.187500000000004,1.6666666666666667,0.8450852036476135,0.8234330415725708,0.7933412194252014,1.0,0.4658557176589966,0.4420444369316101,4,2,1
gemma-4-31B-it (4bit),gemma4_31b_q6k_ref.yaml,4bit,layperson,7,What is (are) Acute Bronchitis ?,"what is that chest/throat thing called when u get a bad cough n lots of mucus cuz the breathing tubes are all irritated or infected for a short bit, like not pneumonia but kinda in there?","What is the medical term for an acute inflammation or infection of the bronchial tubes characterized by coughing and excessive mucus production, which is distinct from pneumonia?","Bronchitis is an inflammation of the bronchial tubes, the airways that carry air to your lungs. It causes a cough that often brings up mucus. It can also cause shortness of breath, wheezing, a low fever, and chest tightness. There are two main types of bronchitis: acute and chronic. Most cases of acute bronchitis get better within several days. But your cough can last for several weeks after the infection is gone. The same viruses that cause colds and the flu often cause acute bronchitis. These viruses spread through the air when people cough, or though physical contact (for example, on unwashed hands). Being exposed to tobacco smoke, air pollution, dusts, vapors, and fumes can also cause acute bronchitis. Less often, bacteria can also cause acute bronchitis. To diagnose acute bronchitis, your health care provider will ask about your symptoms and listen to your breathing. You may also have other tests. Treatments include rest, fluids, and aspirin (for adults) or acetaminophen to treat fever. A humidifier or steam can also help. You may need inhaled medicine to open your airways if you are wheezing. Antibiotics won't help if the cause is viral. You may get antibiotics if the cause is bacterial. NIH: National Heart, Lung, and Blood Institute","**Acute bronchitis** is an inflammation of the lining of the bronchial tubes, which carry air to and from the lungs. It is characterized by a cough that typically produces mucus (sputum).

Key facts about acute bronchitis include:

*   **Cause:** Most cases are caused by **viruses** (such as those that cause the common cold or influenza), although bacteria can occasionally be the cause.
*   **Symptoms:** The primary symptom is a persistent cough. Other symptoms often include shortness of breath, chest discomfort, fatigue, low-grade fever, and mild chills.
*   **Difference from Chronic Bronchitis:** Unlike chronic bronchitis—which is a long-term condition usually associated with smoking or COPD—acute bronchitis is temporary and generally resolves within two to three weeks.
*   **Treatment:** Because most cases are viral, antibiotics are typically not effective. Treatment focuses on managing symptoms through rest, hydration, and over-the-counter medications for pain or fever.

***Disclaimer:** I am an AI, not a doctor. If you suspect you have bronchitis or are experiencing severe respiratory distress, please consult a healthcare professional.*","The condition you are describing is called **acute bronchitis**.

It occurs when the bronchial tubes (the airways that carry air to your lungs) become inflamed or irritated due to an infection—most commonly a virus. This inflammation causes the lining of the tubes to swell and produce excess mucus, leading to a persistent cough. 

Unlike pneumonia, which is an infection deep within the lung tissue (alveoli), bronchitis affects only the tubes leading into the lungs.",The medical term for this condition is **acute bronchitis**.,8.149381169361599,2.489277810900919,4.42285769082405e-07,43.2713760178592,21.38925492307562,3.2339998331618283,22.159090909090907,13.076923076923078,3.902439024390244,40.909090909090914,24.61538461538461,3.902439024390244,0.0,0.0,0.0,30.303030303030305,14.14141414141414,2.0202020202020203,41.0958904109589,37.83783783783784,40.0,34.88372093023256,20.588235294117645,3.8461538461538463,0.8576869964599609,0.8499688506126404,0.8275569677352905,1.0,0.6061661839485168,0.7435921430587769,4,5,5
gemma-4-31B-it (4bit),gemma4_31b_q6k_ref.yaml,4bit,incomplete,8,What is (are) Acute Lymphocytic Leukemia ?,"What is acute leukemia, exactly?",What is the definition and pathophysiology of acute leukemia?,"Leukemia is cancer of the white blood cells. White blood cells help your body fight infection. Your blood cells form in your bone marrow. In leukemia, however, the bone marrow produces abnormal white blood cells. These cells crowd out the healthy blood cells, making it hard for blood to do its work. In acute lymphocytic leukemia (ALL), also called acute lymphoblastic leukemia, there are too many of specific types of white blood cells called lymphocytes or lymphoblasts. ALL is the most common type of cancer in children. Possible risk factors for ALL include being male, being white, previous chemotherapy treatment, exposure to radiation, and for adults, being older than 70. Symptoms of ALL include: - Weakness or feeling tired - Fever - Easy bruising or bleeding - Bleeding under the skin - Shortness of breath - Weight loss or loss of appetite - Pain in the bones or stomach - Pain or a feeling of fullness below the ribs - Painless lumps in the neck, underarm, stomach, or groin Tests that examine the blood and bone marrow diagnose ALL. Treatments include chemotherapy, radiation therapy, stem cell transplants, and targeted therapy. Targeted therapy uses substances that attack cancer cells without harming normal cells. Once the leukemia is in remission, you need additional treatment to make sure that it does not come back. NIH: National Cancer Institute","**Acute Lymphocytic Leukemia (ALL)** is a fast-growing cancer of the blood and bone marrow. It is characterized by the overproduction of immature, non-functional white blood cells called **lymphoblasts**.

Here is a detailed breakdown of the condition:

### 1. Pathophysiology
In ALL, the DNA of a developing lymphocyte (a type of white blood cell) mutates. This causes the bone marrow to produce an excessive number of lymphoblasts that do not mature properly. These abnormal cells crowd out healthy blood cells, leading to a shortage of:
*   **Red blood cells:** Leading to anemia (fatigue, paleness).
*   **Healthy white blood cells:** Increasing susceptibility to infections.
*   **Platelets:** Causing easy bruising or bleeding.

### 2. Classification
ALL can be categorized based on the type of lymphocyte affected:
*   **B-cell ALL:** The most common form, affecting B lymphocytes.
*   **T-cell ALL:** Affects T lymphocytes; often presents differently and may involve a mass in the chest (thymus).

### 3. Demographics
While it can occur at any age, ALL is the **most common type of cancer diagnosed in children**, particularly those between ages 2 and 5. However, there is also a peak incidence in adults.

### 4. Common Symptoms
Because it affects multiple blood components, symptoms include:
*   Persistent fatigue","**Acute leukemia** is a group of fast-growing cancers of the blood and bone marrow characterized by the rapid overproduction of abnormal, immature white blood cells called **blasts**.

Here is a detailed breakdown of what occurs during this condition:

### 1. The Mechanism (What happens)
In a healthy person, hematopoietic stem cells in the bone marrow develop into mature red blood cells, white blood cells, and platelets. In acute leukemia, a genetic mutation causes these cells to stop maturing. Instead of becoming functional adult cells, they remain as ""blasts."" These blasts multiply rapidly and crowd out the healthy cells in the bone marrow.

### 2. The Impact on Blood Functions
Because the blast cells occupy all the space and resources in the bone marrow, the body cannot produce enough normal blood cells, leading to three primary deficits:
*   **Low White Blood Cells (Neutropenia):** Despite having many ""leukemia cells,"" there aren't enough *functional* white blood cells to fight infection.
*   **Low Red Blood Cells (Anemia):** This leads to fatigue, shortness of breath, and paleness.
*   **Low Platelets (Thrombocytopenia):** This results in easy bruising and uncontrolled bleeding.

### 3. Main Types
Acute leukemias are categorized primarily by the type of cell affected:
*   **Acute Myeloid Leukemia (AML):** Affects the myeloid line (cells that normally become","**Definition**
Acute leukemia is a group of malignant cancers of the blood and bone marrow characterized by the rapid proliferation of abnormal, immature white blood cells called **blasts**. These blasts fail to differentiate into mature functional cells and accumulate in the bone marrow, crowding out healthy hematopoietic stem cells. 

The two primary types are **Acute Myeloid Leukemia (AML)**, affecting myeloid precursors, and **Acute Lymphoblastic Leukemia (ALL)**, affecting lymphoid precursors.

**Pathophysiology**
The development of acute leukemia involves several key mechanisms:

1.  **Genetic Mutations:** The process begins with an acquired genetic mutation (or mutations) in a single hematopoietic stem cell or progenitor cell. This often involves chromosomal translocations, deletions, or point mutations that activate oncogenes or deactivate tumor suppressor genes.
2.  **Dysregulation of Differentiation:** These mutations disrupt the normal maturation process. Instead of developing into specialized leukocytes (neutrophils, monocytes, lymphocytes), the cells remain stuck in an undifferentiated ""blast"" stage.
3.  **Uncontrolled Proliferation:** The mutated cells gain a survival advantage through constitutive activation of signaling pathways, leading to rapid, uncontrolled clonal expansion within the bone marrow.
4.  **Bone Marrow Failure (Myelophthisis):** As blast cells saturate the marrow space, they physically crowd out normal hematopoiesis. This leads to the clinical hallmarks of the disease:
    *   **Anemia:** Due to decreased red blood",9.246535694147926,7.432781317799534,5.264942129244359,42.52507383757754,43.254510527033794,39.755747726774345,19.74025974025974,18.734177215189877,17.302798982188293,41.03896103896104,39.49367088607595,30.02544529262085,0.0,0.0,0.0,24.752475247524757,23.76237623762376,16.831683168316832,36.231884057971016,25.53191489361702,20.73170731707317,29.411764705882355,24.615384615384613,18.5792349726776,0.8364747166633606,0.8278385996818542,0.8165124654769897,0.9999998807907104,0.8369638919830322,0.7853419184684753,3,3,3
gemma-4-31B-it (4bit),gemma4_31b_q6k_ref.yaml,4bit,overgeneralization,9,What is (are) Acute Myeloid Leukemia ?,"what is this kind of serious blood problem/cancer thing where the bone marrow makes too many bad white cells, and what does it even mean for someone health overall?","What is leukemia, specifically regarding the overproduction of abnormal white blood cells in the bone marrow, and how does it affect a patient's overall health?","Leukemia is cancer of the white blood cells. White blood cells help your body fight infection. Your blood cells form in your bone marrow. In leukemia, however, the bone marrow produces abnormal white blood cells. These cells crowd out the healthy blood cells, making it hard for blood to do its work. In acute myeloid leukemia (AML), there are too many of a specific type of white blood cell called a myeloblast. AML is the most common type of acute leukemia in adults. This type of cancer usually gets worse quickly if it is not treated. Possible risk factors include smoking, previous chemotherapy treatment, and exposure to radiation. Symptoms of AML include: - Fever - Shortness of breath - Easy bruising or bleeding - Bleeding under the skin - Weakness or feeling tired - Weight loss or loss of appetite Tests that examine the blood and bone marrow diagnose AML. Treatments include chemotherapy, other drugs, radiation therapy, stem cell transplants, and targeted therapy. Targeted therapy uses substances that attack cancer cells without harming normal cells. Once the leukemia is in remission, you need additional treatment to make sure that it does not come back. NIH: National Cancer Institute","**Acute Myeloid Leukemia (AML)** is a type of cancer that affects the blood and bone marrow. It is characterized by the rapid production of abnormal, immature white blood cells called **myeloblasts**.

Here is a detailed breakdown of what occurs in AML:

### 1. Pathophysiology
In a healthy person, hematopoietic stem cells in the bone marrow develop into mature red blood cells, white blood cells, and platelets. In AML, a genetic mutation causes these stem cells to stop maturing. Instead, they proliferate as ""blasts"" (immature cells). These blasts crowd out the healthy cells in the bone marrow, preventing the body from producing enough functional blood cells.

### 2. Impact on Blood Components
Because the blast cells dominate the bone marrow, patients typically experience:
*   **Anemia:** A shortage of red blood cells, leading to fatigue and shortness of breath.
*   **Neutropenia:** A lack of mature, functioning white blood cells, making the patient highly susceptible to severe infections.
*   **Thrombocytopenia:** A deficiency of platelets, resulting in easy bruising and uncontrolled bleeding.

### 3. Characteristics
*   **""Acute"":** This means the disease progresses rapidly and requires immediate treatment.
*   **""Myeloid"":** This refers to the myeloid line of cells, which normally produce monocytes, granulocytes (neutrophils, basophils, eosinophils), erythrocytes, and platelets","***Disclaimer:** I am an AI, not a doctor. If you or a loved one are experiencing symptoms or have received a diagnosis, please consult a licensed healthcare provider for personalized medical advice.*

The condition you are describing is called **Leukemia**. 

### What is Leukemia?
Leukemia is a cancer of the blood-forming tissues, including the bone marrow and the lymphatic system. In a healthy person, the bone marrow produces white blood cells (leukocytes) to fight infection. In someone with leukemia, the bone marrow produces abnormal, non-functioning white blood cells—often called ""blasts.""

Because these cancerous cells grow rapidly, they crowd out the healthy cells in the bone marrow. This leads to three primary problems:
1. **Lack of functional white blood cells:** Even though there are *more* white cells, they don't work correctly, leaving the body vulnerable to infections.
2. **Lack of red blood cells (Anemia):** There isn't enough room to make oxygen-carrying red cells.
3. **Lack of platelets (Thrombocytopenia):** The body cannot produce enough platelets, which are necessary for clotting blood.

---

### What does this mean for a person’s overall health?
Depending on the type of leukemia (acute vs. chronic), the impact on health can vary, but generally, it manifests in several ways:

**1. Increased Risk of Infection**
Since the ""","**Leukemia** is a type of cancer that affects the blood and bone marrow. It is characterized by the rapid overproduction of abnormal, immature white blood cells (leukocytes) within the bone marrow.

### The Mechanism of Overproduction
In a healthy body, the bone marrow produces white blood cells to fight infection. In a patient with leukemia, a genetic mutation causes the bone marrow to produce an excessive number of abnormal leukocytes. These cells are typically non-functional—meaning they cannot effectively fight infections—and they do not die off at the normal rate. 

Because these leukemic cells multiply rapidly, they ""crowd out"" the healthy hematopoietic stem cells in the bone marrow. This leads to a deficiency in other critical blood components:
*   **Red Blood Cells (Anemia):** Reduced production leading to fatigue and shortness of breath.
*   **Platelets (Thrombocytopenia):** Reduced production leading to easy bruising and uncontrolled bleeding.
*   **Healthy White Blood Cells:** A lack of functional immune cells despite having a high total count.

### Impact on Overall Health
The systemic effects of leukemia result from both the failure of normal blood cell production and the infiltration of leukemic cells into organs. Common impacts include:

1.  **Increased Susceptibility to Infection:** Because the abundant white blood cells are dysfunctional, patients are highly vulnerable to severe bacterial and viral infections.
2.  **Severe Fatigue and Pallor:** Due to",7.269599860177774,6.847316107750138,6.979290095848176,44.307136952764445,42.9842068384827,43.186578846645965,19.390581717451525,19.73333333333333,21.522309711286088,40.9972299168975,39.46666666666666,40.41994750656169,0.0,0.0,0.0,26.436781609195403,21.83908045977012,22.988505747126435,28.75,22.093023255813957,21.50537634408602,27.54491017964072,21.965317919075147,22.222222222222225,0.8383287191390991,0.831922709941864,0.8375282883644104,1.0,0.4924977421760559,0.6814641356468201,4,3,3
gemma-4-31B-it (4bit),gemma4_31b_q6k_ref.yaml,4bit,typos_grammar,10,What is (are) Addison Disease ?,"what is addison disease ,, like what does it actualy do to youre body ?","What is Addison's disease, and how does it affect the body?","Your adrenal glands are just above your kidneys. The outside layer of these glands makes hormones that help your body respond to stress and regulate your blood pressure and water and salt balance. Addison disease happens if the adrenal glands don't make enough of these hormones. A problem with your immune system usually causes Addison disease. The immune system mistakenly attacks your own tissues, damaging your adrenal glands. Other causes include infections and cancer. Symptoms include - Weight loss - Muscle weakness - Fatigue that gets worse over time - Low blood pressure - Patchy or dark skin Lab tests can confirm that you have Addison disease. If you don't treat it, it can be fatal. You will need to take hormone pills for the rest of your life. If you have Addison disease, you should carry an emergency ID. It should say that you have the disease, list your medicines and say how much you need in an emergency. NIH: National Institute of Diabetes and Digestive and Kidney Diseases","**Addison's disease**, also known as **primary adrenal insufficiency**, is a rare endocrine disorder that occurs when the adrenal glands (located on top of the kidneys) fail to produce sufficient amounts of certain steroid hormones.

Specifically, it involves a deficiency in:
1.  **Cortisol:** Often called the ""stress hormone,"" which helps regulate blood pressure, maintain glucose levels during fasting, and reduce inflammation.
2.  **Aldosterone:** A mineralocorticoid that regulates sodium and potassium levels to manage blood volume and blood pressure.

### Causes
The most common cause is an **autoimmune response**, where the immune system attacks the adrenal cortex. Other causes include infections (such as tuberculosis), tumors, or genetic disorders.

### Common Symptoms
*   Extreme fatigue and muscle weakness.
*   Hyperpigmentation (darkening of the skin, especially in creases, scars, or gums).
*   Low blood pressure (hypotension).
*   Salt cravings due to loss of sodium through urine.
*   Weight loss and decreased appetite.
*   Irritability or depression.

### Critical Complication: Addisonian Crisis
An **Addisonian crisis** is a life-threatening emergency triggered by severe stress (e.g., injury, surgery, or infection). It results in acute cortisol deficiency leading to profound hypotension, shock, coma, and potential death if not treated immediately with intravenous corticosteroids.

### Treatment
Treatment is lifelong and","**Addison’s disease**, also known as primary adrenal insufficiency, occurs when your adrenal glands (located on top of each kidney) fail to produce enough of two critical hormones: **cortisol** and often **aldosterone**.

Here is how the deficiency of these hormones affects your body:

### 1. Lack of Cortisol (The ""Stress Hormone"")
Cortisol helps regulate metabolism, maintains blood pressure, and manages the body's response to stress. Without enough cortisol:
*   **Energy Crash:** You experience extreme fatigue and muscle weakness because your body cannot properly convert nutrients into energy.
*   **Blood Sugar Drops:** It leads to hypoglycemia (low blood sugar), which can cause dizziness or confusion.
*   **Poor Stress Response:** Your body cannot handle physical stress (like an injury or infection). This can lead to an **Addisonian Crisis**, where blood pressure drops dangerously low, potentially leading to shock.

### 2. Lack of Aldosterone (The ""Salt-Regulating Hormone"")
Aldosterone tells your kidneys how much salt and water to keep in your system. Without it:
*   **Fluid Imbalance:** Your body dumps too much sodium (salt) and water through urine while retaining too much potassium.
*   **Low Blood Pressure:** Because you are losing salt and water, your blood volume drops, causing chronic low blood pressure (**hypotension**) and fainting spells.
*   **Cravings:** Due to","**Addison’s disease**, also known as primary adrenal insufficiency, is a rare endocrine disorder that occurs when the adrenal glands (located on top of the kidneys) fail to produce sufficient amounts of certain steroid hormones.

### How It Affects the Body
The condition primarily impacts the production of two critical hormones: **cortisol** and **aldosterone**. The deficiency of these hormones disrupts several vital bodily functions:

**1. Cortisol Deficiency (The ""Stress Hormone"")**
Cortisol helps regulate metabolism, maintain blood pressure, and manage the body's response to stress. Lack of cortisol leads to:
*   **Hypoglycemia:** Low blood sugar levels, causing fatigue and weakness.
*   **Poor Stress Response:** An inability to handle physical stress (like injury or illness), which can lead to an ""Addisonian crisis"" (acute adrenal failure).
*   **Hyperpigmentation:** In primary Addison's, the pituitary gland overproduces ACTH to stimulate the adrenals; this hormone stimulates melanocytes, leading to darkening of the skin (especially in creases, scars, and gums).

**2. Aldosterone Deficiency (The Mineralocorticoid)**
Aldosterone regulates salt and water balance by managing sodium and potassium levels in the kidneys. Lack of aldosterone causes:
*   **Electrolyte Imbalance:** Sodium levels drop (**hyponatremia**) while potassium levels rise (**hyperkalemia**).
*   **Dehydration and",3.522061297681795,1.8533280448866052,1.776475861092747,40.387920168678704,38.57917813890906,36.83404306624065,20.0,17.51412429378531,14.501510574018123,32.35294117647059,32.76836158192091,27.19033232628399,0.0,0.0,0.0,27.142857142857142,21.428571428571427,21.428571428571427,20.212765957446805,14.85148514851485,15.789473684210526,23.17073170731707,17.543859649122805,18.181818181818183,0.8367496132850647,0.827603816986084,0.8226515650749207,1.0,0.8497042655944824,0.8834922909736633,4,3,2
gemma-4-31B-it (4bit),gemma4_31b_q6k_ref.yaml,4bit,ambiguity,11,What is (are) Adhesions ?,"What does it mean when stuff inside your body kind of sticks together after something, like is that the same as those internal scar-band things?",Are adhesions (internal scar tissue) the cause of organs or tissues sticking together following a medical event or surgery?,"Adhesions are bands of scar-like tissue. Normally, internal tissues and organs have slippery surfaces so they can shift easily as the body moves. Adhesions cause tissues and organs to stick together. They might connect the loops of the intestines to each other, to nearby organs, or to the wall of the abdomen. They can pull sections of the intestines out of place. This may block food from passing through the intestine. Adhesions can occur anywhere in the body. But they often form after surgery on the abdomen. Almost everyone who has surgery on the abdomen gets adhesions. Some adhesions don't cause any problems. But when they partly or completely block the intestines, they cause symptoms such as - Severe abdominal pain or cramping - Vomiting - Bloating - An inability to pass gas - Constipation Adhesions can sometimes cause infertility in women by preventing fertilized eggs from reaching the uterus. No tests are available to detect adhesions. Doctors usually find them during surgery to diagnose other problems. Some adhesions go away by themselves. If they partly block your intestines, a diet low in fiber can allow food to move easily through the affected area. If you have a complete intestinal obstruction, it is life threatening. You should get immediate medical attention and may need surgery. NIH: National Institute of Diabetes and Digestive and Kidney Diseases","**Adhesions** are bands of scar-like tissue that form between internal organs and tissues, causing them to stick together. They typically develop as part of the body's natural healing process after inflammation or injury.

### Key Details:
*   **Formation:** When the lining of an organ (such as the peritoneum in the abdomen) is damaged, the body produces fibrin—a protein that acts like ""glue"" during healing. If this fibrin does not dissolve, it can harden into permanent fibrous bands of connective tissue.
*   **Common Causes:** 
    *   **Surgery:** The most common cause; surgical trauma triggers an inflammatory response.
    *   **Infection/Inflammation:** Conditions such as Pelvic Inflammatory Disease (PID), appendicitis, or endometriosis.
    *   **Trauma:** Severe abdominal injuries.
*   **Locations:** While they can occur anywhere in the body, they are most frequently found in the **abdominal cavity** (sticking intestines together) and the **pelvis** (affecting ovaries, fallopian tubes, or the uterus).
*   **Potential Complications:** In many cases, adhesions cause no symptoms. However, if they pull on organs or obstruct pathways, they can lead to:
    *   **Chronic Pain:** Pulling on nerves or organs.
    *   **Bowel Obstruction:** Kinking or compressing the intestines, preventing food and waste from passing through.","Yes, what you are describing—internal tissues sticking together after an injury or surgery—is exactly what those ""scar-band things"" are. In medical terms, these are called **adhesions**.

Here is a concise explanation of what they are and how they form:

**What they are:**
Adhesions are bands of fibrous scar tissue that form between internal organs and tissues. Normally, the linings of your organs (like the intestines or abdominal wall) are smooth and slide against each other easily. Adhesions act like ""biological glue,"" causing surfaces to stick together.

**How they happen:**
They typically occur as part of the body's natural healing process following:
*   **Surgery:** This is the most common cause, as incisions and handling of organs trigger inflammation.
*   **Inflammation/Infection:** Conditions like pelvic inflammatory disease or peritonitis can lead to adhesions.
*   **Trauma:** Severe injuries to the abdomen or chest.

**Why it matters:**
While many people have adhesions without ever knowing it, they can sometimes cause problems because they restrict the normal movement of organs. For example, intestinal adhesions can kink the bowel, potentially leading to a bowel obstruction.

***Disclaimer:** I am an AI, not a doctor. If you are experiencing pain or symptoms you believe are related to internal adhesions, please consult a healthcare provider for a proper diagnosis.*","**Yes.** Adhesions are bands of fibrous scar tissue that form between internal organs and tissues, causing them to stick together.

They typically develop as part of the body's natural healing process following an inflammatory event or trauma. Common causes include:

*   **Surgery:** The most frequent cause, occurring when surgical incisions or manipulation trigger an inflammatory response during healing.
*   **Infection/Inflammation:** Conditions such as pelvic inflammatory disease (PID), peritonitis, or endometriosis can lead to adhesion formation.
*   **Trauma:** Internal injuries resulting from accidents or physical impact.

While often asymptomatic, adhesions can cause complications if they obstruct organs (such as bowel obstructions) or compress nerves and blood vessels.",7.768106319324376,4.769431308238725,3.1339876332149004,41.88776153411589,43.80279302845412,28.20639443747222,19.680851063829785,16.87344913151365,18.892508143322477,40.42553191489361,42.18362282878412,25.407166123778502,0.0,0.0,0.0,25.53191489361702,22.34042553191489,10.638297872340424,27.906976744186046,26.25,20.0,26.666666666666668,24.13793103448276,13.888888888888893,0.8322657346725464,0.8469603061676025,0.8332107663154602,1.0,0.4365291595458984,0.5728825926780701,4,5,4
gemma-4-31B-it (4bit),gemma4_31b_q6k_ref.yaml,4bit,layperson,12,Do you have information about Adoption,"do u have any info or stuff abt, like, when a kid gets taken in by another family n how that all works maybe?",What are the psychological and developmental considerations associated with children being placed in foster care or adopted by another family?,"Summary : Adoption brings a child born to other parents into a new family. Birth parents have a number of reasons for placing children for adoption. Overall, they want better lives for their children than they think they can give them. Children who are eligible for adoption come from many different settings. Some are in foster care, a temporary home setting. Other children live in orphanages or with birth relatives until they can be adopted. There are different kinds of adoption. Children may be adopted by a relative or a new family. Some parents adopt children from the U.S, and some adopt from abroad.","As a medical assistant, I can provide information regarding adoption from a **medical, genetic, and psychological perspective**. While I cannot provide legal advice or facilitate the adoption process, here is an overview of the health-related aspects of adoption:

### 1. Medical History and Genetic Information
One of the primary medical challenges in adoption—particularly closed adoptions—is the lack of comprehensive family medical history. This is important for identifying risks related to:
*   **Hereditary Conditions:** Such as cystic fibrosis, sickle cell anemia, or hemophilia.
*   **Chronic Diseases:** Family predispositions to heart disease, type 2 diabetes, or certain cancers (e.g., BRCA mutations).
*   **Mental Health:** A family history of depression, bipolar disorder, or schizophrenia.

### 2. Prenatal and Early Childhood Health
Medical professionals focus on several key areas during the initial health screenings of an adopted child:
*   **Prenatal Exposure:** Screening for ""Fetal Alcohol Spectrum Disorders"" (FASD) or exposure to narcotics/toxins during pregnancy.
*   **Developmental Milestones:** Assessing if the child is meeting age-appropriate milestones in motor skills, speech, and social interaction.
*   **Nutrition and Growth:** Checking for growth stunting or nutritional deficiencies resulting from early neglect or poor prenatal care.

### 3. Psychological and Emotional Considerations
Adoption involves significant emotional transitions that may require clinical support:
*","When a child is taken in by another family, it typically happens through one of several legal frameworks depending on whether the arrangement is temporary or permanent.

Here is an overview of how these processes generally work from a legal and social perspective:

### 1. Foster Care (Temporary/State-Regulated)
Foster care occurs when a child cannot safely stay with their biological parents. The state (government) takes legal custody of the child and places them with licensed foster parents.
*   **The Goal:** Often, the primary goal is ""reunification,"" meaning the state provides services to the birth parents so the child can eventually return home.
*   **Legal Status:** The foster parents provide care, but they do not have legal parental rights; those remain with the state or the biological parents.
*   **Permanency Planning:** If reunification isn't possible, the court decides if the child should be adopted or remain in long-term kinship care.

### 2. Adoption (Permanent)
Adoption is the legal process that permanently transfers all parental rights and responsibilities from the biological parents to the adoptive parents.
*   **Types:** This can happen via public agencies (foster care adoption), private agencies, or independent agreements between families.
*   **Legal Finality:** Once an adoption decree is signed by a judge, the adoptive parents become the legal parents for all intents and purposes (inheritance, medical decisions, etc.).

### 3.","Children entering foster care or adoption face complex psychological and developmental challenges stemming from early instability and loss. The primary considerations include:

### 1. Attachment and Bonding
*   **Reactive Attachment Disorder (RAD):** Children may struggle to form healthy emotional bonds due to inconsistent caregiving or neglect during critical developmental windows. This can manifest as avoidant behavior or indiscriminate sociability.
*   **Attachment Styles:** Many experience ""insecure"" or ""disorganized"" attachment, leading to difficulty trusting caregivers and anxiety regarding abandonment.

### 2. Trauma and Stress Response
*   **Complex PTSD:** Exposure to abuse, neglect, or familial separation can lead to chronic hypervigilance, flashbacks, and emotional dysregulation.
*   **Toxic Stress:** Prolonged activation of the stress response system (cortisol/adrenaline) can physically alter brain development, particularly affecting the prefrontal cortex (executive function) and amygdala (emotional regulation).

### 3. Developmental Delays
*   **Cognitive Gaps:** Instability in schooling and lack of stimulation in early childhood often result in delays in language acquisition, literacy, and academic performance.
*   **Emotional Maturity:** Children may exhibit ""regressive behaviors"" (e.g., bedwetting or clinginess) or appear emotionally younger than their chronological age.

### 4. Identity and Self-Concept
*   **Identity Crisis:** Adopted children often grapple with questions of biological heritage, ethnicity, and cultural",0.6356323505958726,0.8643534364405839,0.6761355269336877,30.41278115664917,35.32667573483464,30.29782777611412,6.9930069930069925,10.99656357388316,9.187279151943462,16.783216783216783,24.05498281786942,16.96113074204947,0.0,0.0,0.0,8.108108108108109,24.324324324324326,13.513513513513514,3.4090909090909087,10.588235294117649,7.462686567164178,4.8,14.754098360655735,9.615384615384617,0.8053125739097595,0.8352594971656799,0.8086225390434265,0.9999998807907104,0.5078020691871643,0.5790044665336609,2,3,2
gemma-4-31B-it (4bit),gemma4_31b_q6k_ref.yaml,4bit,incomplete,13,What is (are) Adrenal Gland Cancer ?,"wht is that kinda cancer in the little glands on top the kidneys, like what does it even mean ?","What is adrenal cortical carcinoma, and what are its implications?","Your adrenal, or suprarenal, glands are located on the top of each kidney. These glands produce hormones that you can't live without, including sex hormones and cortisol, which helps you respond to stress and has many other functions. A number of disorders can affect the adrenal glands, including tumors. Tumors can be either benign or malignant. Benign tumors aren't cancer. Malignant ones are. Most adrenal gland tumors are benign. They usually do not cause symptoms and may not require treatment. Malignant adrenal gland cancers are uncommon. Types of tumors include - Adrenocortical carcinoma - cancer in the outer part of the gland - Neuroblastoma, a type of childhood cancer - Pheochromocytoma - a rare tumor that is usually benign Symptoms depend on the type of cancer you have. Treatments may include surgery, chemotherapy, or radiation therapy.","**Adrenal gland cancer** refers to malignant tumors that originate in the adrenal glands—small, triangle-shaped organs located on top of each kidney.

These cancers are rare and are categorized based on which part of the adrenal gland they affect:

### 1. Adrenocortical Carcinoma (ACC)
This is the most common form of primary adrenal cancer. It originates in the **adrenal cortex** (the outer layer). These tumors can be ""functional,"" meaning they secrete excessive hormones that cause systemic symptoms, or ""non-functional."" Common hormonal imbalances include:
*   **Hypercortisolism (Cushing’s Syndrome):** Excess cortisol leading to weight gain, high blood pressure, and skin thinning.
*   **Hyperandrogenism:** Excess sex hormones leading to virilization (e.g., facial hair growth in women).

### 2. Adrenal Medullary Carcinoma (Pheochromocytoma/Paraganglioma)
These occur in the **adrenal medulla** (the inner core), which produces catecholamines like adrenaline and noradrenaline. While many pheochromocytomas are benign, some are malignant. They typically cause episodes of severe hypertension (high blood pressure), rapid heartbeat, and sweating.

### Key Characteristics
*   **Diagnosis:** Usually identified via CT scans, MRIs, or biopsy, along with blood and urine tests to check hormone levels.
*   **Treatment:** The primary treatment is surgical removal of","The ""little glands"" sitting on top of your kidneys are called the **adrenal glands**. Cancer originating in these glands is generally referred to as **adrenal cortical carcinoma** (if it starts in the outer layer/cortex) or **adrenal medullary tumors** (if it starts in the inner core).

Here is a breakdown of what this means:

### What are Adrenal Glands?
Adrenal glands are small organs that produce hormones essential for survival. They control things like:
*   **Blood pressure** (via aldosterone)
*   **Stress response** (via cortisol)
*   **Metabolism and energy**
*   **Fight-or-flight responses** (via adrenaline)

### What happens when cancer occurs there?
When a tumor develops in these glands, two main things can happen:

1.  **Hormone Overproduction:** Unlike many other cancers, adrenal tumors often secrete excessive amounts of hormones into the bloodstream. This can cause symptoms long before a lump is felt, such as sudden weight gain, high blood pressure, muscle weakness, or changes in skin pigmentation.
2.  **Physical Growth:** The tumor may grow large enough to press against nearby organs or spread (metastasize) to other parts of the body, such as the lungs or liver.

### Is it always cancer?
It is important to note that most growths found on the adrenal glands are **benign (non-cancerous","**Adrenal Cortical Carcinoma (ACC)** is a rare and aggressive malignancy arising from the cells of the adrenal cortex—the outer layer of the adrenal glands located atop each kidney.

### Nature of the Disease
The adrenal cortex is responsible for producing steroid hormones essential for metabolism, immune response, and blood pressure regulation. ACC occurs when these cells undergo malignant transformation, leading to uncontrolled growth and potential spread (metastasis) to other organs, most commonly the lungs and liver.

### Implications of Adrenal Cortical Carcinoma

The implications of ACC generally fall into two categories: hormonal dysfunction and oncological progression.

#### 1. Hormonal Implications (Functional vs. Non-functional)
Many ACCs are ""functional,"" meaning they overproduce hormones, which leads to specific clinical syndromes:
*   **Cushing’s Syndrome:** Overproduction of **cortisol**, resulting in weight gain, muscle weakness, hypertension, high blood sugar, and skin thinning.
*   **Virilization:** Overproduction of **androgens**, causing masculine physical traits (e.g., facial hair in women, deepening voice).
*   **Mixed Secretion:** Some tumors produce multiple hormones simultaneously.
*   **Non-functional:** Some tumors do not secrete hormones; these are often diagnosed later because they lack early systemic symptoms and are found only once the tumor becomes large enough to cause pain or be detected via imaging.

#### 2. Clinical and Prognostic Implications
*",4.724648354380098,1.952923356533916,1.7165942249348265,45.979093179857166,41.37353512334708,37.08839020705616,17.763157894736846,14.012738853503183,13.29113924050633,41.44736842105263,33.75796178343949,29.11392405063291,0.0,0.0,0.0,42.85714285714285,33.92857142857143,23.214285714285715,30.76923076923077,22.35294117647059,16.049382716049383,35.82089552238806,26.95035460992908,18.97810218978102,0.8427415490150452,0.8278722167015076,0.8263471722602844,0.9999998807907104,0.6013485789299011,0.8154734969139099,3,3,3
gemma-4-31B-it (4bit),gemma4_31b_q6k_ref.yaml,4bit,overgeneralization,14,What is (are) Adrenal Gland Disorders ?,"what are the diff kinds of hormone gland problems in the body, esp the little ones by the kidneys, and how do those issues usually mess you up or make you feel off ?","What are the different types of endocrine gland disorders, specifically regarding the adrenal glands, and what are their typical clinical presentations and symptoms?","The adrenal glands are small glands located on top of each kidney. They produce hormones that you can't live without, including sex hormones and cortisol. Cortisol helps you respond to stress and has many other important functions. With adrenal gland disorders, your glands make too much or not enough hormones. In Cushing's syndrome, there's too much cortisol, while with Addison's disease, there is too little. Some people are born unable to make enough cortisol. Causes of adrenal gland disorders include - Genetic mutations - Tumors including pheochromocytomas - Infections - A problem in another gland, such as the pituitary, which helps to regulate the adrenal gland - Certain medicines Treatment depends on which problem you have. Surgery or medicines can treat many adrenal gland disorders. NIH: National Institute of Child Health and Human Development","**Adrenal gland disorders** are conditions caused by an imbalance in the production of hormones secreted by the adrenal glands—two small organs located on top of each kidney. These glands produce essential hormones including cortisol, aldosterone, adrenaline (epinephrine), and sex hormones.

These disorders generally fall into two categories: **hyperfunction** (overproduction of hormones) and **hypofunction** (underproduction of hormones).

### 1. Hyperfunction (Overproduction)
*   **Cushing’s Syndrome:** Occurs when there is too much **cortisol**. This can be caused by tumors in the pituitary or adrenal glands, or prolonged use of corticosteroid medications. Symptoms include weight gain (central obesity), ""moon face,"" and high blood pressure.
*   **Conn’s Syndrome (Primary Aldosteronism):** Occurs when there is excess **aldosterone**, usually due to a benign tumor. This leads to sodium retention and potassium loss, resulting in hypertension (high blood pressure).
*   **Pheochromocytoma:** A rare tumor of the adrenal medulla that causes overproduction of **adrenaline/noradrenaline**, leading to episodes of severe hypertension, rapid heartbeat, and anxiety.

### 2. Hypofunction (Underproduction)
*   **Addison’s Disease (Primary Adrenal Insufficiency):** Occurs when the adrenal cortex is damaged (often by autoimmune disease), leading to a deficiency in both **cortisol and aldosterone**. Symptoms","*Disclaimer: I am an AI, not a doctor. If you are experiencing symptoms, please consult a healthcare provider for diagnosis and treatment.*

Hormone glands (the endocrine system) regulate almost every function in your body. When they malfunction, it is typically due to either **hyperfunction** (producing too much hormone) or **hypofunction** (producing too little).

### The ""Little Ones"" by the Kidneys: Adrenal Glands
The small, triangle-shaped glands sitting atop your kidneys are the **adrenal glands**. They produce several critical hormones, and problems with them generally fall into two categories:

#### 1. Cortisol Issues (Stress Hormone)
*   **Too Much (Cushing’s Syndrome):** Can cause rapid weight gain (especially around the midsection and upper back), a rounded ""moon face,"" thinning skin, easy bruising, and high blood pressure.
*   **Too Little (Addison’s Disease):** Leads to extreme fatigue, muscle weakness, low blood pressure, salt cravings, and darkening (hyperpigmentation) of the skin.

#### 2. Aldosterone Issues (Salt/Water Balance)
*   Problems here affect your electrolytes. This can lead to dangerous swings in potassium and sodium levels, causing heart palpitations, dizziness, or severe dehydration.

---

### Other Common Hormone Gland Problems

#### Thyroid Gland (Neck)
Located in the front of the throat; regulates","Adrenal gland disorders are typically categorized by which part of the gland is affected: the **adrenal cortex** (the outer layer) or the **adrenal medulla** (the inner core).

### 1. Adrenal Cortex Disorders
The cortex produces three main hormones: cortisol (glucocorticoids), aldosterone (mineralocorticoids), and sex steroids (androgens).

#### A. Cortisol Imbalances (Glucocorticoids)
*   **Hypercortisolism (Cushing’s Syndrome):** Caused by an excess of cortisol.
    *   **Clinical Presentation:** Weight gain centered in the abdomen, ""moon face"" (rounded face), and a ""buffalo hump"" (fat deposit between shoulders).
    *   **Symptoms:** Hypertension, hyperglycemia (diabetes), purple skin striae (stretch marks), muscle weakness, and thin skin that bruises easily.
*   **Hypocortisolism (Addison’s Disease/Primary Adrenal Insufficiency):** Caused by deficient production of cortisol and often aldosterone.
    *   **Clinical Presentation:** Chronic fatigue and hypotension.
    *   **Symptoms:** Hyperpigmentation (bronzing of the skin), salt craving, weight loss, hypoglycemia, and nausea. An acute crisis (**Addisonian Crisis**) presents as severe shock and cardiovascular collapse.

#### B. Aldosterone Imbalances (Mineralocorticoids)
*   **Hyperaldosteronism (Conn’s",4.402591216203224,1.2335587271823334,0.7478525068675752,42.6357437621736,36.98215255386171,34.545223970430776,21.639344262295083,16.39344262295082,12.734082397003746,38.03278688524591,32.78688524590164,26.217228464419478,0.0,0.0,0.0,33.33333333333333,19.29824561403509,19.29824561403509,25.333333333333336,12.941176470588236,18.96551724137931,28.78787878787879,15.492957746478872,19.13043478260869,0.8401641249656677,0.8250474333763123,0.7996740937232971,1.0,0.5124713182449341,0.746975839138031,3,3,2
gemma-4-31B-it (4bit),gemma4_31b_q6k_ref.yaml,4bit,typos_grammar,15,Do you have information about Advance Directives,"Do u have any informaiton abotu Advance Directvies, like what it is an how they work ?","What are advance directives, and how do they function?","Summary : What kind of medical care would you want if you were too ill or hurt to express your wishes? Advance directives are legal documents that allow you to spell out your decisions about end-of-life care ahead of time. They give you a way to tell your wishes to family, friends, and health care professionals and to avoid confusion later on. A living will tells which treatments you want if you are dying or permanently unconscious. You can accept or refuse medical care. You might want to include instructions on - The use of dialysis and breathing machines - If you want to be resuscitated if your breathing or heartbeat stops - Tube feeding - Organ or tissue donation A durable power of attorney for health care is a document that names your health care proxy. Your proxy is someone you trust to make health decisions for you if you are unable to do so. NIH: National Cancer Institute","**Advance Directives** are legal documents that allow an individual to state their preferences for medical care in the event they become unable to make decisions for themselves due to illness or injury.

There are two primary types of advance directives:

### 1. Living Will
A living will is a written document specifying which life-sustaining treatments a person does or does not want if they are terminally ill or permanently unconscious. Common specifications include:
*   **Resuscitation (CPR):** Whether chest compressions or electric shocks should be used to restart the heart.
*   **Mechanical Ventilation:** The use of machines to breathe if the lungs fail.
*   **Artificial Nutrition and Hydration:** Use of feeding tubes or IV fluids.
*   **Comfort Care:** Instructions to prioritize pain relief (palliative care) over curative treatment.

### 2. Durable Power of Attorney for Healthcare (Healthcare Proxy)
This document designates a **healthcare agent** (or proxy)—a trusted person authorized to make medical decisions on your behalf if you lose decision-making capacity. Unlike a living will, which lists specific treatments, a proxy can respond to real-time clinical situations based on their knowledge of your values.

---

### Additional Related Documents
While not always part of a formal ""advance directive"" package, these often accompany them:
*   **DNR (Do Not Resuscitate) Order:** A medical order signed by a doctor instructing healthcare providers not to perform","***Disclaimer:** I am an AI, not a doctor or lawyer. Laws regarding advance directives vary by country and state. You should consult with a healthcare provider or legal professional to ensure your documents are legally binding in your jurisdiction.*

### What is an Advance Directive?
An **Advance Directive** is a legal document that outlines your preferences for medical care if you become unable to make decisions for yourself (for example, due to a coma, dementia, or severe trauma). 

Its primary purpose is to ensure your wishes are respected and to remove the burden of guesswork from your family members during a crisis.

---

### How They Work: The Main Components
Most advance directives consist of two main parts: a **Living Will** and a **Healthcare Proxy**.

#### 1. Living Will (The ""What"")
A living will specifies which medical treatments you want—or do not want—to keep you alive. Common topics include:
*   **Ventilation:** Whether you want a machine to breathe for you.
*   **Tube Feeding:** Whether you want nutrients delivered via a tube if you cannot eat.
*   **CPR/Resuscitation:** Whether doctors should attempt to restart your heart if it stops (often linked to a DNR or ""Do Not Resuscitate"" order).
*   **Comfort Care:** Instructions to prioritize pain relief over life-prolonging measures (Palliative Care).

#### 2. Healthcare Proxy / Durable Power of Attorney","**Advance directives** are legal documents that allow an individual to state their preferences for medical treatment in the event they become unable to communicate or make decisions for themselves due to illness or injury.

### How They Function
Advance directives provide clear instructions to healthcare providers and family members, ensuring that a patient's autonomy is respected even when they lack decision-making capacity. They typically consist of two primary components:

#### 1. Living Wills
A living will specifies which life-sustaining treatments a person does or does not want. Common examples include:
*   **Resuscitation (CPR):** Whether chest compressions or electric shocks should be used if the heart stops.
*   **Mechanical Ventilation:** Instructions regarding the use of breathing machines.
*   **Artificial Nutrition and Hydration:** Preferences regarding feeding tubes or IV fluids.
*   **Comfort Care:** A request for palliative care to manage pain rather than prolonging life through aggressive intervention.

#### 2. Durable Power of Attorney for Healthcare (Healthcare Proxy)
This document designates a **healthcare proxy** (or surrogate)—a trusted person authorized to make medical decisions on the patient's behalf. This is critical because medical situations can evolve in ways a written living will cannot predict; the proxy interprets the patient's known wishes in real-time.

### Implementation in Clinical Settings
When a patient loses consciousness or cognitive ability, clinicians look for these documents to guide care. In some cases, specific orders derived from",4.634633875428818,1.6985791227284728,3.284655988381169,45.094294824159526,46.01119334082136,43.42698380618663,25.495750708215297,21.203438395415475,20.87912087912088,41.926345609065166,46.41833810888252,35.714285714285715,0.0,0.0,0.0,31.666666666666664,30.0,31.666666666666664,24.050632911392405,26.47058823529412,22.61904761904762,27.33812949640288,28.125,26.38888888888889,0.8525314927101135,0.8422793745994568,0.8538298606872559,0.9999999403953552,0.3716906011104584,0.91350257396698,4,4,4
gemma-4-31B-it (4bit),gemma4_31b_q6k_ref.yaml,4bit,ambiguity,16,Do you have information about African American Health,"Do you have any info on health stuff for Black people, like the kinds of problems that come up more or things they should watch for?","What are the most common health disparities and prevalent medical conditions affecting the Black population, and what preventive screenings or monitoring are recommended for them?","Summary : Every racial or ethnic group has specific health concerns. Differences in the health of groups can result from - Genetics - Environmental factors - Access to care - Cultural factors On this page, you'll find links to health issues that affect African Americans.","African American health is characterized by a complex interplay of genetic predispositions, socioeconomic factors (social determinants of health), and systemic disparities in healthcare access and quality.

Below is an overview of key areas concerning African American health outcomes:

### 1. Chronic Disease Prevalence
Certain chronic conditions occur at higher rates within the African American population due to a combination of environmental stressors and biological factors:
*   **Hypertension & Cardiovascular Disease:** African Americans have some of the highest rates of hypertension globally, which increases the risk of heart disease and stroke.
*   **Diabetes:** There is a disproportionately high prevalence of Type 2 diabetes, often linked to higher rates of obesity and limited access to nutritious foods (""food deserts"").
*   **Sickle Cell Disease:** This genetic blood disorder occurs most frequently in people of African descent.

### 2. Maternal and Infant Health
There are significant disparities in maternal health outcomes regardless of income or education level:
*   **Maternal Mortality:** Black women are significantly more likely to die from pregnancy-related complications than white women.
*   **Infant Mortality:** The infant mortality rate for African American infants is substantially higher, often attributed to inadequate prenatal care and systemic biases in clinical treatment.

### 3. Social Determinants of Health (SDOH)
Health outcomes are heavily influenced by non-medical factors:
*   **Economic Stability:** Disparities in wealth and employment affect the ability to afford healthy food, safe housing","*Disclaimer: I am an AI, not a doctor. The following information is based on public health data and clinical guidelines. Please consult a healthcare provider for personalized medical advice.*

Certain health conditions occur at higher rates among Black populations due to a complex combination of genetic factors, socioeconomic disparities, environmental influences, and systemic inequities in healthcare access.

Here are the primary areas where Black individuals may face increased risks and what to monitor:

### 1. Cardiovascular Health
Black adults have some of the highest rates of **hypertension (high blood pressure)** globally. This increases the risk of heart disease and stroke.
*   **What to watch for:** Regular monitoring of blood pressure. Hypertension often has no symptoms (""the silent killer""), so routine screenings are essential.
*   **Focus:** Low-sodium diets and cardiovascular exercise.

### 2. Metabolic Health & Diabetes
There is a higher prevalence of **Type 2 diabetes** and obesity within Black communities, which can lead to complications such as kidney failure and vision loss.
*   **What to watch for:** Blood glucose levels (A1C tests) and waist circumference.
*   **Focus:** Managing sugar intake and maintaining a healthy weight through nutrition and activity.

### 3. Hematologic Conditions
**Sickle Cell Disease (SCD)** occurs most frequently in people whose ancestors come from sub-Saharan Africa, Southeast Asia, Saudi Arabia, and India.
*   **What to watch for:**","Health disparities affecting the Black population often stem from a combination of systemic socioeconomic factors (social determinants of health), genetic predispositions, and unequal access to quality healthcare.

### Prevalent Medical Conditions & Health Disparities

**1. Cardiovascular Disease**
*   **Hypertension:** Black adults have higher rates of hypertension than any other racial group; it often develops earlier in life and is more severe.
*   **Heart Failure and Stroke:** There is a disproportionately higher incidence of stroke and heart failure due to uncontrolled blood pressure and comorbidities.

**2. Metabolic Disorders**
*   **Type 2 Diabetes:** Higher prevalence of diabetes and associated complications (e.g., neuropathy, retinopathy) compared to white populations.
*   **Obesity:** Increased risk linked to both environmental food insecurity (""food deserts"") and metabolic differences.

**3. Maternal and Infant Health**
*   **Maternal Mortality:** Black women face significantly higher maternal mortality rates regardless of income or education level.
*   **Infant Mortality:** Higher rates of low birth weight and infant mortality.

**4. Chronic Kidney Disease (CKD)**
*   Higher prevalence of kidney failure, partly attributed to the high rate of hypertension and diabetes, as well as specific genetic markers (such as APOL1 gene variants).

**5. Specific Cancers**
*   **Prostate Cancer:** Black men have the highest incidence and mortality rates of prostate cancer globally.
*   **",0.4343498469493076,0.232318620707277,0.2360973983749565,25.17456280149718,22.832228117881048,24.05977391141844,9.56175298804781,7.468879668049793,6.06060606060606,14.342629482071713,12.448132780082986,13.852813852813856,0.0,0.0,0.0,25.0,12.5,18.75,4.166666666666666,2.197802197802198,3.333333333333333,7.142857142857142,3.738317757009346,5.660377358490567,0.8315717577934265,0.8258921504020691,0.8196446895599365,1.0,0.794005274772644,0.6973748207092285,3,4,2
gemma-4-31B-it (4bit),gemma4_31b_q6k_ref.yaml,4bit,layperson,17,What is (are) After Surgery ?,"what all can happn after you get somthing done at the hospitol, like after they fix stuff and your home agian ?",What are the common postoperative complications or recovery expectations following hospital discharge?,"After any operation, you'll have some side effects. There is usually some pain with surgery. There may also be swelling and soreness around the area that the surgeon cut. Your surgeon can tell you which side effects to expect. There can also be complications. These are unplanned events linked to the operation. Some complications are infection, too much bleeding, reaction to anesthesia, or accidental injury. Some people have a greater risk of complications because of other medical conditions. Your surgeon can tell you how you might feel and what you will be able to do - or not do - the first few days, weeks, or months after surgery. Some other questions to ask are - How long you will be in the hospital - What kind of supplies, equipment, and help you might need when you go home - When you can go back to work - When it is ok to start exercising again - Are they any other restrictions in your activities Following your surgeon's advice can help you recover as soon as possible. Agency for Healthcare Quality and Research","""After surgery,"" medically referred to as the **postoperative period**, refers to the phase of care that begins immediately after a surgical procedure ends and continues until the patient has fully recovered.

This period is typically divided into three main stages:

**1. Immediate Post-Operative Phase (PACU)**
Immediately following surgery, patients are monitored in the **Post-Anesthesia Care Unit (PACU)** or recovery room. The primary focus here is stabilizing vital signs (heart rate, blood pressure, breathing) and monitoring the patient as they wake up from anesthesia.

**2. Intermediate/Inpatient Phase**
If the patient remains in the hospital, this stage involves managing acute needs such as:
*   **Pain Management:** Administering analgesics to control post-surgical pain.
*   **Wound Care:** Monitoring incisions for infection or bleeding.
*   **Fluid Balance:** Ensuring proper hydration via IVs or oral intake.
*   **Early Mobilization:** Encouraging movement to prevent complications like deep vein thrombosis (blood clots).

**3. Long-term Recovery (Convalescence)**
Once discharged, the postoperative period extends to home recovery. This includes:
*   **Follow-up Appointments:** Checking with surgeons to ensure healing is progressing correctly.
*   **Physical Therapy:** Rehabilitating strength or mobility if applicable.
*   **Medication Adherence:** Completing courses of antibiotics or taking prescribed anticoagulants.
*","*Disclaimer: I am an AI, not a doctor. If you are experiencing severe symptoms or have specific questions about your discharge papers, contact your healthcare provider immediately.*

What happens after hospital treatment depends entirely on the procedure performed, but recovery generally falls into these categories:

### 1. Normal Recovery Symptoms (Expected)
Depending on the surgery or treatment, it is common to experience:
*   **Fatigue:** Your body uses significant energy to heal, leading to tiredness and sleepiness.
*   **Pain/Soreness:** Mild to moderate pain around incision sites or affected areas.
*   **Swelling/Bruising:** Common after any invasive procedure as inflammation occurs during healing.
*   **Brain Fog:** A lingering effect of anesthesia or heavy medications that may make you feel ""fuzzy"" for a few days.

### 2. Required Aftercare (Management)
To ensure a full recovery, patients usually follow a **discharge plan**, which includes:
*   **Medication Management:** Taking antibiotics to prevent infection or painkillers to manage discomfort.
*   **Wound Care:** Keeping incisions clean and dry, and changing bandages as instructed.
*   **Activity Restrictions:** Limits on lifting heavy objects, driving, or returning to work.
*   **Follow-up Appointments:** Visiting the doctor to remove stitches or check progress via imaging (X-rays/blood tests).

### 3. Potential Complications (Warning Signs)","Postoperative recovery varies significantly depending on the type of surgery (minimally invasive vs. open) and the patient's overall health. However, there are general patterns regarding expected recovery and potential complications after hospital discharge.

### Recovery Expectations
During the initial weeks at home, patients typically experience:
*   **Pain Management:** Pain is expected but should be manageable with prescribed medications. It generally decreases over time.
*   **Fatigue:** Significant tiredness and reduced stamina are common as the body diverts energy toward healing tissues.
*   **Limited Mobility:** Depending on the site of surgery, restricted range of motion or activity limitations may be required to prevent wound dehiscence.
*   **Dietary Adjustments:** Some patients may require temporary dietary modifications (e.g., low-residue or liquid diets) until bowel function returns fully.

### Common Postoperative Complications
Patients and caregivers should monitor for ""red flags"" that indicate complications:

#### 1. Surgical Site Infections (SSI)
Infections can occur at the incision site. Signs include:
*   Increased redness, warmth, or swelling around the wound.
*   Purulent drainage (pus).
*   Fever or chills.
*   Wound edges pulling apart (dehiscence).

#### 2. Thromboembolic Events
Surgery increases the risk of blood clots due to inflammation and immobility.
*   **Deep Vein Thrombosis (",1.0772837953547267,0.8667298432701132,0.8002668564254213,36.06067496739173,37.46685191322962,36.510988188317526,9.090909090909092,10.644257703081234,9.714285714285714,21.02272727272727,29.13165266106443,23.42857142857143,0.0,0.0,0.0,15.625,20.3125,17.1875,11.76470588235294,13.684210526315791,11.702127659574469,13.422818791946307,16.352201257861637,13.924050632911392,0.808100163936615,0.8224071860313416,0.8178987503051758,1.0,0.2722005844116211,0.4928274750709533,2,3,2
gemma-4-31B-it (4bit),gemma4_31b_q6k_ref.yaml,4bit,incomplete,18,Do you have information about Air Pollution,do u have any info on bad air stuff and what it can do?,What are the potential health effects and risks associated with exposure to poor air quality?,"Summary : Air pollution is a mixture of solid particles and gases in the air. Car emissions, chemicals from factories, dust, pollen and mold spores may be suspended as particles. Ozone, a gas, is a major part of air pollution in cities. When ozone forms air pollution, it's also called smog. Some air pollutants are poisonous. Inhaling them can increase the chance you'll have health problems. People with heart or lung disease, older adults and children are at greater risk from air pollution. Air pollution isn't just outside - the air inside buildings can also be polluted and affect your health. Environmental Protection Agency","Air pollution refers to the presence of harmful substances—chemicals, particulate matter, or biological molecules—in the Earth's atmosphere that adversely affect human health and the environment.

### Common Pollutants
*   **Particulate Matter (PM2.5 and PM10):** Tiny particles from combustion, dust, and industrial processes that can penetrate deep into the lungs and enter the bloodstream.
*   **Nitrogen Dioxide ($\text{NO}_2$):** Primarily produced by vehicle emissions; contributes to respiratory inflammation.
*   **Sulfur Dioxide ($\text{SO}_2$):** Produced by burning fossil fuels containing sulfur (e.g., coal); causes airway constriction.
*   **Ground-level Ozone ($\text{O}_3$):** Formed when pollutants react with sunlight; it is a powerful lung irritant.
*   **Carbon Monoxide (CO):** A colorless, odorless gas that interferes with the blood's ability to carry oxygen.

### Health Impacts
Exposure to air pollution affects multiple organ systems:

1.  **Respiratory System:** 
    *   Exacerbation of asthma and Chronic Obstructive Pulmonary Disease (COPD).
    *   Increased susceptibility to respiratory infections.
    *   Reduced lung function growth in children.
2.  **Cardiovascular System:** 
    *   Increased risk of myocardial infarction (heart attack) and stroke due to systemic inflammation and oxidative stress.","""Bad air,"" or air pollution, refers to the presence of harmful substances in the atmosphere—such as particulate matter (PM2.5), nitrogen dioxide ($\text{NO}_2$), sulfur dioxide ($\text{SO}_2$), ozone ($\text{O}_3$), and carbon monoxide ($\text{CO}$). These pollutants enter the body primarily through inhalation and can affect multiple organ systems.

### Short-Term Effects (Acute)
When air quality is poor (e.g., during smog events or wildfires), you may experience immediate symptoms:
*   **Respiratory Irritation:** Coughing, wheezing, shortness of breath, and irritation of the nose, throat, and eyes.
*   **Exacerbation of Existing Conditions:** Triggering of asthma attacks or worsening of Chronic Obstructive Pulmonary Disease (COPD).
*   **Increased Sensitivity:** Increased susceptibility to respiratory infections like bronchitis or pneumonia.

### Long-Term Effects (Chronic)
Prolonged exposure to polluted air can lead to permanent health damage:
*   **Lung Damage:** Reduced lung function over time and the development of chronic respiratory diseases.
*   **Cardiovascular Issues:** Fine particles (PM2.5) can enter the bloodstream, increasing the risk of heart attack, stroke, and hypertension.
*   **Systemic Inflammation:** Pollution can trigger systemic inflammation, which is linked to metabolic issues and cognitive decline.
*   **Cancer Risk:** Certain airborne carcinogens (like","Exposure to poor air quality—characterized by high levels of particulate matter (PM2.5 and PM10), nitrogen dioxide ($\text{NO}_2$), sulfur dioxide ($\text{SO}_2$), and ground-level ozone—can lead to significant short-term and long-term health complications.

### Short-Term Health Effects
Immediate reactions often occur in response to spikes in pollution or acute exposure:
*   **Respiratory Irritation:** Coughing, wheezing, shortness of breath, and irritation of the throat, nose, and eyes.
*   **Exacerbation of Chronic Conditions:** Increased frequency and severity of asthma attacks and flare-ups of chronic obstructive pulmonary disease (COPD).
*   **Increased Susceptibility:** Heightened vulnerability to respiratory infections, such as pneumonia and bronchitis.

### Long-Term Health Risks
Chronic exposure can lead to systemic damage across multiple organ systems:
*   **Cardiovascular Disease:** Fine particulate matter (PM2.5) can enter the bloodstream, causing systemic inflammation that increases the risk of heart attack, hypertension, and stroke.
*   **Pulmonary Damage:** Permanent reduction in lung function, development of chronic bronchitis, and an increased risk of developing lung cancer.
*   **Neurological Impact:** Emerging evidence suggests links between long-term air pollution and cognitive decline, including an increased risk of dementia and Alzheimer's disease.
*   **Metabolic Issues:** Some studies associate prolonged exposure with",1.1994184365900835,0.9647528854584289,0.5461418290820333,34.86080478569901,32.77216232195112,30.44147773143916,12.075471698113208,12.903225806451612,10.38062283737024,26.41509433962264,23.65591397849462,17.99307958477509,0.0,0.0,0.0,20.833333333333336,18.75,6.25,14.084507042253522,10.0,3.333333333333333,16.80672268907563,13.043478260869568,4.347826086956522,0.8146213293075562,0.815831184387207,0.8118066191673279,0.9999998807907104,0.6020172238349915,0.5927333831787109,4,3,2
gemma-4-31B-it (4bit),gemma4_31b_q6k_ref.yaml,4bit,overgeneralization,19,Do you have information about Alcohol,do you have any info on things people use or drink and how that,What substances or beverages can impact overall health?,"Summary : If you are like many Americans, you drink alcohol at least occasionally. For many people, moderate drinking is probably safe. It may even have health benefits, including reducing your risk of certain heart problems. For most women and for most people over 65, moderate drinking is no more than three drinks a day or seven drinks per week. For men under 65, it is no more than four drinks a day or 14 drinks per week. Some people should not drink at all, including alcoholics, children, pregnant women, people taking certain medicines, and people with certain medical conditions. If you have questions about whether it is safe for you to drink, speak with your health care provider. Anything more than moderate drinking can be risky. Heavy drinking can lead to alcoholism and alcohol abuse, as well as injuries, liver disease, heart disease, cancer, and other health problems. It can also cause problems at home, at work, and with friends. NIH: National Institute on Alcohol Abuse and Alcoholism","Alcohol (ethanol) is a psychoactive substance produced by the fermentation of sugars by yeast. In a medical context, it is analyzed through its effects on physiology, pharmacology, and public health.

### 1. Physiological Effects
*   **Central Nervous System (CNS):** Alcohol acts as a CNS depressant. It enhances the effect of GABA (an inhibitory neurotransmitter), leading to slowed reaction times, impaired judgment, and loss of motor coordination.
*   **Liver:** Chronic consumption can lead to fatty liver (steatosis), alcoholic hepatitis, and cirrhosis (irreversible scarring).
*   **Cardiovascular:** While moderate intake is sometimes debated regarding heart health, excessive use often leads to hypertension, cardiomyopathy, and increased risk of stroke.
*   **Metabolism:** Ethanol is primarily metabolized in the liver via the enzyme alcohol dehydrogenase into acetaldehyde (a toxic byproduct) and then into acetate.

### 2. Medical Risks and Complications
*   **Dependence/Addiction:** Long-term use can lead to Alcohol Use Disorder (AUD), characterized by an inability to stop drinking despite negative consequences.
*   **Withdrawal:** Severe dependence can result in withdrawal symptoms ranging from tremors and anxiety to life-threatening conditions like **Delirium Tremens (DTs)** or seizures.
*   **Interactions:** Alcohol potentiates the effects of other sedatives (benzodiazepines, opioids), which significantly increases the risk of fatal respiratory depression.

### 3","It appears your question was cut off. To provide an accurate and helpful response, please specify what substances (medications, supplements, herbal teas, etc.) you are asking about and what specific effect or interaction you are concerned with (e.g., ""how they affect blood pressure"" or ""how they interact with other medications"").

**Important Safety Note:** 
If you are experiencing a medical emergency or suspect an overdose/poisoning, please contact emergency services immediately or call the **Poison Control Center at 1-800-222-1222** (in the US).

I am ready to provide information once you complete your question.","A wide range of substances and beverages can significantly impact overall health, acting either as beneficial nutrients or harmful toxins depending on their nature and dosage.

### 1. Harmful or High-Risk Substances
*   **Alcohol:** Excessive consumption is linked to liver disease (cirrhosis), cardiovascular issues, cognitive impairment, and an increased risk of several cancers.
*   **Tobacco/Nicotine:** Smoking and vaping damage the lungs, increase blood pressure, and are primary causes of lung cancer and heart disease.
*   **Added Sugars:** Found in sodas, energy drinks, and processed sweets; high intake contributes to obesity, Type 2 diabetes, and metabolic syndrome.
*   **Trans Fats:** Often found in fried foods and some packaged snacks; these raise LDL (bad) cholesterol and increase inflammation.
*   **Excessive Sodium:** Overconsumption—primarily from processed foods—can lead to hypertension (high blood pressure) and kidney strain.
*   **Illicit Drugs:** These can cause permanent neurological damage, organ failure, and severe psychological dependence.

### 2. Beverages with Mixed Impacts
*   **Caffeine:** In moderation, it may improve alertness and focus. However, excessive amounts can lead to anxiety, insomnia, and tachycardia (rapid heart rate).
*   **Fruit Juices:** While containing vitamins, they often lack fiber and contain concentrated natural sugars that can spike blood glucose levels.
*   **Energy Drinks:** Due to",1.6855841365763051,1.1305120551209116,1.4068834815563551,33.167802042982125,22.08458895643689,32.66490893680737,10.37463976945245,7.782101167315175,9.497206703910614,20.7492795389049,16.34241245136187,19.553072625698324,0.0,0.0,0.0,9.333333333333334,0.0,6.666666666666667,9.333333333333334,0.0,5.154639175257731,9.333333333333334,0.0,5.813953488372093,0.8049041628837585,0.810302734375,0.8058276176452637,1.0,0.6680300831794739,0.471032977104187,2,2,2
gemma-4-31B-it (4bit),gemma4_31b_q6k_ref.yaml,4bit,typos_grammar,20,What is (are) Alcoholism and Alcohol Abuse ?,"What is alchoholism and alchohol abuse, are they the same thing or not ?",What is the clinical difference between alcoholism (alcohol use disorder) and alcohol abuse?,"For most adults, moderate alcohol use is probably not harmful. However, about 18 million adult Americans have an alcohol use disorder. This means that their drinking causes distress and harm. It includes alcoholism and alcohol abuse. Alcoholism, or alcohol dependence, is a disease that causes - Craving - a strong need to drink - Loss of control - not being able to stop drinking once you've started - Physical dependence - withdrawal symptoms - Tolerance - the need to drink more alcohol to feel the same effect With alcohol abuse, you are not physically dependent, but you still have a serious problem. The drinking may cause problems at home, work, or school. It may cause you to put yourself in dangerous situations, or lead to legal or social problems. Another common problem is binge drinking. It is drinking about five or more drinks in two hours for men. For women, it is about four or more drinks in two hours. Too much alcohol is dangerous. Heavy drinking can increase the risk of certain cancers. It can cause damage to the liver, brain, and other organs. Drinking during pregnancy can harm your baby. Alcohol also increases the risk of death from car crashes, injuries, homicide, and suicide. If you want to stop drinking, there is help. Start by talking to your health care provider. Treatment may include medicines, counseling, and support groups. NIH: National Institute on Alcohol Abuse and Alcoholism","**Alcohol abuse** and **alcoholism** (clinically referred to as **Alcohol Use Disorder** or AUD) describe different patterns of harmful alcohol consumption. While these terms were used distinctly in the past, modern medicine groups them under one spectrum known as Alcohol Use Disorder, ranging from mild to severe.

### 1. Alcohol Abuse
Alcohol abuse refers to a pattern of drinking that results in negative consequences for the individual's health, social life, or legal standing, but does not necessarily involve physical dependence. Examples include:
*   **Binge Drinking:** Consuming large amounts of alcohol in a short period.
*   **Risky Behavior:** Driving while intoxicated or neglecting professional/family responsibilities due to drinking.
*   **Health Impact:** Using alcohol in ways that cause injury or exacerbate existing medical conditions.

### 2. Alcoholism (Alcohol Dependence)
Alcoholism is the more severe end of the spectrum characterized by a physiological and psychological compulsion to drink. It involves:
*   **Tolerance:** Needing larger amounts of alcohol to achieve the same effect.
*   **Withdrawal:** Experiencing physical symptoms (such as tremors, nausea, or seizures) when stopping or reducing alcohol intake.
*   **Loss of Control:** An inability to stop drinking once started or an inability to limit the amount consumed despite wanting to do so.
*   **Craving:** Intense urges or ""cravings"" for alcohol.

### Summary Table
|","**Alcohol abuse** and **alcoholism** (clinically referred to as Alcohol Use Disorder or AUD) are related but distinct concepts. While often used interchangeably in casual conversation, they represent different levels of severity regarding alcohol consumption.

### 1. Alcohol Abuse
Alcohol abuse occurs when a person consumes alcohol in a way that causes significant problems with their health, relationships, work, or social obligations, but has **not yet developed a physical or psychological dependence**.

Examples of alcohol abuse include:
*   **Binge drinking:** Consuming large amounts of alcohol in a short period.
*   **Risky behavior:** Drinking and driving or using alcohol in dangerous situations.
*   **Negative consequences:** Missing work or experiencing arguments with family due to drinking habits.

A person abusing alcohol may drink excessively and face negative outcomes, but they can generally stop drinking without experiencing withdrawal symptoms.

### 2. Alcoholism (Alcohol Dependence/AUD)
Alcoholism refers to a chronic disease characterized by an **inability to stop or control drinking**, regardless of the negative consequences. It involves both physiological and psychological dependence.

Key characteristics of alcoholism include:
*   **Tolerance:** Needing more alcohol to achieve the same effect.
*   **Withdrawal:** Experiencing physical symptoms (shaking, nausea, anxiety, seizures) when stopping or reducing intake.
*   **Compulsion:** An intense craving for alcohol and spending a significant amount of time obtaining or recovering from it","Historically, medical professionals distinguished between **alcohol abuse** and **alcohol dependence** (alcoholism). However, in current clinical practice—specifically under the **DSM-5** (Diagnostic and Statistical Manual of Mental Disorders, 5th Edition)—these two terms have been merged into a single diagnosis: **Alcohol Use Disorder (AUD)**.

Here is the breakdown of the historical distinction versus the modern clinical approach:

### Historical Distinction (DSM-IV)
Previously, clinicians separated these conditions based on whether the patient had developed a physiological reliance on the substance:

*   **Alcohol Abuse:** This was characterized by a pattern of drinking that led to negative consequences (e.g., failing at work, legal issues/DUIs, or danger while intoxicated), but without the presence of physical dependence or severe withdrawal symptoms. It was viewed as ""misuse"" leading to social or occupational impairment.
*   **Alcohol Dependence (Alcoholism):** This was defined by a loss of control over consumption and the development of physiological adaptations. Key markers included:
    *   **Tolerance:** Needing more alcohol to achieve the same effect.
    *   **Withdrawal:** Experiencing tremors, anxiety, or seizures when stopping.
    *   **Compulsion:** Spending significant time obtaining or recovering from alcohol.

### Modern Clinical Approach (DSM-5)
The DSM-5 eliminated the distinction because the line between ""abuse"" and ""dependence"" was often blurred; many people with",2.819271743164768,3.414095889201277,2.2849195252838106,40.48935612534955,42.65244176941415,37.29417242549996,15.980629539951574,15.274463007159902,13.30049261083744,38.256658595641646,38.66348448687351,28.57142857142857,0.0,0.0,0.0,26.36363636363636,27.27272727272727,18.181818181818183,32.95454545454545,35.714285714285715,32.78688524590164,29.292929292929287,30.92783505154639,23.39181286549708,0.8341144323348999,0.8339940309524536,0.8156135678291321,1.0,0.7763404846191406,0.7366395592689514,4,4,4
gemma-4-31B-it (4bit),gemma4_31b_q6k_ref.yaml,4bit,ambiguity,21,What is (are) Allergy ?,"when your body acts up around certain stuff and you get weird reactions, what is that whole thing actually?",What is the clinical definition and mechanism of an allergic reaction?,"An allergy is a reaction by your immune system to something that does not bother most other people. People who have allergies often are sensitive to more than one thing. Substances that often cause reactions are - Pollen - Dust mites - Mold spores - Pet dander - Food - Insect stings - Medicines Normally, your immune system fights germs. It is your body's defense system. In most allergic reactions, however, it is responding to a false alarm. Genes and the environment probably both play a role. Allergies can cause a variety of symptoms such as a runny nose, sneezing, itching, rashes, swelling, or asthma. Allergies can range from minor to severe. Anaphylaxis is a severe reaction that can be life-threatening. Doctors use skin and blood tests to diagnose allergies. Treatments include medicines, allergy shots, and avoiding the substances that cause the reactions. NIH: National Institute of Allergy and Infectious Diseases","An **allergy** is an exaggerated immune system response to a typically harmless substance called an **allergen**. 

While the immune system normally protects the body against harmful pathogens (like bacteria or viruses), in an allergic reaction, it mistakenly identifies a benign substance as a threat. This triggers the release of chemicals, most notably **histamine**, which causes inflammation and various physical symptoms throughout the body.

### Key Components of an Allergic Reaction:
1.  **The Allergen:** The trigger substance. Common examples include pollen, dust mites, pet dander, certain foods (peanuts, shellfish), insect stings, and medications (penicillin).
2.  **Sensitization:** The first time a person is exposed to an allergen, their immune system produces specific antibodies called **Immunoglobulin E (IgE)**. No symptoms usually occur during this phase.
3.  **Reaction:** Upon subsequent exposure, the IgE antibodies signal mast cells to release histamine into the bloodstream, leading to symptomatic reactions.

### Common Symptoms:
Depending on where the allergen enters the body, symptoms can vary:
*   **Respiratory:** Sneezing, runny nose, congestion, coughing, or wheezing (asthma).
*   **Skin:** Hives (urticaria), itching, redness, or eczema.
*   **Digestive:** Stomach cramps, nausea, vomiting, or diarrhea.
*   **Systemic:** In severe cases, a life-threatening reaction","That ""whole thing"" is called an **allergic reaction**.

An allergy occurs when your immune system overreacts to a typically harmless substance—called an **allergen** (such as pollen, pet dander, certain foods, or insect venom). 

Here is the basic breakdown of how it works:

1.  **Sensitization:** The first time your body encounters the allergen, your immune system mistakenly identifies it as dangerous and produces specific antibodies called **Immunoglobulin E (IgE)** to track it.
2.  **The Reaction:** When you encounter that substance again, these IgE antibodies signal specialized cells called **mast cells** to release chemicals into your bloodstream.
3.  **The Symptoms:** The most prominent chemical released is **histamine**, which causes the ""weird reactions"" you feel, such as swelling, itching, sneezing, hives, or congestion.

In severe cases, this process can lead to **anaphylaxis**, a life-threatening systemic reaction that affects breathing and blood pressure and requires immediate emergency medical attention.","### Clinical Definition
An **allergic reaction** is an exaggerated hypersensitivity response of the immune system to a typically harmless foreign substance known as an **allergen** (e.g., pollen, certain foods, insect venom, or medications). While these substances do not pose a threat to most people, in sensitized individuals, the immune system identifies them as harmful pathogens, triggering an inflammatory response.

### Mechanism
The most common mechanism for immediate allergic reactions is a **Type I Hypersensitivity**, which occurs in two primary stages:

#### 1. Sensitization (Initial Exposure)
*   **Recognition:** When the body first encounters an allergen, B-cells produce specific antibodies called **Immunoglobulin E (IgE)** tailored to that allergen.
*   **Binding:** These IgE antibodies bind to high-affinity receptors on the surface of **mast cells** (found in tissues) and **basophils** (circulating in the blood). At this stage, the person is ""sensitized"" but does not yet experience symptoms.

#### 2. Degranulation (Subsequent Exposure)
*   **Cross-linking:** Upon re-exposure, the allergen binds to the IgE antibodies already attached to the mast cells/basophils. This causes the antibodies to ""cross-link.""
*   **Release of Mediators:** This cross-linking triggers the cell to undergo **degranulation**, releasing potent chemical mediators into the surrounding tissue. The",1.790528551422502,4.0536737338506414,1.3342871343271945,42.85912400668971,41.78292623425653,36.902797747155134,16.0,21.40221402214022,12.418300653594772,30.66666666666667,36.16236162361624,21.568627450980397,0.0,0.0,0.0,26.76056338028169,22.53521126760564,9.859154929577464,21.83908045977012,26.666666666666668,12.280701754385964,24.050632911392405,24.427480916030536,10.9375,0.8384191393852234,0.840648889541626,0.8156157732009888,1.0,0.4340211749076843,0.6872757077217102,4,5,4
gemma-4-31B-it (4bit),gemma4_31b_q6k_ref.yaml,4bit,layperson,22,What is (are) Alpha-1 Antitrypsin Deficiency ?,"what is that inherted thing where your body doesnt make enough of some protien to protect the lungs n maybe liver too, like why do ppl get it and what does it even do ?","What is alpha-1 antitrypsin deficiency, what causes it, and how does it affect the lungs and liver?","Alpha-1 antitrypsin deficiency (AAT deficiency) is an inherited condition that raises your risk for lung and liver disease. Alpha-1 antitrypsin (AAT) is a protein that protects the lungs. The liver makes it. If the AAT proteins aren't the right shape, they get stuck in the liver cells and can't reach the lungs. Symptoms of AAT deficiency include - Shortness of breath and wheezing - Repeated lung infections - Tiredness - Rapid heartbeat upon standing - Vision problems - Weight loss Some people have no symptoms and do not develop complications. Blood tests and genetic tests can tell if you have it. If your lungs are affected, you may also have lung tests. Treatments include medicines, pulmonary rehab, and extra oxygen, if needed. Severe cases may need a lung transplant. Not smoking can prevent or delay lung symptoms. NIH: National Heart, Lung, and Blood Institute","**Alpha-1 Antitrypsin Deficiency (AATD)** is a genetic condition caused by a mutation in the SERPINA1 gene, which leads to a deficiency or dysfunction of the alpha-1 antitrypsin (AAT) protein.

### Pathophysiology
The AAT protein is produced primarily in the liver and released into the bloodstream. Its primary role is to protect the lungs from inflammation by inhibiting **neutrophil elastase**, an enzyme that breaks down elastin in lung tissue. 

In individuals with AATD, two main problems occur depending on the specific mutation:
1.  **Lung Damage:** Because there is not enough functional AAT reaching the lungs, neutrophil elastase goes unchecked, destroying the alveolar walls and leading to premature emphysema (COPD).
2.  **Liver Damage:** In some mutations (specifically the ZZ phenotype), the misfolded proteins cannot be secreted from the liver cells and instead accumulate within them, causing liver inflammation, cirrhosis, or liver failure.

### Key Clinical Manifestations
*   **Pulmonary:** Early-onset emphysema, chronic obstructive pulmonary disease (COPD), and shortness of breath. This risk is significantly increased in smokers.
*   **Hepatic:** Neonatal jaundice, chronic liver disease, or cirrhosis (more common in children and adults with severe deficiencies).
*   **Skin:** Rarely, it can cause panniculitis (painful nodules under the skin).

### Diagnosis and Management
*","Based on your description, you are likely referring to **Alpha-1 Antitrypsin Deficiency (AATD)**.

### What is it?
It is a genetic condition where the body doesn't produce enough of a protein called **alpha-1 antitrypsin (AAT)**. This protein is made in the liver and travels through the bloodstream to the lungs.

### Why do people get it?
People get AATD because they inherit specific mutations in the *SERPINA1* gene from their parents. It is an inherited disorder; if both parents pass down a mutated gene, the person will have a deficiency of the protective protein.

### What does the protein actually do?
The primary job of alpha-1 antitrypsin is to act as a ""shield"" for the lungs. 

1.  **In the Lungs:** The lungs naturally contain enzymes (called neutrophil elastase) that fight infections by breaking down bacteria. However, these enzymes can also attack healthy lung tissue. AAT stops these enzymes from destroying the lungs. Without enough AAT, the lung tissue breaks down over time, leading to **emphysema** or chronic obstructive pulmonary disease (COPD).
2.  **In the Liver:** Because the mutation causes the protein to be shaped incorrectly, it gets ""stuck"" inside the liver cells instead of being released into the blood. This buildup of misfolded proteins can cause inflammation, scarring (**cirrhosis**), or liver failure","**Alpha-1 Antitrypsin Deficiency (AATD)** is a genetic disorder caused by a lack of sufficient levels of the alpha-1 antitrypsin (AAT) protein in the blood.

### Cause
The condition is caused by mutations in the **SERPINA1 gene**, which provides instructions for making the AAT protein. It is an autosomal codominant inherited disorder, meaning a person can inherit one or two mutated copies of the gene from their parents. The most common severe mutation is known as the ""Z"" allele.

### Effect on the Lungs
AAT is a protease inhibitor produced primarily in the liver that travels to the lungs to protect them. Its primary role is to inhibit **neutrophil elastase**, an enzyme that breaks down elastin in lung tissue during inflammation. 

In AATD, there is insufficient AAT to neutralize this enzyme. Consequently, neutrophil elastase unchecked destroys the alveolar walls (the air sacs), leading to:
*   **Panacinar Emphysema:** Permanent destruction of lung tissue and loss of elasticity.
*   **COPD:** Chronic obstructive pulmonary disease characterized by shortness of breath and wheezing, often occurring at a younger age than typical smoking-related emphysema.

### Effect on the Liver
While the lungs suffer from a *lack* of the protein, the liver suffers from its *accumulation*. In many forms of AATD, the mutated protein is misfolded and cannot be secreted from the hepatocytes",3.532390945362618,3.366312359509722,3.5581282811333472,40.083191676173485,40.82996576391288,41.17807676235485,16.077170418006432,14.953271028037385,15.000000000000002,30.22508038585208,33.64485981308412,28.750000000000004,0.0,0.0,0.0,26.86567164179105,23.88059701492537,22.388059701492537,20.930232558139537,17.391304347826086,19.73684210526316,23.52941176470588,20.12578616352201,20.979020979020977,0.8366168141365051,0.8400830626487732,0.8372053503990173,1.0,0.3786769509315491,0.8623095750808716,4,5,4
gemma-4-31B-it (4bit),gemma4_31b_q6k_ref.yaml,4bit,incomplete,23,What is (are) Alzheimer's Caregivers ?,"what are the people who take care of someone like this with bad memory stuff called, and what do they even do for them?","What is the professional title of healthcare providers who specialize in caring for patients with cognitive impairment or memory loss, and what are their primary roles and responsibilities in managing these conditions?","Caring for someone who has Alzheimer's disease (AD) can be stressful and overwhelming. It's important to take care of yourself. Ask for and accept help. Talk to the doctor. Find out what treatments might help control symptoms or address behavior problems. Find a support group. Others who have ""been there"" may be able to help and will understand. If there are times of day that the person is less confused or more cooperative, take advantage of that in daily routines. Consider using adult day care or respite services. These offer a break with the peace of mind that the patient is being taken care of. Begin to plan for the future. This may include - Getting financial and legal documents in order - Looking into assisted living or nursing homes - Finding out what your health insurance and Medicare will cover NIH: National Institute on Aging","**Alzheimer’s caregivers** are individuals who provide physical, emotional, and cognitive support to people living with Alzheimer’s disease or other forms of dementia.

Caregivers generally fall into two categories:

1.  **Family/Informal Caregivers:** These are typically unpaid family members (spouses, adult children), friends, or neighbors who provide care in the home. They often manage daily activities such as bathing, dressing, medication administration, and supervising safety.
2.  **Professional/Formal Caregivers:** These are paid specialists, including nurses, certified nursing assistants (CNAs), home health aides, and staff at memory care facilities or skilled nursing homes.

**Key Responsibilities of an Alzheimer's Caregiver include:**
*   **Activities of Daily Living (ADLs):** Assisting with eating, hygiene, and mobility.
*   **Medical Management:** Coordinating doctor appointments and ensuring medications are taken correctly.
*   **Behavioral Support:** Managing symptoms like agitation, aggression, wandering, or confusion associated with cognitive decline.
*   **Environmental Safety:** Modifying the living space to prevent falls or accidents.
*   **Advocacy:** Making legal, financial, and healthcare decisions for the patient when they can no longer do so themselves.","Depending on their relationship to the patient and whether they are paid, these individuals are generally called **caregivers**.

### Types of Caregivers
*   **Family Caregivers:** Unpaid family members or friends providing support.
*   **Professional Caregivers/Home Health Aides:** Paid professionals trained in elderly or disability care.
*   **Memory Care Specialists:** Staff at specialized facilities (like Memory Care units) specifically trained in dementia and Alzheimer's disease.

### What They Do
Caregiving for someone with severe memory loss involves managing both physical needs and cognitive challenges:

**1. Activities of Daily Living (ADLs)**
They assist with basic survival tasks that the person may forget how to do or cannot manage safely, including:
*   **Hygiene:** Bathing, dressing, and grooming.
*   **Nutrition:** Preparing meals and ensuring the person remembers to eat and drink.
*   **Medication Management:** Ensuring medications are taken at the correct time and dose.

**2. Safety and Supervision**
Because memory loss can lead to disorientation, caregivers provide ""eyes-on"" supervision to prevent:
*   **Wandering:** Preventing the person from leaving the house and getting lost.
*   **Household Hazards:** Turning off stoves or ovens left running.

**3. Cognitive and Emotional Support**
They help manage the psychological effects of memory loss through:
*   **Cueing and Prompting:** Gently reminding the person","There is no single professional title for those specializing in cognitive impairment; rather, care is provided by a multidisciplinary team depending on the stage and type of impairment (e.g., Alzheimer’s disease, dementia, TBI).

### Primary Professional Titles
1.  **Geriatrician:** A primary care physician specializing in the health of older adults.
2.  **Neurologist:** A specialist focused on disorders of the nervous system and brain function.
3.  **Neuropsychologist:** A psychologist specialized in how the brain's structure affects behavior and cognition.
4.  **Psychiatrist (specifically Geropsychiatrists):** Medical doctors focusing on the mental health aspects and behavioral symptoms associated with cognitive decline.

---

### Primary Roles and Responsibilities

The management of cognitive impairment involves several key clinical functions:

**1. Diagnosis and Assessment**
*   **Cognitive Screening:** Conducting standardized tests (such as the MMSE or MoCA) to measure memory, orientation, and executive function.
*   **Differential Diagnosis:** Using imaging (MRI/CT), blood work, and patient history to distinguish between different types of dementia or reversible causes of confusion (like UTI or medication side effects).

**2. Pharmacological Management**
*   Prescribing medications to manage cognitive symptoms (e.g., cholinesterase inhibitors like Donepezil).
*   Managing comorbidities and adjusting dosages to prevent polypharmacy-induced delirium.",0.8692698772799387,1.222489537543936,0.3433715091111925,37.00256335921063,34.47330132536133,32.16587394865786,11.333333333333332,9.25925925925926,10.759493670886076,28.666666666666668,26.543209876543205,22.78481012658228,0.0,0.0,0.0,19.047619047619047,17.46031746031746,7.936507936507936,15.384615384615383,11.11111111111111,6.849315068493151,17.02127659574468,13.580246913580249,7.352941176470589,0.820935845375061,0.8114507794380188,0.8015877604484558,1.0,0.5579155683517456,0.5928212404251099,3,3,1
gemma-4-31B-it (4bit),gemma4_31b_q6k_ref.yaml,4bit,overgeneralization,24,What is (are) Alzheimer's Disease ?,"what is that kind of old-age brain/memory problem where poeple get real forgetfull and confused over time, like is it just normal aging or some bigger mental health thing or what dose it even mean?","What are the clinical differences between age-related cognitive decline and dementia, and how can they be distinguished from normal aging?","Alzheimer's disease (AD) is the most common form of dementia among older people. Dementia is a brain disorder that seriously affects a person's ability to carry out daily activities. AD begins slowly. It first involves the parts of the brain that control thought, memory and language. People with AD may have trouble remembering things that happened recently or names of people they know. A related problem, mild cognitive impairment (MCI), causes more memory problems than normal for people of the same age. Many, but not all, people with MCI will develop AD. In AD, over time, symptoms get worse. People may not recognize family members. They may have trouble speaking, reading or writing. They may forget how to brush their teeth or comb their hair. Later on, they may become anxious or aggressive, or wander away from home. Eventually, they need total care. This can cause great stress for family members who must care for them. AD usually begins after age 60. The risk goes up as you get older. Your risk is also higher if a family member has had the disease. No treatment can stop the disease. However, some drugs may help keep symptoms from getting worse for a limited time. NIH: National Institute on Aging","**Alzheimer’s disease (AD)** is a progressive, irreversible neurodegenerative disorder that primarily affects the brain's memory, thinking, and behavioral functions. It is the most common cause of **dementia**, a general term for a decline in mental ability severe enough to interfere with daily life.

### Key Characteristics:
*   **Pathology:** The disease is characterized by the buildup of two abnormal structures in the brain:
    1.  **Amyloid Plaques:** Clumps of beta-amyloid protein that accumulate between neurons, disrupting cell-to-cell communication.
    2.  **Tau Tangles:** Twisted fibers of tau protein that build up inside neurons, damaging the transport system used to deliver nutrients to the cell.
*   **Brain Atrophy:** Over time, these plaques and tangles lead to the death of neurons and the shrinking (atrophy) of brain tissue, particularly in the hippocampus (the area responsible for forming new memories).

### Common Symptoms:
The progression typically occurs in stages, starting mildly and worsening over time:
*   **Early Stage:** Short-term memory loss (forgetting recent conversations or events), disorientation, and difficulty finding words.
*   **Middle Stage:** Increased confusion, personality changes, difficulty performing familiar tasks, and wandering.
*   **Late Stage:** Severe cognitive impairment, loss of speech, inability to recognize loved ones, and total dependence on caregivers for basic needs.

### Causes and","The condition you are describing is generally referred to as **dementia**.

It is important to distinguish between ""normal age-related memory loss"" and dementia:

### 1. Normal Age-Related Memory Loss
As people age, it is common for the brain to process information more slowly. Examples include:
*   Occasionally forgetting a name or where keys were placed but remembering them later.
*   Taking longer to recall a specific word.
*   These changes typically do not interfere with daily independence or safety.

### 2. Dementia (The ""Bigger Thing"")
Dementia is not a single disease; it is an umbrella term for a group of symptoms caused by physical disorders of the brain. It involves a decline in cognitive function severe enough to interfere with daily life. Key characteristics include:
*   **Memory Loss:** Forgetting recently learned information or important dates.
*   **Confusion:** Getting lost in familiar places or losing track of time and date.
*   **Cognitive Decline:** Difficulty solving problems, planning tasks, or completing familiar chores.
*   **Personality Changes:** Increased irritability, anxiety, or withdrawal from social activities.

### Common Types of Dementia
While there are many types, the most frequent are:
*   **Alzheimer’s Disease:** The most common form, characterized by plaques and tangles in the brain that disrupt cell communication.
*   **Vascular Dementia:** Caused by impaired blood flow to","Distinguishing between normal age-related cognitive decline, mild cognitive impairment (MCI), and dementia requires evaluating the severity of symptoms and their impact on daily functioning.

### 1. Normal Age-Related Cognitive Decline
Normal aging involves gradual changes in brain structure and chemistry that do not interfere with independence.
*   **Memory:** Occasional forgetfulness (e.g., forgetting where keys were placed or momentarily forgetting a name) but remembering them later.
*   **Processing Speed:** Slower recall of information and slower reaction times.
*   **Executive Function:** Difficulty multitasking or learning new complex technologies more slowly than in youth.
*   **Impact:** **No interference** with activities of daily living (ADLs). The individual remains fully independent.

### 2. Mild Cognitive Impairment (MCI)
MCI is an intermediate stage between normal aging and dementia.
*   **Cognitive Profile:** Memory loss or cognitive deficits are noticeable to the individual, family, or clinicians and are greater than expected for the person's age.
*   **Functioning:** Despite the deficits, the individual can still perform most daily tasks independently, though they may require more effort or compensatory strategies (like lists/reminders).
*   **Progression:** Not all MCI progresses to dementia, but those with MCI have a higher risk.

### 3. Dementia
Dementia is an umbrella term for several diseases (e.g., Alzheimer’s",3.4310358188959027,2.236142918675552,4.978846831065671,38.030326801633,38.0122803126894,38.07399054110759,13.054830287206268,10.256410256410255,12.953367875647666,25.587467362924283,31.28205128205128,32.64248704663213,0.0,0.0,0.0,13.636363636363637,15.909090909090908,15.909090909090908,13.333333333333334,15.730337078651685,20.28985507246377,13.483146067415731,15.81920903954802,17.834394904458602,0.8272438049316406,0.8255729079246521,0.8279199600219727,1.0,0.4827484786510467,0.5794922113418579,3,4,4
gemma-4-31B-it (4bit),gemma4_31b_q6k_ref.yaml,4bit,typos_grammar,25,What is (are) Amblyopia ?,"what is amblyopai exactly , and how dose it affect the eye ?","What is amblyopia, and how does it affect visual function?","Amblyopia, or ""lazy eye,"" is the most common cause of visual impairment in children. It happens when an eye fails to work properly with the brain. The eye may look normal, but the brain favors the other eye. In some cases, it can affect both eyes. Causes include - Strabismus - a disorder in which the two eyes don't line up in the same direction - Refractive error in an eye - when one eye cannot focus as well as the other, because of a problem with its shape. This includes nearsightedness, farsightedness, and astigmatism. - Cataract - a clouding in the lens of the eye It can be hard to diagnose amblyopia. It is often found during a routine vision exam. Treatment for amblyopia forces the child to use the eye with weaker vision. There are two common ways to do this. One is to have the child wear a patch over the good eye for several hours each day, over a number of weeks to months. The other is with eye drops that temporarily blur vision. Each day, the child gets a drop of a drug called atropine in the stronger eye. It is also sometimes necessary to treat the underlying cause. This could include glasses or surgery. NIH: National Eye Institute","**Amblyopia**, commonly referred to as ""lazy eye,"" is a developmental disorder of the visual system where one eye fails to achieve normal visual acuity despite having no obvious structural disease in that eye. It occurs because the brain ignores or suppresses signals from one eye, favoring the other.

### Key Characteristics:
*   **Neurological Origin:** While it manifests as an eye problem, amblyopia is actually a neurological issue involving how the brain processes images from the retina.
*   **Developmental Window:** It typically develops during early childhood when the visual system is still plastic (developing). If left untreated during this critical period, the vision loss can become permanent.

### Common Causes:
1.  **Strabismus (Misaligned Eyes):** When eyes do not align properly, they send conflicting images to the brain. To avoid double vision, the brain shuts off the signal from the deviating eye.
2.  **Refractive Errors (Anisometropia):** This occurs when there is a significant difference in prescription between the two eyes (e.g., one eye has much higher myopia than the other), causing the brain to favor the clearer image.
3.  **Deprivation Amblyopia:** Physical blockage prevents light from reaching the retina, such as a congenital cataract or ptosis (drooping eyelid).

### Treatment:
The goal of treatment is to force the brain to use the weaker eye. Common methods include:
*","**Amblyopia**, commonly known as ""lazy eye,"" is a developmental vision disorder where the brain fails to properly process inputs from one of the eyes. It occurs during early childhood when the visual pathway between the eye and the brain does not develop correctly.

It is important to note that amblyopia is **not typically a problem with the eye itself**, but rather a communication issue between the eye and the brain.

### How it affects the eye and vision:

1.  **Suppression:** When two eyes send different or conflicting images to the brain (due to misalignment or a difference in prescription), the brain becomes confused. To avoid double vision or blurriness, the brain begins to ignore—or ""suppress""—the signals coming from the weaker eye.
2.  **Lack of Development:** Because the brain stops using the affected eye, the neural connections required for clear vision do not mature. This results in a permanent loss of visual acuity if left untreated.
3.  **Loss of Depth Perception:** Since depth perception (stereopsis) requires both eyes to work together perfectly, people with amblyopia often struggle to judge distances accurately.

### Common Causes:
*   **Strabismus (Misaligned Eyes):** The eyes do not line up; one may turn inward or outward, causing the brain to favor the straight eye.
*   **Refractive Errors:** One eye has significantly worse nearsightedness, farsightedness, or astig","**Amblyopia**, commonly referred to as ""lazy eye,"" is a developmental disorder of vision that occurs when the brain fails to properly connect with one or both eyes during early childhood development. It is not typically caused by a problem with the structure of the eye itself, but rather by a failure in the neural pathways between the eye and the brain.

### How Amblyopia Affects Visual Function

The primary effect of amblyopia is a **reduction in visual acuity (sharpness)** in the affected eye, which cannot be fully corrected with glasses alone. Its impact on visual function includes:

1.  **Suppression:** To avoid double vision or confusion, the brain begins to ignore (suppress) the blurred or misaligned image coming from the weaker eye, relying instead on the stronger eye for visual information.
2.  **Loss of Binocular Vision (Stereopsis):** Because the brain is not integrating images from both eyes simultaneously, the person loses depth perception—the ability to perceive 3D space and judge distances accurately.
3.  **Reduced Contrast Sensitivity:** The affected eye often struggles to distinguish an object from its background.
4.  **Impaired Eye Coordination:** In cases where strabismus (misalignment/crossed eyes) causes the amblyopia, the eyes may fail to track together, leading to further instability in gaze.

If left untreated during the critical period of visual development (typically before age 7–10), the",5.6556770132814025,6.660881258881294,5.979759595613752,41.42682101702404,43.32553581391306,41.84677889328447,17.391304347826082,17.694369973190348,17.021276595744684,39.13043478260869,40.21447721179625,39.36170212765957,0.0,0.0,0.0,30.37974683544304,32.91139240506329,31.64556962025317,25.806451612903224,29.21348314606741,28.40909090909091,27.906976744186046,30.95238095238095,29.94011976047905,0.8510255813598633,0.8508135676383972,0.8483867049217224,1.0,0.5316331386566162,0.8105436563491821,4,4,4
gemma-4-31B-it (4bit),gemma4_31b_q6k_ref.yaml,4bit,ambiguity,26,What is (are) Amyloidosis ?,What is that condition where some kind of stuff builds up in the body/organs and starts causing problems?,What are the different types of infiltrative diseases characterized by the abnormal accumulation of substances within organs?,"Amyloidosis occurs when abnormal proteins called amyloids build up and form deposits. The deposits can collect in organs such as the kidney and heart. This can cause the organs to become stiff and unable to work the way they should. There are three main types of amyloidosis: - Primary - with no known cause - Secondary - caused by another disease, including some types of cancer - Familial - passed down through genes Symptoms can vary, depending upon which organs are affected. Treatment depends on the type of amyloidosis you have. The goal is to help with symptoms and limit the production of proteins. If another disease is the cause, it needs to be treated.","**Amyloidosis** is a rare group of diseases that occur when abnormal proteins, called **amyloids**, build up in organs and tissues throughout the body.

Under normal conditions, proteins fold into specific shapes to function correctly. In amyloidosis, these proteins misfold and clump together into insoluble fibrils (fibers). These deposits act like ""sand"" or ""sludge,"" interfering with the normal structure and function of the affected organs.

### Types of Amyloidosis
The type depends on which protein is misfolding:

1.  **AL Amyloidosis (Light Chain):** The most common form. It occurs when plasma cells in the bone marrow produce abnormal immunoglobulin light chains. This is often associated with multiple myeloma.
2.  **ATTR Amyloidosis (Transthyretin):** Caused by the buildup of transthyretin, a protein produced primarily in the liver. 
    *   **Hereditary ATTR:** Caused by a genetic mutation.
    *   **Wild-type ATTR:** Occurs spontaneously, typically in older adults (senile systemic amyloidosis).
3.  **Dialysis-related Amyloidosis:** Occurs in patients on long-term dialysis due to the buildup of $\beta_2$-microglobulin.
4.  **Localized Amyloidosis:** Deposits occur only in one organ (e.g., the bladder or salivary glands), rather than systemically.

###","Because your description is broad, there are several different conditions depending on *what* is building up and *where*. Here are the most common categories:

### 1. Metabolic or Storage Disorders (Cellular buildup)
These occur when the body lacks an enzyme to break down specific substances, leading to accumulation inside cells.
*   **Lysosomal Storage Diseases:** A group of genetic disorders (like **Tay-Sachs** or **Gaucher disease**) where waste products build up in lysosomes, damaging organs like the brain and liver.
*   **Amyloidosis:** The buildup of abnormal proteins called amyloids in organs (heart, kidneys, liver), which can lead to organ failure.

### 2. Fluid Buildup (Edema/Effusion)
This occurs when fluid collects in tissues or cavities.
*   **Edema:** Swelling caused by fluid trapped in your body's tissues (common in legs).
*   **Ascites:** Fluid buildup specifically within the abdomen, often due to liver failure.
*   **Pulmonary Edema:** Fluid buildup in the lungs, making it difficult to breathe.

### 3. Toxin or Waste Buildup (Organ Failure)
When an organ fails to filter the blood, metabolic waste accumulates.
*   **Uremia:** The buildup of urea and other nitrogenous waste in the blood due to kidney failure.
*   **Hepatic Encephalopathy:** The","Infiltrative diseases occur when abnormal substances—such as proteins, lipids, or cells—accumulate within the interstitial spaces of an organ, disrupting its normal architecture and function. These can be broadly categorized into several types:

### 1. Amyloidosis (Protein Accumulation)
Characterized by the extracellular deposition of misfolded proteins called amyloid fibrils.
*   **AL Amyloidosis:** Light chain deposits (associated with plasma cell dyscrasias).
*   **AA Amyloidosis:** Serum amyloid A protein deposits (associated with chronic inflammation).
*   **ATTR Amyloidosis:** Transthyretin protein deposits (hereditary or age-related/senile).

### 2. Storage Diseases (Metabolic/Lipid Accumulation)
These result from enzyme deficiencies that prevent the breakdown of specific macromolecules.
*   **Lysosomal Storage Diseases:** Examples include **Gaucher disease** (glucocerebroside), **Fabry disease**, and **Niemann-Pick disease**.
*   **Glycogen Storage Diseases:** Abnormal accumulation of glycogen in tissues like the liver or muscle.
*   **Mucopolysaccharidoses:** Accumulation of glycosaminoglycans (GAGs).

### 3. Hemochromatosis and Wilson Disease (Metal Accumulation)
The systemic buildup of metals leading to organ toxicity.
*   **Hemochromatosis:** Excessive iron accumulation, primarily affecting the liver, heart, and",1.40401137493445,1.9591572419752183,0.7196221702895544,40.304847279123,37.58480817918663,36.089455768987385,18.045112781954884,10.989010989010987,12.800000000000002,30.827067669172937,28.57142857142857,24.800000000000004,0.0,0.0,0.0,26.666666666666668,22.22222222222222,20.0,17.391304347826086,11.76470588235294,16.071428571428573,21.05263157894737,15.384615384615383,17.82178217821782,0.843289852142334,0.8327962160110474,0.8200751543045044,1.0,0.4672171473503113,0.4501598477363586,3,3,2
gemma-4-31B-it (4bit),gemma4_31b_q6k_ref.yaml,4bit,layperson,27,What is (are) Amyotrophic Lateral Sclerosis ?,"what is that nerve/muscle wasting thing called, where a person gets weaker n weaker, cant move right or talk good after awhile, is it like a body shutting down disease or somthing?","What is the name of the progressive neuromuscular disease characterized by muscle atrophy, increasing weakness, and loss of motor control over speech and movement?","Amyotrophic lateral sclerosis (ALS) is a nervous system disease that attacks nerve cells called neurons in your brain and spinal cord. These neurons transmit messages from your brain and spinal cord to your voluntary muscles - the ones you can control, like in your arms and legs. At first, this causes mild muscle problems. Some people notice - Trouble walking or running - Trouble writing - Speech problems Eventually, you lose your strength and cannot move. When muscles in your chest fail, you cannot breathe. A breathing machine can help, but most people with ALS die from respiratory failure. The disease usually strikes between age 40 and 60. More men than women get it. No one knows what causes ALS. It can run in families, but usually it strikes at random. There is no cure. Medicines can relieve symptoms and, sometimes, prolong survival. NIH: National Institute of Neurological Disorders and Stroke","**Amyotrophic Lateral Sclerosis (ALS)**, also known as Lou Gehrig's disease, is a progressive neurodegenerative disease that affects nerve cells in the brain and spinal cord.

Here is a breakdown of what it entails:

*   **Pathophysiology:** The disease targets **motor neurons**, which are the nerve cells responsible for controlling voluntary muscle movements. When these motor neurons degenerate and die, the brain can no longer send signals to the muscles.
*   **Effect on the Body:** As the muscles lose stimulation from the nerves, they undergo atrophy (waste away). This leads to progressive muscle weakness, stiffness (spasticity), and eventually total paralysis. 
*   **Progression:** ALS typically begins with focal weakness (such as difficulty speaking or walking) and spreads throughout the body. In its advanced stages, it affects the muscles used for swallowing, talking, and—most critically—breathing.
*   **Terminology:** The name describes the pathology:
    *   **Amyotrophic:** ""A"" (no) + ""myo"" (muscle) + ""trophic"" (nourishment); meaning muscles waste away.
    *   **Lateral Sclerosis:** Hardening (sclerosis) of the lateral columns of the spinal cord where the motor neurons are located.

While cognitive functions often remain intact, some patients may experience changes in mood or behavior (frontal lobe dysfunction). There is currently no cure for ALS, though treatments exist to","Based on your description of progressive muscle weakness, loss of motor control (difficulty moving), and difficulty speaking, you may be referring to several different conditions. Because these symptoms can overlap, they fall into a few different categories of ""nerve/muscle wasting"" diseases:

### 1. Motor Neuron Diseases (MND)
The most well-known condition fitting this description is **Amyotrophic Lateral Sclerosis (ALS)**, also known as Lou Gehrig's disease. 
*   **What happens:** The nerves that control voluntary muscles (motor neurons) degenerate and die.
*   **Progression:** This leads to muscle atrophy (wasting). As the disease spreads, patients lose the ability to walk, use their hands, swallow, and eventually speak (**dysarthria**) and breathe. It feels like the body is ""shutting down,"" though the mind usually remains fully intact.

### 2. Neuromuscular Junction Disorders
Conditions like **Myasthenia Gravis** cause communication failure between the nerve and the muscle. While not always permanent ""wasting"" in the same way as ALS, it causes severe weakness that worsens with activity and can affect speech and swallowing.

### 3. Muscular Dystrophies
These are genetic diseases where the muscle fibers themselves break down over time. Depending on the type (such as Duchenne or Becker), this results in progressive weakness and loss of mobility.

### 4. Other Possibilities","The disease described is **Amyotrophic Lateral Sclerosis (ALS)**, also commonly known as Lou Gehrig's disease.",3.570698296818568,1.4153868664727758,0.0129102656123191,38.54620529317943,37.19776515672649,7.496618103002421,19.375,13.855421686746986,6.329113924050633,35.0,30.722891566265066,8.860759493670885,0.0,0.0,0.0,27.27272727272727,24.24242424242424,6.0606060606060606,20.930232558139537,17.97752808988764,80.0,23.684210526315788,20.645161290322577,11.267605633802818,0.8315834403038025,0.8276026844978333,0.8282964825630188,1.0,0.4054456949234009,0.5666866302490234,4,4,5
gemma-4-31B-it (4bit),gemma4_31b_q6k_ref.yaml,4bit,incomplete,28,Do you have information about Anabolic Steroids,do you hav any info on those muscle-building stuff?,What information can you provide regarding supplements or medications used for muscle growth?,"Summary : Anabolic steroids are man-made substances related to male sex hormones. Doctors use anabolic steroids to treat some hormone problems in men, delayed puberty, and muscle loss from some diseases. Bodybuilders and athletes often use anabolic steroids to build muscles and improve athletic performance. Using them this way is not legal or safe. Abuse of anabolic steroids has been linked with many health problems. They include - Acne - Breast growth and shrinking of testicles in men - Voice deepening and growth of facial hair in women - High blood pressure - Heart problems, including heart attack - Liver disease, including cancer - Kidney damage - Aggressive behavior NIH: National Institute on Drug Abuse","**Anabolic-androgenic steroids (AAS)** are synthetic variations of the male sex hormone testosterone. They are designed to mimic the effects of testosterone in the body to promote muscle growth and other masculine characteristics.

### Medical Uses
In clinical settings, doctors prescribe these medications for specific health conditions, including:
*   **Hypogonadism:** Treating men with low testosterone levels.
*   **Muscle Wasting Diseases:** Managing loss of muscle mass associated with severe burns, HIV/AIDS, or certain types of cancer.
*   **Endocrine Disorders:** Addressing hormonal imbalances during puberty or delayed growth.

### Non-Medical Use (Performance Enhancement)
When used without a prescription—often by athletes or bodybuilders—steroids are intended to increase lean muscle mass, strength, and recovery time. This is illegal in most sports and carries significant health risks due to higher dosages than those prescribed medically.

### Potential Side Effects and Risks
The misuse of anabolic steroids can lead to serious systemic complications:

**1. Hormonal & Reproductive Issues:**
*   **Men:** Shrinking of testicles, decreased sperm count (infertility), and development of breast tissue (gynecomastia).
*   **Women:** Deepening of the voice, clitoral enlargement, and irregular menstrual cycles.

**2. Cardiovascular Health:**
*   Increased risk of high blood pressure (hypertension).
*   Elevated LDL (""bad"") cholesterol and lowered HDL (""good","""Muscle-building stuff"" generally falls into three categories: nutrition, supplementation, and training protocols. Here is a concise overview of each based on sports science and medicine.

### 1. Nutrition (The Foundation)
To build muscle (hypertrophy), your body needs specific raw materials:
*   **Protein:** Essential for repairing and growing muscle tissue. The general recommendation for active individuals looking to gain muscle is **0.7 to 1 gram of protein per pound of body weight**. Sources include lean meats, fish, eggs, dairy, legumes, and tofu.
*   **Caloric Surplus:** Muscle growth typically requires eating slightly more calories than you burn daily to provide energy for synthesis.
*   **Carbohydrates:** These fuel high-intensity workouts and prevent the body from using protein as an energy source.

### 2. Supplements (Optional Aids)
Supplements are not magic pills; they only work if diet and exercise are already in place.
*   **Creatine Monohydrate:** One of the most researched supplements. It helps regenerate ATP (energy) during heavy lifting, allowing for more volume and strength gains.
*   **Whey/Plant Protein Powder:** A convenient way to meet daily protein targets, but not superior to whole food sources.
*   **Beta-Alanine & Citrulline Malate:** Often found in ""pre-workouts,"" these can help reduce fatigue and increase blood flow (the ""pump","***Disclaimer:** I am an AI, not a doctor. The following information is for educational purposes only. Always consult a licensed healthcare provider before starting any new supplement or medication, as they can interact with other drugs or underlying health conditions.*

Muscle growth (hypertrophy) is primarily driven by resistance training, caloric surplus, and adequate protein intake. However, various substances are often used to augment these results. They generally fall into three categories: nutritional supplements, hormonal therapies/performance-enhancing drugs (PEDs), and supportive aids.

### 1. Nutritional Supplements
These are designed to support nutrition and recovery rather than chemically alter hormone levels.

*   **Protein Powders (Whey, Casein, Soy, Pea):** These provide convenient doses of amino acids necessary for muscle protein synthesis. Whey is fast-digesting (ideal post-workout); casein is slow-digesting (often taken before sleep).
*   **Creatine Monohydrate:** One of the most researched supplements. It increases phosphocreatine stores in muscles, allowing for greater ATP production, which improves strength and power output during high-intensity exercise.
*   **Beta-Alanine:** Helps buffer lactic acid buildup in muscles, potentially increasing endurance and delaying fatigue during sets.
*   **Branched-Chain Amino Acids (BCAAs):** Specifically leucine, isoleucine, and valine. While helpful if total protein intake is low, they are generally redundant if one consumes enough",1.3592597674875049,0.5137709454190683,0.6265608671103489,41.10492301464815,31.048248553739487,31.97411390291256,19.112627986348123,9.395973154362416,6.535947712418301,37.54266211604096,18.79194630872483,16.99346405228758,0.0,0.0,0.0,35.84905660377358,9.433962264150944,7.547169811320755,20.0,6.024096385542169,5.263157894736842,25.675675675675677,7.352941176470589,6.2015503875969,0.8348730206489563,0.7976714372634888,0.8009011149406433,1.0,0.4884521961212158,0.4794167280197143,4,2,2
gemma-4-31B-it (4bit),gemma4_31b_q6k_ref.yaml,4bit,overgeneralization,29,What is (are) Anal Cancer ?,"what is it called when theres a really bad growth or sick problem down there in the bottom area, like cancer or somthing, and what does that even mean for a person?","What are the clinical terms for malignant growths or serious pathologies located in the pelvic or anal region, and what are the typical implications for a patient's health and prognosis?","The anus is where stool leaves your body when you go to the bathroom. It is made up of your outer layers of skin and the end of your large intestine. Anal cancer is a disease in which cancer cells form in the tissues of the anus. Anal cancer is rare. It is more common in smokers and people over 50. You are also at higher risk if you have HPV, have anal sex, or have many sexual partners. Symptoms include bleeding, pain, or lumps in the anal area. Anal itching and discharge can also be signs of anal cancer. Doctors use tests that examine the anus to diagnose anal cancer. They include a physical exam, endoscopy, ultrasound, and biopsy. Treatments include radiation therapy, chemotherapy, and surgery. NIH: National Cancer Institute","**Anal cancer** refers to malignant tumors that develop in the anal canal—the last few inches of the large intestine leading outside the body.

### Key Facts about Anal Cancer:

*   **Type of Cells:** Most anal cancers start as **squamous cell carcinomas**, which originate in the squamous cells lining the anal canal. This differs from colon or rectal cancers, which typically begin as adenocarcinomas (glandular cells).
*   **Risk Factors:** 
    *   **HPV Infection:** The most significant risk factor is infection with high-risk strains of the Human Papillomavirus (HPV), similar to cervical cancer.
    *   **Immune Status:** Individuals with weakened immune systems (such as those with HIV/AIDS) have a higher risk.
    *   **Age and Gender:** It is more common in older adults and slightly more frequent in women.
*   **Common Symptoms:** These can often mimic other conditions like hemorrhoids, including:
    *   Rectal bleeding.
    *   A lump or mass near the anus.
    *   Anal pain or pressure.
    *   Changes in bowel habits or itching.
*   **Diagnosis and Treatment:** Diagnosis usually involves a digital rectal exam, anoscopy, and a biopsy. Treatment typically consists of a combination of radiation therapy, chemotherapy (often called chemoradiation), and surgery if necessary.

***Disclaimer:** I am an AI, not a doctor.","Depending on exactly where the ""bottom area"" refers to, these growths or illnesses have different names.

### What is it called?
Because this describes a general area, it could refer to several different conditions:

*   **Colorectal Cancer:** This occurs in the colon (large intestine) or the rectum (the final section of the large intestine leading to the anus).
*   **Anal Cancer:** A growth specifically located in the anal canal.
*   **Pelvic Malignancies:** Cancers affecting organs in the pelvic cavity, such as the prostate (in men) or the cervix/uterus/ovaries (in women).
*   **Perianal Abscesses or Fistulas:** Non-cancerous but severe infections involving pockets of pus or abnormal tunnels under the skin around the anus.

### What does this actually mean for a person?
When someone has a malignant growth (cancer) in this region, it means that cells began dividing uncontrollably, forming a mass (tumor) that can invade nearby tissues. For the patient, this typically involves:

1.  **Physical Symptoms:** Depending on the location, they may experience rectal bleeding, changes in bowel habits, pain during bowel movements, or an observable lump.
2.  **Medical Treatment:** Treatment usually depends on the stage of the disease and may include surgery to remove the tumor, radiation therapy to shrink the growth, chemotherapy to kill cancer cells, or targeted drug therapies.","Clinical terminology for malignant growths and serious pathologies in the pelvic and anal regions varies by specific anatomical location.

### Clinical Terms for Malignant Growths (Neoplasms)
*   **Colorectal Cancer:** This encompasses malignancies of the colon and rectum. Specifically, **Rectal Cancer** refers to tumors originating in the distal portion of the large intestine.
*   **Anal Canal Cancer / Anal Squamous Cell Carcinoma (aSCC):** Most commonly associated with Human Papillomavirus (HPV), these occur in the lining of the anal canal.
*   **Prostate Cancer:** A malignancy arising from the glandular tissue of the prostate gland.
*   **Bladder Cancer:** Typically presenting as urothelial carcinoma within the urinary bladder.
*   **Ovarian/Uterine/Cervical Cancers:** Gynecologic malignancies occurring within the female reproductive organs.

### Serious Non-Malignant Pathologies
While not always cancerous, several conditions carry high morbidity:
*   **Perianal Abscess/Fistula:** Severe infections that can lead to sepsis if untreated.
*   **Pelvic Inflammatory Disease (PID):** An infection of the upper female reproductive tract that can cause infertility or chronic pain.
*   ** Fournier’s Gangrene:** A life-threatening necrotizing fasciitis affecting the perineum and genitalia.

### Implications for Patient Health
The impact of these pathologies is often systemic due to the",5.152264630085456,1.9765298019728663,1.368183140831288,43.66139551582683,39.39719760021504,31.724365292357167,21.62162162162162,16.286644951140065,11.846689895470384,37.16216216216217,29.31596091205212,22.99651567944251,0.0,0.0,0.0,32.142857142857146,28.57142857142857,17.857142857142858,21.176470588235293,16.842105263157894,12.34567901234568,25.531914893617024,21.19205298013245,14.5985401459854,0.8282517194747925,0.830623209476471,0.8040353059768677,1.0,0.459678053855896,0.6105697751045227,4,3,2
gemma-4-31B-it (4bit),gemma4_31b_q6k_ref.yaml,4bit,typos_grammar,30,What is (are) Anal Disorders ?,"what are anal disordrs exacly, and how do they happn ?","What are anal disorders, and what are their typical causes?","The anus is the opening of the rectum through which stool passes out of your body. Problems with the anus are common. They include hemorrhoids, abscesses, fissures (cracks), and cancer. You may be embarrassed to talk about your anal troubles. But it is important to let your doctor know, especially if you have pain or bleeding. The more details you can give about your problem, the better your doctor will be able to help you. Treatments vary depending on the particular problem. NIH: National Institute of Diabetes and Digestive and Kidney Diseases","**Anal disorders** refer to a broad group of medical conditions that affect the anus—the opening at the end of the digestive tract where stool leaves the body—and the surrounding perianal skin.

These disorders can range from mild irritations to severe infections or structural abnormalities. They are generally categorized into several types:

### 1. Inflammatory and Vascular Conditions
*   **Hemorrhoids:** Swollen veins in the lower rectum or anus (internal or external).
*   **Anal Fissures:** Small tears or cuts in the lining of the anal canal, often caused by passing hard stools.
*   **Pruritus Ani:** Chronic itching of the skin around the anus.

### 2. Infectious and Abscess-related Conditions
*   **Perianal Abscess:** A localized collection of pus caused by an infection in the anal glands.
*   **Anal Fistula:** An abnormal tunnel/track that forms between the inside of the anus and the outer skin, usually as a complication of an abscess.
*   **STIs:** Certain sexually transmitted infections (e.g., HPV leading to anal warts/condyloma).

### 3. Functional and Structural Disorders
*   **Anal Prolapse:** When the lining of the anus or the rectum protrudes through the anal opening.
*   **Fecal Incontinence:** The inability to control bowel movements due to damage to the anal sphincter muscles or nerve dysfunction.","**Anal disorders** refer to a broad group of medical conditions affecting the anus (the opening at the end of the digestive tract) and the surrounding perianal skin. These disorders can range from mild irritations to severe infections or structural abnormalities.

### Common Types of Anal Disorders
1.  **Hemorrhoids:** Swollen veins in the lower rectum or anus. They can be internal or external.
2.  **Anal Fissures:** Small tears or cuts in the lining of the anal canal, often causing sharp pain during bowel movements.
3.  **Anal Abscesses and Fistulas:** An abscess is a localized collection of pus caused by infection; a fistula is an abnormal tunnel that forms between the anal canal and the skin.
4.  **Pruritus Ani:** Chronic itching around the anal opening.
5.  **Anal Prolapse/Rectal Prolapse:** When part of the rectal wall or the anus slides out of place.
6.  **Anal Warts:** Growths caused by the Human Papillomavirus (HPV).

---

### How Do They Happen? (Causes)

Anal disorders typically occur due to one or more of the following mechanisms:

#### 1. Pressure and Strain
Increased pressure in the anal area is a primary cause for hemorrhoids and prolapse. This happens through:
*   **Chronic constipation:** Straining hard to pass stool.
*   **Pregnancy:** Increased blood","**Anal disorders** refer to a broad range of medical conditions affecting the anus (the opening at the end of the digestive tract) and the surrounding perianal tissues. These conditions can cause pain, bleeding, itching, or changes in bowel habits.

### Typical Causes and Common Disorders

The causes of anal disorders generally fall into categories related to mechanical strain, infection, inflammation, or structural abnormalities.

#### 1. Mechanical Strain and Pressure
These occur when there is excessive pressure on the veins or skin of the anal canal.
*   **Hemorrhoids:** Swollen veins in the lower rectum and anus. **Causes:** Chronic constipation, straining during bowel movements, pregnancy, or prolonged sitting.
*   **Anal Fissures:** Small tears in the lining of the anal canal. **Causes:** Passing hard stools, chronic diarrhea, or childbirth.

#### 2. Infection and Inflammation
Bacteria, fungi, or systemic diseases can lead to localized infections.
*   **Anal Abscesses:** Pockets of pus caused by an infected anal gland. **Causes:** Bacterial infection often originating from a blocked gland.
*   **Anal Fistulas:** Abnormal tunnels connecting the anal canal to the skin surface. **Cause:** Usually a complication resulting from a previous untreated abscess.
*   **Pruritus Ani:** Severe itching around the anus. **Causes:** Poor hygiene, over-cleaning with harsh soaps, moisture/sweat, or fungal infections.

####",0.7518484612582784,0.7956158194910223,0.7007232335905782,31.052569427783023,31.608394128275275,29.44522434274151,10.15625,11.450381679389311,9.090909090909092,18.75,22.900763358778622,20.454545454545453,0.0,0.0,0.0,22.22222222222222,25.0,25.0,9.195402298850574,9.278350515463918,8.737864077669903,13.008130081300813,13.533834586466163,12.949640287769784,0.8207377195358276,0.8253762722015381,0.8223143219947815,0.9999998807907104,0.6989064812660217,0.8686752319335938,4,3,3
gemma-4-31B-it (4bit),gemma4_31b_q6k_ref.yaml,4bit,ambiguity,31,What is (are) Anaphylaxis ?,"when somebody suddenly has a really bad allergic thing, like throat geting tight, cant breath good, maybe rash n swelling all at once, what is that even called or is it just a severe reaction?","What is the medical term for a severe systemic allergic reaction characterized by respiratory distress, throat tightness, skin rashes, and swelling?","Anaphylaxis is a serious allergic reaction. It can begin very quickly, and symptoms may be life-threatening. The most common causes are reactions to foods (especially peanuts), medications, and stinging insects. Other causes include exercise and exposure to latex. Sometimes no cause can be found. It can affect many organs: - Skin - itching, hives, redness, swelling - Nose - sneezing, stuffy nose, runny nose - Mouth - itching, swelling of the lips or tongue - Throat - itching, tightness, trouble swallowing, swelling of the back of the throat - Chest - shortness of breath, coughing, wheezing, chest pain or tightness - Heart - weak pulse, passing out, shock - Gastrointestinal tract - vomiting, diarrhea, cramps - Nervous system - dizziness or fainting If someone is having a serious allergic reaction, call 9-1-1. If an auto-injector is available, give the person the injection right away. NIH: National Institute of Allergy and Infectious Diseases","**Anaphylaxis** is a severe, potentially life-threatening systemic allergic reaction that occurs rapidly after exposure to an allergen. It is a medical emergency because it can cause a sudden drop in blood pressure (**anaphylactic shock**) and the narrowing of airways, which can lead to respiratory failure.

### Key Characteristics:
*   **Rapid Onset:** Symptoms typically appear within seconds or minutes of exposure.
*   **Systemic Reaction:** Unlike a mild allergy (which may only affect one area), anaphylaxis affects multiple organ systems simultaneously.

### Common Triggers:
*   **Foods:** Such as peanuts, tree nuts, shellfish, or eggs.
*   **Medications:** Such as penicillin or nonsteroidal anti-inflammatory drugs (NSAIDs).
*   **Insect Stings:** Such as bees or wasps.
*   **Latex:** Found in some medical gloves or balloons.

### Primary Symptoms:
1.  **Respiratory:** Swelling of the throat/tongue, wheezing, shortness of breath, or coughing.
2.  **Cardiovascular:** Rapid or weak pulse, dizziness, fainting, or a sharp drop in blood pressure.
3.  **Cutaneous (Skin):** Hives (urticaria), itching, flushing, or swelling (angioedema).
4.  **Gastrointestinal:** Nausea, vomiting, or abdominal cramps.

### Treatment:
The first-line treatment for anaphylaxis","This condition is called **anaphylaxis** (or anaphylactic shock).

It is more than just a ""severe reaction""; it is a systemic, life-threatening emergency where the immune system releases a flood of chemicals that can cause the body to go into shock. 

Key characteristics include:
*   **Airway constriction:** Swelling of the throat and tongue (angioedema) and narrowing of the airways (bronchospasm), making breathing difficult.
*   **Circulatory collapse:** A sudden drop in blood pressure, which can lead to fainting or organ failure.
*   **Skin reactions:** Hives, itching, or widespread redness.

**Anaphylaxis requires immediate emergency medical intervention**, typically involving an injection of epinephrine (such as an EpiPen) and a call to emergency services (911).",The medical term for this condition is **anaphylaxis**.,3.107531740267764,1.9884064638296663,5.7920743430971705e-06,42.08738403155997,32.489929400159056,3.304595567610178,20.06920415224913,14.912280701754383,1.4492753623188404,37.37024221453287,33.33333333333333,2.8985507246376807,0.0,0.0,0.0,36.0,20.0,1.3333333333333337,33.33333333333333,32.608695652173914,25.0,34.61538461538461,24.79338842975206,2.5316455696202533,0.8365440964698792,0.8403891921043396,0.8181770443916321,0.9999998807907104,0.4931648671627044,0.5800351500511169,4,5,5
gemma-4-31B-it (4bit),gemma4_31b_q6k_ref.yaml,4bit,layperson,32,Do you have information about Anatomy,"do u got any info on how the body is put togther, like where all the inside parts are and what they kinda do maybe?","Could you provide an overview of human anatomy and physiology, specifically regarding the location and function of the internal organs?","Summary : Anatomy is the science that studies the structure of the body. On this page, you'll find links to descriptions and pictures of the human body's parts and organ systems from head to toe.","Yes, I can provide detailed information regarding human anatomy. My capabilities cover several different levels of anatomical study, including:

*   **Gross Anatomy:** The study of structures visible to the naked eye, organized by systems (e.g., skeletal, muscular, nervous, circulatory, respiratory, digestive) or regions (e.g., head/neck, thorax, abdomen).
*   **Microscopic Anatomy (Histology):** The study of tissues and cells using microscopy.
*   **Developmental Anatomy (Embryology):** How structures form and change from conception through adulthood.
*   **Comparative Anatomy:** Comparing the structures of humans with other species.

Whether you need an explanation of how a specific organ works, the location of a particular nerve or muscle, or the structural organization of a body system, please ask your specific question.","The human body is organized into systems of organs that work together to keep you alive. Here is a simplified breakdown of where the major internal parts are located and their primary functions:

### 1. The Chest (Thoracic Cavity)
*   **Heart:** Located in the center-left of your chest. It acts as a pump to send oxygenated blood to your entire body.
*   **Lungs:** Two large organs flanking the heart. They bring oxygen into the body and remove carbon dioxide when you breathe.

### 2. The Upper Abdomen
*   **Liver:** A large organ on the upper right side. it filters toxins from the blood and produces bile for digestion.
*   **Stomach:** A muscular sac on the left side. It breaks down food using acids and enzymes.
*   **Gallbladder:** A small pouch under the liver that stores bile.
*   **Pancreas:** Tucked behind the stomach; it regulates blood sugar (insulin) and helps with digestion.
*   **Spleen:** On the far left; it filters the blood and manages immune responses.

### 3. The Lower Abdomen and Pelvis
*   **Small Intestine:** A long, coiled tube in the center. This is where most nutrient absorption happens.
*   **Large Intestine (Colon):** Wraps around the small intestine. It absorbs water and processes waste into stool.
*   **Kid","Human anatomy (the study of structure) and physiology (the study of function) describe how the body is organized to maintain homeostasis. Internal organs are primarily grouped into cavities and systems.

### 1. The Thoracic Cavity (Chest)
Located above the diaphragm, this area protects the heart and lungs.

*   **Heart:** Located in the mediastinum (center of the chest). Its function is to pump oxygenated blood to the body and deoxygenated blood to the lungs via rhythmic contractions.
*   **Lungs:** Located on either side of the heart. Their primary function is gas exchange—absorbing oxygen from the air and releasing carbon dioxide.

### 2. The Abdominal Cavity
This region contains most of the digestive and excretory organs.

*   **Liver:** Located in the upper right quadrant. It detoxifies chemicals, metabolizes drugs, produces bile for digestion, and stores glycogen.
*   **Stomach:** A J-shaped organ located in the upper left quadrant. It uses acid and enzymes to break down food mechanically and chemically.
*   **Pancreas:** Tucked behind the stomach. It secretes digestive enzymes into the small intestine and hormones (insulin and glucagon) into the bloodstream to regulate glucose levels.
*   **Gallbladder:** A small sac under the liver that stores and concentrates bile produced by the liver.
*   **Small Intestine:** Coiled tubes filling much of the central abdomen.",0.4359710082517721,0.5367529065985012,0.6042046612933043,26.23937957103351,22.42232658434715,21.53735898203044,8.823529411764705,8.780487804878048,10.377358490566037,19.11764705882353,17.560975609756095,16.9811320754717,0.0,0.0,0.0,30.76923076923077,38.46153846153847,38.46153846153847,9.75609756097561,5.1020408163265305,5.319148936170213,14.814814814814817,9.00900900900901,9.345794392523365,0.8370927572250366,0.8063632249832153,0.8109781742095947,0.9999999403953552,0.5539615154266357,0.6834229230880737,4,4,3
gemma-4-31B-it (4bit),gemma4_31b_q6k_ref.yaml,4bit,incomplete,33,What is (are) Anemia ?,what does it mean when your blood is low or you dont have enough of it?,What are the clinical implications and causes of having a low blood volume (hypovolemia) or a low red blood cell count (anemia)?,"If you have anemia, your blood does not carry enough oxygen to the rest of your body. The most common cause of anemia is not having enough iron. Your body needs iron to make hemoglobin. Hemoglobin is an iron-rich protein that gives the red color to blood. It carries oxygen from the lungs to the rest of the body. Anemia has three main causes: blood loss, lack of red blood cell production, and high rates of red blood cell destruction. Conditions that may lead to anemia include - Heavy periods - Pregnancy - Ulcers - Colon polyps or colon cancer - Inherited disorders - A diet that does not have enough iron, folic acid or vitamin B12 - Blood disorders such as sickle cell anemia and thalassemia, or cancer - Aplastic anemia, a condition that can be inherited or acquired - G6PD deficiency, a metabolic disorder Anemia can make you feel tired, cold, dizzy, and irritable. You may be short of breath or have a headache. Your doctor will diagnose anemia with a physical exam and blood tests. Treatment depends on the kind of anemia you have. NIH: National Heart, Lung, and Blood Institute","**Anemia** is a medical condition characterized by a lack of enough healthy red blood cells (RBCs) or hemoglobin to carry adequate oxygen to the body's tissues. Hemoglobin is the protein in RBCs that binds to oxygen; when levels are too low, organs and muscles do not receive sufficient oxygen, leading to fatigue and weakness.

### Common Causes
Anemia can be caused by several different mechanisms:
1.  **Blood Loss:** Due to trauma, gastrointestinal bleeding, or menstruation.
2.  **Decreased Production:** The body fails to make enough RBCs due to nutritional deficiencies (e.g., iron, vitamin B12, folate), bone marrow failure, or chronic diseases (such as kidney disease).
3.  **Increased Destruction:** The body destroys RBCs faster than it can replace them (hemolytic anemia), which can be caused by genetic disorders (like sickle cell anemia) or autoimmune reactions.

### Common Types
*   **Iron Deficiency Anemia:** The most common type, occurring when the body lacks iron to produce hemoglobin.
*   **Vitamin Deficiency Anemia:** Caused by a lack of B12 or folate (Megaloblastic/Pernicious anemia).
*   **Aplastic Anemia:** A rare condition where the bone marrow stops producing all types of blood cells.
*   **Sickle Cell Anemia:** A hereditary condition where RBCs are misshapen and block blood flow.","When someone says their ""blood is low,"" they are usually referring to one of two different medical conditions: **anemia** (low red blood cell count/hemoglobin) or **hypovolemia** (low total blood volume).

### 1. Anemia (Low Quality/Capacity)
This is the most common meaning. It doesn't mean you are missing liquid blood, but rather that your blood lacks enough **healthy red blood cells** or **hemoglobin**. Hemoglobin is the protein that carries oxygen from your lungs to the rest of your body.

*   **Causes:** Iron deficiency, vitamin deficiencies (B12 or folate), chronic diseases, or genetic disorders (like sickle cell anemia).
*   **Effect:** Your organs and tissues don’t get enough oxygen, leading to fatigue, shortness of breath, pale skin, and dizziness.

### 2. Hypovolemia (Low Quantity/Volume)
This refers to a physical shortage of the actual fluid volume in your circulatory system. This is often an acute, emergency situation.

*   **Causes:** Severe dehydration, major trauma causing heavy bleeding (hemorrhage), or severe burns.
*   **Effect:** The heart cannot pump enough blood to your organs because there isn't enough fluid filling the vessels. This can lead to a dangerous drop in blood pressure and, if untreated, **hypovolemic shock**, where organs begin to fail due to lack of perfusion.","While hypovolemia and anemia both result in decreased oxygen delivery to tissues, they represent different physiological deficits: one is a loss of **fluid/volume**, and the other is a deficiency in **oxygen-carrying capacity**.

### 1. Hypovolemia (Low Blood Volume)
Hypovolemia occurs when there is an insufficient volume of fluid in the circulatory system, leading to decreased preload for the heart.

*   **Causes:**
    *   **Hemorrhage:** Acute blood loss due to trauma or internal bleeding.
    *   **Fluid Loss:** Severe dehydration from vomiting, diarrhea, excessive sweating, or diuretic overuse.
    *   **Third Spacing:** Fluid shifting from the bloodstream into interstitial spaces (e.g., severe burns, sepsis, or pancreatitis).
    *   **Plasma Loss:** Leakage of plasma through damaged capillaries.

*   **Clinical Implications:**
    *   **Hypotension:** Low blood pressure due to reduced cardiac output.
    *   **Tachycardia:** The heart beats faster to compensate for lower stroke volume.
    *   **Shock (Hypovolemic Shock):** If untreated, it leads to organ failure because vital organs do not receive enough perfusion.
    *   **Physical Signs:** Cool extremities, pale skin, delayed capillary refill, and decreased urine output (oliguria).

---

### 2. Anemia (Low Red Blood Cell Count/Hemoglobin)",2.7570643566249284,6.671513653152049,0.9606935716325338,40.61441206974317,42.16735317811858,32.56274017608958,21.288515406162464,18.68131868131868,11.343283582089551,40.33613445378151,40.65934065934066,22.08955223880597,0.0,0.0,0.0,32.94117647058823,32.94117647058823,11.76470588235294,31.46067415730337,29.166666666666668,12.34567901234568,32.18390804597701,30.939226519337016,12.048192771084338,0.849941074848175,0.841602623462677,0.8040260672569275,0.9999999403953552,0.4307384788990021,0.4452948868274688,4,4,2
gemma-4-31B-it (4bit),gemma4_31b_q6k_ref.yaml,4bit,overgeneralization,34,What is (are) Anesthesia ?,"what is that stuff doctors use to make you not feel anything or kinda go out durring medical things, like how does it even work and what is it exactly?","What are anesthetics, and what is their mechanism of action during medical procedures?","If you are having surgery, your doctor will give you medicine called an anesthetic. Anesthetics reduce or prevent pain. There are three main types: - Local - numbs one small area of the body. You stay awake and alert. - Regional - blocks pain in an area of the body, such an arm or leg. A common type is epidural anesthesia, which is often used during childbirth. - General - makes you unconscious. You do not feel any pain, and you do not remember the procedure afterwards. You may also get a mild sedative to relax you. You stay awake but may not remember the procedure afterwards. Sedation can be used with or without anesthesia. The type of anesthesia or sedation you get depends on many factors. They include the procedure you are having and your current health.","**Anesthesia** is a medical treatment that prevents patients from feeling pain during procedures. It is achieved by using medications—called anesthetics—to temporarily block sensory nerves or induce unconsciousness.

Depending on the procedure's requirements, anesthesia is categorized into several main types:

1.  **General Anesthesia:** Renders the patient completely unconscious and unresponsive to pain. It affects the entire body and often requires assistance with breathing (such as a ventilator). This is used for major surgeries.
2.  **Regional Anesthesia:** Blocks pain in a specific large area of the body (e.g., an epidural for childbirth or a spinal block for hip surgery), while the patient remains conscious.
3.  **Local Anesthesia:** Numbs a small, specific site (e.g., a dental filling or stitching a laceration) without affecting consciousness.
4.  **Sedation (Conscious Sedation):** A state of relaxation or sleep where the patient remains partially awake and can respond to instructions but feels little to no pain and may have limited memory of the event.

The administration and monitoring of these treatments are managed by specialized healthcare providers known as **anesthesiologists** or **certified registered nurse anesthetists (CRNAs)**.","The ""stuff"" used to prevent pain or induce unconsciousness during medical procedures falls under the broad category of **anesthesia**. Depending on the goal, doctors use different types:

### 1. Local Anesthetics (Numbing)
These are used for small areas (like getting stitches). Examples include lidocaine.
*   **What it is:** A medication applied via injection, cream, or spray.
*   **How it works:** It blocks sodium channels in your nerve membranes. This prevents nerves from sending electrical signals (pain messages) to your brain. The area stays awake, but it cannot ""feel.""

### 2. Regional Anesthesia (Blocking a Section)
This numbs a larger part of the body, such as an entire arm or the lower half of the body (e.g., an epidural during childbirth).
*   **How it works:** Similar to local anesthesia, but injected near a major nerve cluster or the spinal cord to shut down communication between a large region of the body and the brain.

### 3. General Anesthesia (""Going Out"")
This is used for major surgeries where you are completely unconscious and unresponsive.
*   **What it is:** A combination of intravenous (IV) drugs (like propofol) and inhaled gases (like sevoflurane).
*   **How it works:** These medications target receptors in the brain—specifically GABA receptors—which inhibit the activity of neurons. By slowing","**Anesthetics** are medications used to prevent pain and sensation during surgical procedures or other medical interventions. They can be categorized into two primary types: **local anesthetics**, which numb a specific area without loss of consciousness, and **general anesthetics**, which induce a reversible state of unconsciousness (insensibility) across the entire body.

### Mechanism of Action

The fundamental goal of all anesthetics is to interrupt the transmission of nerve impulses—specifically those carrying pain signals from the periphery to the brain.

#### 1. Local Anesthetics
Local anesthetics primarily target the peripheral nervous system. Their main mechanism involves blocking **voltage-gated sodium channels** on the neuronal membrane.
*   **Process:** The drug binds to these channels, preventing sodium ions ($\text{Na}^+$) from entering the neuron.
*   **Result:** This prevents the cell membrane from depolarizing, meaning an ""action potential"" cannot be generated or conducted along the axon. Consequently, the pain signal never reaches the central nervous system.

#### 2. General Anesthetics
General anesthesia is more complex as it targets the Central Nervous System (CNS), affecting the brain's global activity. While several theories exist, current understanding focuses on two primary pathways:

*   **Potentiation of Inhibitory Neurotransmitters:** Most general anesthetics enhance the effect of **GABA** ($\gamma$-aminobutyric acid), the primary inhibitory neurotransmitter in the brain. By binding to",2.78997629485704,3.2235843234389527,0.9093981305654651,41.706702229299694,40.772837567729454,34.438721131455615,15.33101045296167,15.737704918032785,11.111111111111112,36.23693379790941,32.78688524590164,21.56862745098039,0.0,0.0,0.0,36.734693877551024,40.81632653061224,24.489795918367346,23.37662337662337,23.809523809523807,15.789473684210526,28.57142857142857,30.075187969924805,19.2,0.8597010970115662,0.8407019972801208,0.8196924328804016,1.0,0.3666716814041137,0.778278648853302,5,4,2
gemma-4-31B-it (4bit),gemma4_31b_q6k_ref.yaml,4bit,typos_grammar,35,What is (are) Aneurysms ?,"What are aneurisims exactly , and what does that even mean in the body ?","What is a medical aneurysm, and how does it affect the body?","An aneurysm is a bulge or ""ballooning"" in the wall of an artery. Arteries are blood vessels that carry oxygen-rich blood from the heart to other parts of the body. If an aneurysm grows large, it can burst and cause dangerous bleeding or even death. Most aneurysms occur in the aorta, the main artery that runs from the heart through the chest and abdomen. Aneurysms also can happen in arteries in the brain, heart and other parts of the body. If an aneurysm in the brain bursts, it causes a stroke. Aneurysms can develop and become large before causing any symptoms. Often doctors can stop aneurysms from bursting if they find and treat them early. They use imaging tests to find aneurysms. Often aneurysms are found by chance during tests done for other reasons. Medicines and surgery are the two main treatments for aneurysms. NIH: National Heart, Lung, and Blood Institute","An **aneurysm** is an abnormal bulge or ballooning in the wall of a blood vessel. It occurs when a section of an artery wall weakens, causing the pressure of the blood flowing through it to push the wall outward.

If left untreated, an aneurysm can rupture, leading to internal bleeding (hemorrhage), which can be life-threatening depending on its location.

### Common Locations
Aneurysms can occur anywhere in the body, but they most frequently happen in two areas:
1.  **Aortic Aneurysm:** Occurs in the aorta, the main artery that carries blood from the heart to the rest of the body. These typically develop in the thoracic (chest) or abdominal regions.
2.  **Brain (Cerebral) Aneurysm:** Occurs in the arteries supplying blood to the brain. If these leak or burst, they cause a hemorrhagic stroke.

### Causes and Risk Factors
The weakening of the arterial wall is often caused by a combination of factors, including:
*   **Hypertension (High Blood Pressure):** Constant high pressure stresses the vessel walls.
*   **Atherosclerosis:** The buildup of plaque/fats in the arteries.
*   **Smoking:** Damages the lining of the blood vessels.
*   **Genetics:** Family history of connective tissue disorders or previous aneurysms.
*   **Age:** Arteries naturally lose elasticity over time.

***Disclaimer","An **aneurysm** is a localized, abnormal bulging or ballooning of a blood vessel wall. It occurs when a section of an artery becomes weakened, causing the pressure of the blood flowing through it to push the wall outward, similar to how a weak spot on a garden hose might bubble out under high water pressure.

### What this means in the body:

1.  **Structural Weakening:** Arteries have thick, elastic walls designed to handle high-pressure blood flow from the heart. An aneurysm happens when these layers (the intima, media, and adventitia) degrade due to factors like high blood pressure, smoking, genetics, or atherosclerosis (plaque buildup).
2.  **Pressure Dynamics:** Because the weakened area stretches, the diameter of the vessel increases. According to laws of fluid dynamics, as the vessel widens, the wall tension increases, which can make the bulge grow larger over time.
3.  **The Primary Risk:** The main danger of an aneurysm is **rupture**. If the wall becomes too thin and tears, it leads to internal bleeding (hemorrhage), which can be fatal depending on the location.

### Common Locations:
*   **Abdominal Aortic Aneurysm (AAA):** Occurs in the aorta (the largest artery in the body) as it passes through the abdomen.
*   **Cerebral/Brain Aneurysm:** Occurs in the arteries supplying the brain; if these rupture","An **aneurysm** is a localized, abnormal bulging or ballooning of a blood vessel wall. It occurs when the wall of an artery becomes weakened, allowing the pressure of flowing blood to push the vessel outward into a sac-like shape.

Aneurysms can occur anywhere in the body, but they most commonly develop in two areas:
1.  **The Aorta:** The main artery carrying blood from the heart to the rest of the body (e.g., Abdominal Aortic Aneurysm).
2.  **The Brain:** Arteries supplying the brain (e.g., Cerebral Aneurysm).

### How it Affects the Body

Depending on its location and size, an aneurysm affects the body in several ways:

*   **Blood Flow Alteration:** As the vessel widens, blood flow may become turbulent. In some cases, this can lead to the formation of blood clots within the bulge, which may travel downstream and cause a stroke or organ ischemia (blockage of blood supply).
*   **Pressure on Surrounding Tissues:** Large aneurysms can press against adjacent organs or nerves. For example, a cerebral aneurysm may press on cranial nerves, causing vision changes or pain behind the eye; an aortic aneurysm may compress nearby veins or organs in the abdomen.
*   **Risk of Rupture:** This is the most critical complication. Because the arterial wall is thinned and stretched, it is structurally unstable. If",8.842031415700585,2.5321251619133776,5.638263266652689,44.86638804117474,41.532200344082845,43.04865282858863,23.026315789473685,16.56050955414013,18.125,41.44736842105264,28.662420382165603,35.0,0.0,0.0,0.0,40.0,27.142857142857142,34.285714285714285,28.865979381443296,20.87912087912088,25.26315789473684,33.532934131736525,23.60248447204969,29.090909090909093,0.862424373626709,0.8493271470069885,0.8537911176681519,0.9999998211860656,0.7902332544326782,0.7968504428863525,4,4,2
gemma-4-31B-it (4bit),gemma4_31b_q6k_ref.yaml,4bit,ambiguity,36,What is (are) Angina ?,"what is that chest/heart thing people mean when they say angina, like is it just pain or some kind of attack or blood flow problem or what?","What is the clinical definition of angina, and does it refer specifically to chest pain, an acute cardiac event, or an impairment of myocardial blood flow?","Angina is chest pain or discomfort you feel when there is not enough blood flow to your heart muscle. Your heart muscle needs the oxygen that the blood carries. Angina may feel like pressure or a squeezing pain in your chest. It may feel like indigestion. You may also feel pain in your shoulders, arms, neck, jaw, or back. Angina is a symptom of coronary artery disease (CAD), the most common heart disease. CAD happens when a sticky substance called plaque builds up in the arteries that supply blood to the heart, reducing blood flow. There are three types of angina: - Stable angina is the most common type. It happens when the heart is working harder than usual. Stable angina has a regular pattern. Rest and medicines usually help. - Unstable angina is the most dangerous. It does not follow a pattern and can happen without physical exertion. It does not go away with rest or medicine. It is a sign that you could have a heart attack soon. - Variant angina is rare. It happens when you are resting. Medicines can help. Not all chest pain or discomfort is angina. If you have chest pain, you should see your health care provider. NIH: National Heart, Lung, and Blood Institute","**Angina** (or angina pectoris) is chest pain or discomfort that occurs when your heart muscle does not receive enough oxygen-rich blood. It is not a disease itself, but rather a **symptom** of an underlying heart problem, most commonly coronary artery disease (CAD).

The condition occurs because the coronary arteries—which supply blood to the heart—become narrowed or blocked by plaque (atherosclerosis), restricting blood flow during times when the heart needs more oxygen (such as during exercise or stress).

### Types of Angina
There are three primary types of angina:

1.  **Stable Angina:** The most common form. It typically occurs during physical exertion or emotional stress and follows a predictable pattern. It usually goes away with rest or medication (like nitroglycerin).
2.  **Unstable Angina:** This is a medical emergency. It is unpredictable, can occur at rest, and is often more severe than stable angina. It may signal an impending heart attack.
3.  **Prinzmetal's (Variant) Angina:** A rare form caused by a spasm in a coronary artery rather than a permanent blockage. It typically happens while resting.

### Common Symptoms
*   Pressure, squeezing, burning, or tightness in the chest.
*   Pain that may radiate to the shoulders, arms, neck, jaw, or back.
*   Shortness of breath.
*   Nausea or fatigue.

***","**Angina** is not a disease itself, but rather a **symptom** of an underlying heart problem. Specifically, it is chest pain or discomfort caused by **reduced blood flow to the heart muscle**.

Here is the breakdown of what is happening:

### 1. The Cause (Blood Flow Problem)
The heart muscle needs a constant supply of oxygen-rich blood delivered via the coronary arteries. Angina occurs when these arteries become narrowed or blocked (usually due to plaque buildup called atherosclerosis). When the heart works harder—such as during exercise or stress—it demands more oxygen than the narrowed arteries can provide. This creates a state of **ischemia** (lack of oxygen), which triggers the sensation of pain.

### 2. The Feeling (Not Just ""Pain"")
While often described as ""pain,"" patients frequently describe angina as:
*   Pressure, squeezing, or fullness in the chest.
*   A feeling of a ""heavy weight"" sitting on the chest.
*   Discomfort that may radiate to the shoulders, arms, neck, jaw, or back.
*   Shortness of breath or nausea.

### 3. Is it an ""Attack""?
People often confuse angina with a heart attack, but there is a critical difference:
*   **Stable Angina:** This is predictable. It happens during exertion and goes away with rest or medication (like nitroglycerin). It is a warning sign that the heart isn","**Clinical Definition:** Angina (specifically *angina pectoris*) is clinically defined as chest discomfort or pressure caused by **myocardial ischemia**, which occurs when the demand for oxygenated blood by the heart muscle exceeds the supply provided by the coronary arteries.

Regarding your specific distinctions:

*   **Is it specifically chest pain?** While typically described as ""chest pain,"" angina can manifest as pressure, squeezing, fullness, or heaviness. It may also present as referred pain in the shoulders, arms, neck, jaw, or upper abdomen. Therefore, while it refers to the *sensation* of pain/discomfort, it is not limited strictly to the chest area.
*   **Is it an acute cardiac event?** Not necessarily. Stable angina is a chronic condition characterized by predictable episodes triggered by exertion. However, unstable angina—where symptoms occur at rest or increase in frequency/severity—is considered an **Acute Coronary Syndrome (ACS)** and constitutes a medical emergency.
*   **Is it an impairment of myocardial blood flow?** Yes. The underlying physiological cause of angina is the impairment of myocardial blood flow (ischemia), usually due to atherosclerosis (narrowing of the arteries) or coronary artery spasms.

**Summary:** Angina is the **clinical symptom** (pain/pressure) resulting from the **physiological state** (impaired myocardial blood flow). Depending on its stability, it may or may not be classified as an **acute cardiac event**.",15.320621570445464,11.770069480979425,7.547640138492396,49.46926988953559,45.85436484274834,41.87911245522231,30.446194225721783,24.867724867724867,20.207253886010363,54.06824146981628,46.56084656084656,40.93264248704664,0.0,0.0,0.0,47.72727272727273,38.63636363636363,28.40909090909091,48.27586206896552,36.55913978494624,30.48780487804878,48.0,37.569060773480665,29.411764705882355,0.8756393790245056,0.8516054153442383,0.8382638096809387,1.0,0.7251951098442078,0.7579014897346497,5,3,4
gemma-4-31B-it (4bit),gemma4_31b_q6k_ref.yaml,4bit,layperson,37,Do you have information about Angioplasty,"do u have any info on that thing where they go in n kinda open up a blocked blood vessel or heart tube thing, like how it works an if its a big deal?","How does the procedure to open a blocked blood vessel or coronary artery work, and what are the associated risks and recovery expectations?","Summary : If you have coronary artery disease, the arteries in your heart are narrowed or blocked by a sticky material called plaque. Angioplasty is a procedure to restore blood flow through the artery. You have angioplasty in a hospital. The doctor threads a thin tube through a blood vessel in the arm or groin up to the involved site in the artery. The tube has a tiny balloon on the end. When the tube is in place, the doctor inflates the balloon to push the plaque outward against the wall of the artery. This widens the artery and restores blood flow. Doctors may use angioplasty to - Reduce chest pain caused by reduced blood flow to the heart - Minimize damage to heart muscle from a heart attack Many people go home the day after angioplasty, and are able to return to work within a week of coming home. NIH: National Heart, Lung, and Blood Institute","**Angioplasty**, also known as Percutaneous Coronary Intervention (PCI), is a minimally invasive surgical procedure used to open clogged or narrowed arteries. While most commonly performed on the coronary arteries of the heart, it can be used on arteries leading to the brain, kidneys, or legs.

### How It Works
The primary goal of angioplasty is to restore blood flow to organs or tissues that are not receiving enough oxygen due to **atherosclerosis** (the buildup of plaque).

1.  **Access:** A thin, flexible tube called a catheter is inserted through a blood vessel, usually in the groin (femoral artery) or the wrist (radial artery).
2.  **Guidance:** Using X-ray imaging (fluoroscopy), the doctor guides the catheter to the site of the blockage.
3.  **Inflation:** A small balloon at the tip of the catheter is inflated. This pushes the plaque against the artery wall, widening the passage for blood.
4.  **Stenting:** In most cases, a small metal mesh tube called a **stent** is expanded and left permanently in the artery to act as a scaffold, preventing the vessel from narrowing again. Many modern stents are ""drug-eluting,"" meaning they release medication to prevent scar tissue growth.

### When Is It Used?
*   **Stable Angina:** To relieve chest pain caused by chronic blockages.
*   **Heart Attack (My","Depending on which ""tube"" is blocked (a coronary artery in the heart or a larger artery elsewhere), this procedure is typically called **Angioplasty** (often paired with **Stenting**).

### How It Works
1.  **Access:** A doctor inserts a thin, flexible tube called a catheter into an artery, usually through the wrist or groin. 
2.  **Navigation:** Using X-ray guidance, they thread the catheter to the site of the blockage (the plaque buildup).
3.  **Opening (The Balloon):** At the tip of the catheter is a tiny balloon. Once in place, the balloon is inflated. This pushes the plaque against the walls of the artery, widening the path for blood flow.
4.  **Supporting (The Stent):** In most cases, a small metal mesh tube called a **stent** is expanded at the site. The stent stays there permanently to act as a scaffold, keeping the vessel propped open so it doesn't collapse or clog again.

### Is It a ""Big Deal""?
In medical terms, this is considered a **minimally invasive procedure**, meaning it is not ""open-heart surgery."" There is no large incision and the chest is not opened.

*   **Recovery:** Most patients recover quickly; some go home the same day, while others stay overnight for observation.
*   **Risk Level:** While generally safe, it is still a medical","*Disclaimer: I am an AI, not a doctor. This information is for educational purposes and should not replace professional medical advice.*

The most common procedure used to open a blocked coronary artery is **Percutaneous Coronary Intervention (PCI)**, commonly known as **angioplasty with stenting**. In more severe cases of multi-vessel disease, **Coronary Artery Bypass Grafting (CABG)** surgery may be performed.

### 1. How Percutaneous Coronary Intervention (PCI) Works
PCI is a minimally invasive procedure typically performed in a cardiac catheterization lab.

*   **Access:** A thin, flexible tube called a catheter is inserted through a blood vessel, usually in the groin (femoral artery) or the wrist (radial artery).
*   **Navigation:** Using real-time X-ray imaging (fluoroscopy), the cardiologist guides the catheter up to the site of the blockage in the heart.
*   **Inflation (Angioplasty):** A small balloon at the tip of the catheter is inflated. This compresses the plaque against the arterial wall, widening the passage for blood flow.
*   **Stenting:** To prevent the artery from collapsing or re-closing, a **stent** (a tiny metal mesh tube) is expanded across the blockage. Most modern stents are ""drug-eluting,"" meaning they release medication over time to reduce scar tissue growth and prevent re-blockage (resten",5.454702306076478,3.454307415919399,3.3245507560133354,43.84924736775797,40.93111903925264,40.245212655083776,20.51282051282051,20.26143790849673,19.20529801324503,39.1025641025641,31.37254901960784,33.77483443708609,0.0,0.0,0.0,37.87878787878788,31.818181818181817,33.33333333333333,30.8641975308642,29.577464788732392,34.92063492063492,34.013605442176875,30.65693430656934,34.10852713178294,0.8549167513847351,0.853018581867218,0.8354581594467163,1.0,0.4293389916419983,0.3884097933769226,3,4,2
gemma-4-31B-it (4bit),gemma4_31b_q6k_ref.yaml,4bit,incomplete,38,What is (are) Animal Bites ?,"what does it mean if some thing bit you, like from an animal or whatever, is that a big deal or just a normal skin thing?","What are the potential medical risks associated with an animal bite, and how can I determine if it requires professional treatment versus basic wound care?","Wild animals usually avoid people. They might attack, however, if they feel threatened, are sick, or are protecting their young or territory. Attacks by pets are more common. Animal bites rarely are life-threatening, but if they become infected, you can develop serious medical problems. To prevent animal bites and complications from bites - Never pet, handle, or feed unknown animals - Leave snakes alone - Watch your children closely around animals - Vaccinate your cats, ferrets, and dogs against rabies - Spay or neuter your dog to make it less aggressive - Get a tetanus booster if you have not had one recently - Wear boots and long pants when you are in areas with venomous snakes If an animal bites you, clean the wound with soap and water as soon as possible. Get medical attention if necessary. Centers for Disease Control and Prevention","**Animal bites** are injuries caused by an animal's teeth penetrating the skin. These injuries can range from superficial scratches to deep puncture wounds or severe tissue lacerations, depending on the size of the animal and the force used.

Medical concerns associated with animal bites primarily fall into three categories:

1.  **Infection:** The mouth of almost every animal contains bacteria. A bite introduces these pathogens directly into the tissues, which can lead to localized infections (cellulitis) or systemic infections (sepsis). Common bacteria involved include *Pasteurella* species (common in cats/dogs) and *Capnocytophaga*.
2.  **Rabies:** This is a fatal viral zoonotic disease transmitted through the saliva of infected animals (most commonly dogs, bats, raccoons, and foxes). It requires immediate post-exposure prophylaxis (PEP) if suspected.
3.  **Tetanus:** Any break in the skin via a bite creates an environment where tetanus spores (*Clostridium tetani*) can enter the body, necessitating a booster shot if the patient's vaccinations are not up to date.

**Immediate Management typically involves:**
*   Cleaning the wound thoroughly with soap and water.
*   Assessing for nerve or tendon damage.
*   Determining the need for prophylactic antibiotics.
*   Evaluating rabies risk based on the animal's health and location.
*   Updating tetanus vaccination status.","Whether an animal bite is a ""big deal"" depends entirely on the source of the bite, the depth of the wound, and your vaccination status. While some bites may seem like minor skin irritations, many carry significant risks that require medical intervention.

**A bite can be serious for three primary reasons:**

### 1. Infection (Bacteria)
Animals have bacteria in their mouths that can cause severe infections when pushed deep into human tissue.
*   **Dogs/Cats:** Cat bites, in particular, are high-risk because their teeth are thin and sharp, injecting bacteria deep into joints or tendons where it is hard to clean.
*   **Sepsis:** If left untreated, a local infection can enter the bloodstream (sepsis), which is life-threatening.

### 2. Rabies (Viruses)
If the bite was from a wild animal (like a bat, raccoon, or skunk) or an unvaccinated domestic animal, there is a risk of **Rabies**. This virus is nearly 100% fatal if not treated immediately with post-exposure prophylaxis (vaccines).

### 3. Tetanus
Any break in the skin caused by an animal or object outdoors can introduce *Clostridium tetani* spores into the body. If your tetanus shot is not up to date (usually every 5–10 years), you may need a booster.

---

### When to seek immediate medical attention:
Go","***Disclaimer:** I am an AI, not a doctor. If you have been bitten by an animal, please contact a healthcare provider or visit urgent care immediately for a personalized assessment.*

### Potential Medical Risks of Animal Bites

Animal bites carry three primary categories of risk:

**1. Bacterial Infections (Local and Systemic)**
*   **Pasteurella:** Common in dog and cat bites; can cause rapid onset of cellulitis (skin infection).
*   **Staphylococcus and Streptococcus:** General skin flora that can enter the wound.
*   **Capnocytophaga:** Found in dog/cat saliva; rare but can lead to sepsis in immunocompromised individuals.
*   **Tetanus:** Soil-borne bacteria (*Clostridium tetani*) can enter through puncture wounds.

**2. Viral Transmission (Zoonotic Diseases)**
*   **Rabies:** A fatal viral disease transmitted via saliva from infected mammals (dogs, bats, raccoons, etc.). This is a medical emergency requiring immediate prophylaxis.

**3. Physical Trauma**
*   **Tissue Damage:** Lacerations, crushing injuries, or avulsions (torn skin).
*   **Structural Damage:** Nerve damage, tendon rupture, or bone fractures.
*   **Joint Infection:** Puncture wounds into joints (especially common with cat bites) can cause septic arthritis.

---

### Determining Treatment Level: Basic Care vs. Professional Help

#### When Basic Wound Care May",1.9638623688456367,0.9624835514115618,0.810864542381968,36.645186675555465,37.81278896471423,33.09663405118252,15.23809523809524,10.493827160493826,9.803921568627452,26.031746031746035,30.246913580246908,23.52941176470588,0.0,0.0,0.0,20.833333333333336,22.22222222222222,18.055555555555557,16.483516483516482,17.77777777777778,13.978494623655912,18.404907975460123,19.753086419753085,15.757575757575754,0.8177239298820496,0.8265618681907654,0.7992991805076599,0.9999999403953552,0.4406617879867553,0.6440187692642212,4,4,2
gemma-4-31B-it (4bit),gemma4_31b_q6k_ref.yaml,4bit,overgeneralization,39,What is (are) Animal Diseases and Your Health ?,"how do health problms from animals or pets even work, like can being around them make pepole sick in genral and affect your health n stuff?","How do zoonotic diseases transition from animals to humans, and what are the general ways that interaction with pets can impact human health?","Animal diseases that people can catch are called zoonoses. Many diseases affecting humans can be traced to animals or animal products. You can get a disease directly from an animal, or indirectly, through the environment. Farm animals can carry diseases. If you touch them or things they have touched, like fencing or buckets, wash your hands thoroughly. Adults should make sure children who visit farms or petting zoos wash up as well. Though they may be cute and cuddly, wild animals may carry germs, viruses, and parasites. Deer and deer mice carry ticks that cause Lyme disease. Some wild animals may carry rabies. Enjoy wildlife from a distance. Pets can also make you sick. Reptiles pose a particular risk. Turtles, snakes and iguanas can transmit Salmonella bacteria to their owners. You can get rabies from an infected dog or toxoplasmosis from handling kitty litter of an infected cat. The chance that your dog or cat will make you sick is small. You can reduce the risk by practicing good hygiene, keeping pet areas clean and keeping your pets' shots up-to-date.","**Animal diseases that affect human health** are primarily referred to as **zoonoses** (or zoonotic diseases). These are infections that are transmitted from animals to humans.

### How Transmission Occurs
Zoonotic diseases can spread through several pathways:
*   **Direct Contact:** Touching an infected animal, including saliva, blood, urine, or feces.
*   **Indirect Contact:** Coming into contact with areas where animals live and roam, or surfaces contaminated by them.
*   **Vector-borne:** Being bitten by insects (like ticks or mosquitoes) that have previously fed on an infected animal.
*   **Foodborne:** Consuming contaminated raw or undercooked animal products (meat, eggs, unpasteurized milk).

### Common Examples of Zoonotic Diseases
1.  **Viral:** Rabies (dogs/bats), Avian Influenza (birds), Ebola (fruit bats/primates), and COVID-19 (suspected wildlife origin).
2.  **Bacterial:** Salmonellosis (*Salmonella*), Lyme disease (ticks/deer), Anthrax (livestock), and Leptospirosis (rodents/dogs).
3.  **Parasitic:** Toxoplasmosis (cats) and Trichinosis (undercooked pork).

### Impact on Human Health
The impact ranges from mild illness to severe systemic failure or death. Because these pathogens evolve in animals, they can sometimes ""jump"" species, leading","Health problems transmitted from animals to humans are called **zoonotic diseases** (or zoonoses). These occur when pathogens—such as bacteria, viruses, parasites, or fungi—jump from an animal species to a human.

Here is a breakdown of how this works and how it affects your health:

### 1. How Transmission Happens
Animals can pass illnesses to people through several different pathways:
*   **Direct Contact:** Touching, kissing, or being bitten/scratched by an infected animal (e.g., Rabies or Cat Scratch Fever).
*   **Indirect Contact:** Touching areas where animals live or leave waste, such as contaminated soil or water (e.g., Toxoplasmosis from cat litter boxes).
*   **Airborne/Droplets:** Breathing in particles containing pathogens, often spread via feces or urine dried into dust (e.g., Psittacosis from birds).
*   **Vector-borne:** An insect acts as a ""middleman,"" biting an animal and then biting a human (e.g., Lyme disease from ticks or Malaria from mosquitoes).
*   **Foodborne:** Eating undercooked meat or unpasteurized dairy products from infected animals (e.g., Salmonella).

### 2. Common Types of Health Issues
Being around animals doesn't automatically make you sick, but there are specific risks depending on the animal:
*   **Bacterial Infections:** Salmonellosis (reptiles/","**Zoonotic Transition (Animal-to-Human)**

Zoonotic diseases transition from animals to humans through several primary pathways of transmission:

1.  **Direct Contact:** This occurs via touching an infected animal's blood, saliva, urine, or mucous membranes. Examples include bites, scratches, or handling raw meat/animal waste.
2.  **Indirect Contact:** Transmission happens when humans touch areas where animals live and roam, or surfaces contaminated by animals (e.g., soil, water troughs, or shared living spaces).
3.  **Vector-borne:** An intermediary organism—typically an arthropod like a tick, mosquito, or flea—carries the pathogen from an animal host to a human. 
4.  **Foodborne:** Consumption of contaminated animal products, such as unpasteurized milk, undercooked eggs, or raw meats containing bacteria like *Salmonella* or *Campylobacter*.
5.  **Aerosolization:** Some pathogens are inhaled through droplets or dust particles shed by animals (e.g., certain strains of influenza or Q fever).

**Impact of Pet Interaction on Human Health**

Interaction with pets impacts human health in both negative (pathological) and positive (therapeutic) ways:

**Negative Impacts (Health Risks):**
*   **Infectious Diseases:** Pets can transmit parasites (toxoplasmosis from cats, heartworms), bacteria (*Capnocytophaga* from dog saliva), or",1.5121539471373369,2.074309208786951,1.484307947986803,37.40340617047391,38.80503407024561,36.55736472640002,13.649851632047476,13.521126760563378,12.0,30.86053412462908,31.549295774647884,27.428571428571423,0.0,0.0,0.0,22.89156626506024,28.915662650602407,26.506024096385545,27.536231884057973,30.0,29.72972972972973,25.0,29.4478527607362,28.02547770700637,0.8194782733917236,0.8283687829971313,0.8212710022926331,1.0,0.6223942637443542,0.6838127970695496,3,4,2
gemma-4-31B-it (4bit),gemma4_31b_q6k_ref.yaml,4bit,typos_grammar,40,What is (are) Ankle Injuries and Disorders ?,"What is/are ankle injurys and disorder's, like what do that even mean for the ankle ?","What are common types of ankle injuries and disorders, and how do they affect the anatomy and function of the ankle?","Your ankle bone and the ends of your two lower leg bones make up the ankle joint. Your ligaments, which connect bones to one another, stabilize and support it. Your muscles and tendons move it. The most common ankle problems are sprains and fractures. A sprain is an injury to the ligaments. It may take a few weeks to many months to heal completely. A fracture is a break in a bone. You can also injure other parts of the ankle such as tendons, which join muscles to bone, and cartilage, which cushions your joints. Ankle sprains and fractures are common sports injuries.","Ankle injuries and disorders refer to damage or dysfunction affecting the joint where the leg meets the foot, involving the bones (tibia, fibula, and talus), ligaments, tendons, and cartilage. These conditions generally fall into three categories:

### 1. Acute Traumatic Injuries
These occur due to sudden impact or twisting movements:
*   **Sprains:** The most common ankle injury; it involves the stretching or tearing of **ligaments** (the tissues connecting bone to bone). Lateral sprains (outer side) are more frequent than medial sprains.
*   **Fractures:** Breaks in one or more of the ankle bones. This can range from stress fractures (small cracks) to displaced fractures requiring surgery.
*   **Dislocations:** When the bones of the ankle joint are forced out of their normal alignment.

### 2. Chronic Overuse and Tendon Disorders
These develop over time due to repetitive strain or inflammation:
*   **Tendonitis:** Inflammation of the tendons, such as Achilles tendonitis (at the back of the heel) or peroneal tendonitis.
*   **Chronic Ankle Instability:** A condition resulting from repeated sprains that leaves the joint loose and prone to ""giving way.""
*   **Tarsal Tunnel Syndrome:** Compression of the tibial nerve, causing tingling or pain in the foot (similar to Carpal Tunnel in the wrist).

### 3. Degenerative and Systemic Disorders","Ankle injuries and disorders refer to damage or dysfunction affecting the complex joint where your leg meets your foot. The ankle consists of bones (tibia, fibula, and talus), ligaments (which connect bone to bone), tendons (which connect muscle to bone), and cartilage.

When someone refers to an ""ankle injury"" or ""disorder,"" they generally mean one of the following categories:

### 1. Acute Injuries (Trauma)
These occur suddenly due to a specific event, such as a fall or a sports accident.
*   **Sprains:** This is the most common ankle injury. It occurs when the **ligaments** are stretched or torn, usually caused by ""rolling"" the ankle (inversion).
*   **Fractures:** A break in one or more of the ankle bones. These can range from small stress fractures (tiny cracks) to severe breaks requiring surgery.
*   **Dislocations:** When the bones of the joint are forced out of their normal alignment.

### 2. Chronic Disorders (Long-term Issues)
These develop over time due to wear and tear, systemic disease, or repeated minor injuries.
*   **Osteoarthritis:** The wearing down of the protective cartilage in the joint, leading to pain, stiffness, and swelling.
*   **Tendonitis:** Inflammation of the tendons (such as the Achilles tendon), often caused by overuse or repetitive strain.
*   **Chronic Ankle Inst","Ankle injuries and disorders typically involve damage to the ligaments, tendons, bones, or cartilage that stabilize the joint. Because the ankle is a complex hinge joint (the talocrural joint) responsible for weight-bearing and locomotion, these conditions significantly impair stability and mobility.

### 1. Ligamentous Injuries (Sprains)
*   **Lateral Ankle Sprain:** The most common injury, usually involving the **anterior talofibular ligament (ATFL)** and the **calcaneofibular ligament (CFL)** due to an inversion mechanism (rolling the ankle inward).
*   **Medial Ankle Sprain:** Less common; involves the strong **deltoid ligament**. These often occur during eversion (rolling outward).
*   **Effect on Anatomy/Function:** Damage disrupts the passive stabilizers of the joint, leading to joint laxity, instability, and an increased risk of recurrent sprains.

### 2. Tendon Disorders
*   **Achilles Tendinitis/Rupture:** Inflammation or tearing of the Achilles tendon, which connects the calf muscles to the heel bone (calcaneus).
*   **Peroneal Tendonitis:** Inflammation of the tendons running along the outside of the ankle.
*   **Effect on Anatomy/Function:** Since tendons transmit muscle force to move the foot, injuries here impair plantarflexion (pushing off) and lateral stability, reducing power and gait efficiency.

### 3. Bony",2.842878386492718,2.1613237875696028,2.147005582687554,38.54488328891473,40.59422239903382,37.56136864216572,15.498154981549812,16.84981684981685,15.93625498007968,33.21033210332104,38.09523809523809,30.2788844621514,0.0,0.0,0.0,48.0,52.0,42.0,25.26315789473684,26.53061224489796,26.923076923076923,33.10344827586207,35.13513513513514,32.81249999999999,0.8382744193077087,0.8482197523117065,0.8294714689254761,1.0,0.9147992730140686,0.8419250249862671,3,4,3
gemma-4-31B-it (4bit),gemma4_31b_q6k_ref.yaml,4bit,ambiguity,41,What is (are) Ankylosing Spondylitis ?,"What is that long-term thing where your lower back/spine gets really stiff and inflamed over time, maybe even starts sort of fusing together or",What is the name of the chronic inflammatory condition characterized by stiffness and fusion of the spine and lower back?,"Ankylosing spondylitis is a type of arthritis of the spine. It causes inflammation between your vertebrae, which are the bones that make up your spine, and in the joints between your spine and pelvis. In some people, it can affect other joints. AS is more common and more severe in men. It often runs in families. The cause is unknown, but it is likely that both genes and factors in the environment play a role. Early symptoms of AS include back pain and stiffness. These problems often start in late adolescence or early adulthood. Over time, AS can fuse your vertebrae together, limiting movement. Some people have symptoms that come and go. Others have severe, ongoing pain. A diagnosis of AS is based on your medical history and a physical examination. You may also have imaging or blood tests. AS has no cure, but medicines can relieve symptoms and may keep the disease from getting worse. Eating a healthy diet, not smoking, and exercising can also help. In rare cases, you may need surgery to straighten the spine. NIH: National Institute of Arthritis and Musculoskeletal and Skin Disease","**Ankylosing spondylitis (AS)** is a chronic, inflammatory type of arthritis that primarily affects the spine and sacroiliac joints (where the spine meets the pelvis).

Key characteristics include:

*   **Inflammation:** It begins as inflammation in the joints and ligaments, causing pain and stiffness. 
*   **Fusion:** Over time, prolonged inflammation can lead to the formation of bony growths (syndesmophytes), which may cause some or all of the vertebrae to fuse together. This process is called **ankylosis**, resulting in a rigid spine (often referred to as ""bamboo spine"" on X-rays).
*   **Primary Targets:** While it most commonly affects the lower back and hips, it can also impact other joints, the eyes (uveitis), and internal organs like the heart or lungs.
*   **Genetic Link:** There is a strong association with the genetic marker **HLA-B27**, although not everyone with this gene develops the condition.

The primary symptoms are chronic low back pain and morning stiffness that typically improves with exercise but worsens with rest. Treatment generally focuses on managing pain through physical therapy and medications such as NSAIDs or biologics (TNF inhibitors).","The condition you are describing is **Ankylosing Spondylitis (AS)**.

It is a chronic inflammatory disease primarily affecting the axial skeleton (the spine and sacroiliac joints). Key characteristics include:

*   **Inflammation:** It begins with inflammation in the sacroiliac joints (where the spine meets the pelvis) and can spread up the spinal column.
*   **Fusion:** Over time, the body may attempt to heal the inflammation by growing new bone across the joints. This process leads to ""syndesmophytes"" (bony growths), which can eventually cause the vertebrae to fuse together—a phenomenon often referred to as **""Bamboo Spine.""**
*   **Stiffness:** Patients typically experience significant stiffness in the morning or after periods of inactivity, which generally improves with movement and exercise.

***Disclaimer:** I am an AI, not a doctor. If you suspect you have this condition, please consult a healthcare professional for a proper diagnosis.*",The chronic inflammatory condition characterized by stiffness and fusion of the spine and lower back is **ankylosing spondylitis**.,4.568284945673621,2.103840366065422,0.0021292362923382,41.63020193188809,35.98260083917597,8.597664302872884,19.04761904761905,14.23728813559322,5.208333333333333,38.0952380952381,30.508474576271187,9.375,0.0,0.0,0.0,21.91780821917808,19.17808219178082,4.10958904109589,23.52941176470588,27.450980392156865,42.85714285714285,22.69503546099291,22.58064516129032,7.5,0.8454307317733765,0.8423898220062256,0.8410691618919373,1.0,0.48198401927948,0.5580902695655823,4,5,5
gemma-4-31B-it (4bit),gemma4_31b_q6k_ref.yaml,4bit,layperson,42,What is (are) Anthrax ?,"what is that bad infection thing people can get from animals or weird powder in the mail,, like what even is it and how does a person catch it?","What is anthrax, and what are its modes of transmission via animal contact or inhalation of spores?","Anthrax is a disease caused by Bacillus anthracis, a germ that lives in soil. Many people know about it from the 2001 bioterror attacks. In the attacks, someone purposely spread anthrax through the U.S. mail. This killed five people and made 22 sick. Anthrax is rare. It affects animals such as cattle, sheep, and goats more often than people. People can get anthrax from contact with infected animals, wool, meat, or hides. It can cause three forms of disease in people. They are - Cutaneous, which affects the skin. People with cuts or open sores can get it if they touch the bacteria. - Inhalation, which affects the lungs. You can get this if you breathe in spores of the bacteria. - Gastrointestinal, which affects the digestive system. You can get it by eating infected meat. Antibiotics often cure anthrax if it is diagnosed early. But many people don't know they have anthrax until it is too late to treat. A vaccine to prevent anthrax is available for people in the military and others at high risk. NIH: National Institute of Allergy and Infectious Diseases","**Anthrax** is a serious infectious disease caused by gram-positive, spore-forming bacteria known as *Bacillus anthracis*. It primarily affects livestock and other herbivores, but it can be transmitted to humans (zoonosis).

The bacteria produce spores that can survive in the environment—such as soil—for many years. When these spores enter the body through a cut in the skin, inhalation, or ingestion, they germinate into active bacteria that release toxins, damaging tissues and suppressing the immune system.

There are three primary forms of anthrax in humans:

1.  **Cutaneous Anthrax:** The most common form; occurs when spores enter a break in the skin, resulting in a painless skin sore with a black center (eschar).
2.  **Inhalation Anthrax:** Occurs when spores are inhaled into the lungs. This is the most severe form and can lead to respiratory failure and septic shock if not treated immediately.
3.  **Gastrointestinal Anthrax:** A rare form occurring after eating contaminated meat from an infected animal, leading to nausea, vomiting, and severe abdominal pain.

Anthrax is typically treated with antibiotics (such as ciprofloxacin or doxycycline), though treatment for inhalation anthrax often requires intensive supportive care.","The ""bad infection"" you are referring to is **Anthrax**, caused by the bacterium *Bacillus anthracis*.

### What is it?
Anthrax is an infectious disease caused by spore-forming bacteria. These spores are highly resilient and can survive for long periods in the environment (soil) or as dried powders. It primarily affects livestock but can be transmitted to humans.

### How do people catch it?
There are three primary ways a person can contract anthrax, depending on how the spores enter the body:

1.  **Cutaneous (Skin):** This is the most common form. Spores enter through a cut or scrape on the skin. This often happens to people handling infected animals or contaminated animal products (like wool or hides). It typically results in a painless sore with a black center.
2.  **Inhalation (Lungs):** This occurs when spores are breathed into the lungs. This is the method associated with ""powder in the mail"" (bioterrorism), where concentrated spores are aerosolized and inhaled. This form is severe and potentially fatal if not treated immediately.
3.  **Gastrointestinal (Digestive tract):** This occurs when a person eats raw or undercooked meat from an animal that had anthrax.

***Disclaimer:** I am an AI, not a doctor. If you suspect exposure to any infectious agent, seek immediate professional medical attention.*","**Anthrax** is a severe infectious disease caused by the bacterium *Bacillus anthracis*. It primarily affects livestock and other herbivores but can be transmitted to humans (zoonosis). The bacteria produce hardy, dormant spores that can survive in the environment for many years.

### Modes of Transmission

Transmission occurs when these spores enter the body through three primary routes:

**1. Cutaneous Anthrax (Animal Contact/Skin Exposure)**
This is the most common form of infection. It occurs when spores enter the skin through cuts, abrasions, or insect bites. 
*   **Source:** Direct contact with infected animals (e.g., cattle, sheep, goats) or contaminated animal products such as hides, wool, or hair.

**2. Inhalation Anthrax (Inhalation of Spores)**
This is the most severe form of the disease. It occurs when spores are inhaled into the lungs.
*   **Source:** Breathing in airborne spores from contaminated soil or materials. This typically happens in industrial settings involving untreated animal products (like wool mills) or during biological attacks. Once inside the lungs, the spores germinate and release toxins into the bloodstream.

**3. Gastrointestinal Anthrax (Ingestion)**
Though less common, this occurs when spores are ingested.
*   **Source:** Eating raw or undercooked meat from an animal that died of anthrax.",2.975896833758552,2.430435063591573,4.867814501303508,42.19455960379571,42.007899634621296,42.481907073949394,18.023255813953487,18.836565096952903,17.56373937677054,39.53488372093023,37.673130193905806,37.39376770538244,0.0,0.0,0.0,24.285714285714285,21.428571428571427,25.71428571428571,22.666666666666664,19.230769230769237,22.22222222222222,23.448275862068964,20.27027027027027,23.841059602649004,0.8482035994529724,0.8524781465530396,0.8446176648139954,1.0,0.3414725661277771,0.775759220123291,4,5,5
gemma-4-31B-it (4bit),gemma4_31b_q6k_ref.yaml,4bit,incomplete,43,Do you have information about Antibiotic Resistance,Do you have any info on when germs kinda stop responding to medicine and what that means?,"What is antimicrobial resistance, and what are its clinical implications?","Summary : Antibiotics are medicines that fight bacterial infections. Used properly, they can save lives. But there is a growing problem of antibiotic resistance. It happens when bacteria change and become able to resist the effects of an antibiotic. Using antibiotics can lead to resistance. Each time you take antibiotics, sensitive bacteria are killed. But resistant germs may be left to grow and multiply. They can spread to other people. They can also cause infections that certain antibiotics cannot cure. Methicillin-resistant Staphylococcus aureus (MRSA) is one example. It causes infections that are resistant to several common antibiotics. To help prevent antibiotic resistance - Don't use antibiotics for viruses like colds or flu. Antibiotics don't work on viruses. - Don't pressure your doctor to give you an antibiotic. - When you take antibiotics, follow the directions carefully. Finish your medicine even if you feel better. If you stop treatment too soon, some bacteria may survive and re-infect you. - Don't save antibiotics for later or use someone else's prescription. Centers for Disease Control and Prevention","**Antibiotic resistance** occurs when bacteria evolve mechanisms to protect themselves from the effects of antibiotics, making standard treatments ineffective. This is a global public health threat because it makes common infections harder to treat and increases the risk of death.

### How It Happens
Resistance happens through natural selection. When bacteria are exposed to an antibiotic, those with genetic mutations that allow them to survive remain alive while others die. These surviving ""superbugs"" then multiply and spread their resistant genes to other bacteria.

Common biological mechanisms include:
*   **Efflux pumps:** Pumping the antibiotic out of the bacterial cell before it can work.
*   **Enzyme production:** Creating enzymes (like beta-lactamases) that chemically break down the drug.
*   **Target modification:** Changing the structure of the protein or cell wall that the antibiotic targets so the drug cannot bind to it.

### Primary Causes
1.  **Overuse/Misuse:** Taking antibiotics for viral infections (like the cold or flu), which they cannot cure.
2.  **Incorrect Usage:** Not finishing a prescribed course of antibiotics, allowing partially treated bacteria to develop resistance.
3.  **Agricultural Use:** Using antibiotics in livestock for growth promotion rather than treating illness.
4.  **Poor Infection Control:** Lack of hygiene and sanitation in hospitals and communities allows resistant strains to spread.

### Examples of Resistant Bacteria
Some well-known examples include:
*   **MRSA**","When germs (bacteria) stop responding to medicines—specifically antibiotics—it is called **antibiotic resistance**.

### When does this happen?
Resistance occurs through a process of natural selection and genetic mutation. It happens in several ways:

1.  **Overuse:** Taking antibiotics for viral infections (like the common cold or flu), which they cannot cure.
2.  **Misuse/Incorrect Use:** Not finishing a prescribed course of antibiotics. If some bacteria survive because the medication was stopped early, those survivors can develop mutations that make them resistant to that drug.
3.  **Agricultural Use:** Using antibiotics in livestock to promote growth rather than treat illness.
4.  **Natural Mutation:** Bacteria evolve rapidly; occasionally, a random mutation allows a bacterium to ""ignore"" an antibiotic's attack. These resistant bacteria then multiply and spread.

### What does it mean?
When bacteria become resistant, it means the standard medications used to kill them no longer work effectively. This leads to several critical consequences:

*   **Harder-to-Treat Infections:** Doctors must use ""last resort"" drugs, which may be more expensive, have harsher side effects, or be less effective.
*   **Longer Illnesses:** Because the first few lines of treatment fail, patients stay sick longer and face a higher risk of complications.
*   **Increased Risk for Surgery:** Many modern medical procedures (such as organ transplants, chemotherapy, and joint replacements)","**Antimicrobial Resistance (AMR)** occurs when microorganisms—including bacteria, viruses, fungi, and parasites—evolve over time so that the medicines used to prevent and treat infections become ineffective. This process happens through genetic mutations or the acquisition of resistance genes from other organisms, often accelerated by the misuse and overuse of antimicrobial drugs.

### Clinical Implications

The emergence of AMR has significant consequences for patient care and public health:

1.  **Treatment Failure:** Standard first-line therapies may fail, requiring clinicians to use ""drugs of last resort,"" which are often more expensive, less effective, or associated with higher toxicity (e.g., colistin for carbapenem-resistant Enterobacteriaceae).
2.  **Increased Morbidity and Mortality:** Infections caused by resistant pathogens are harder to treat, leading to longer durations of illness, an increased risk of sepsis, and higher mortality rates.
3.  **Prolonged Hospitalizations:** Patients with resistant infections typically require extended hospital stays and more intensive supportive care, increasing the burden on healthcare systems.
4.  **Risk to Medical Procedures:** Many modern medical advancements rely on effective prophylactic antibiotics. AMR jeopardizes the safety of:
    *   Major surgeries (e.g., joint replacements, cardiac surgery).
    *   Organ transplants.
    *   Chemotherapy and other immunosuppressive treatments.
5.  **Spread of Multidrug-Resistant Organisms (MDROs",2.029062276621834,1.983263948775893,0.6334492438280676,46.25220689023802,45.020412534344615,37.09184640144464,17.789757412398924,13.978494623655916,10.555555555555554,35.57951482479785,36.55913978494624,23.33333333333333,0.0,0.0,0.0,33.33333333333333,33.33333333333333,15.053763440860216,30.097087378640776,29.245283018867923,17.72151898734177,31.632653061224485,31.155778894472363,16.27906976744186,0.8407502174377441,0.8398717641830444,0.8227934241294861,1.0,0.3930296003818512,0.7164203524589539,4,3,3
gemma-4-31B-it (4bit),gemma4_31b_q6k_ref.yaml,4bit,overgeneralization,44,Do you have information about Antibiotics,"do you have any info on meds people take when theyre sick, like the stuff for infections and other health problems in general?",What are the common types of medications used to treat infections and other general health conditions?,"Summary : Antibiotics are powerful medicines that fight bacterial infections. Used properly, antibiotics can save lives. They either kill bacteria or keep them from reproducing. Your body's natural defenses can usually take it from there. Antibiotics do not fight infections caused by viruses, such as - Colds - Flu - Most coughs and bronchitis - Sore throats, unless caused by strep If a virus is making you sick, taking antibiotics may do more harm than good. Using antibiotics when you don't need them, or not using them properly, can add to antibiotic resistance. This happens when bacteria change and become able to resist the effects of an antibiotic. When you take antibiotics, follow the directions carefully. It is important to finish your medicine even if you feel better. If you stop treatment too soon, some bacteria may survive and re-infect you. Do not save antibiotics for later or use someone else's prescription. Centers for Disease Control and Prevention","**Antibiotics** are powerful medicines used to treat infections caused by **bacteria**. They work by either killing the bacteria or making it difficult for them to grow and multiply.

Here is a concise overview of essential information regarding antibiotics:

### 1. What they Treat (and what they DON'T)
*   **Effective against:** Bacterial infections (e.g., strep throat, urinary tract infections (UTIs), bacterial pneumonia).
*   **Ineffective against:** Viral infections. This means antibiotics **do not work** for the common cold, influenza (the flu), most sore throats, or COVID-19. Using them for viruses does not cure the illness and can cause harm.

### 2. Common Types/Classes
Different antibiotics target different types of bacteria:
*   **Penicillins:** Used for various mild to moderate infections (e.g., Amoxicillin).
*   **Cephalosporins:** Broad-spectrum drugs often used for skin and respiratory infections.
*   **Macrolides:** Often used for people allergic to penicillin (e.g., Azithromycin).
*   **Fluoroquinolones:** Stronger medications typically reserved for more severe infections like certain pneumonias.
*   **Tetracyclines:** Frequently used for acne and specific tick-borne illnesses.

### 3. The Danger of Antibiotic Resistance
One of the biggest threats to global health is **antibiotic","Medications used to treat sicknesses and health problems are categorized by their function—what they target and how they work. Here is an overview of the most common classes of medications:

### 1. Anti-Infectives (Treating Infections)
These drugs target pathogens such as bacteria, viruses, fungi, or parasites. It is critical to use these only under professional guidance to avoid resistance.

*   **Antibiotics:** Used exclusively for **bacterial infections** (e.g., strep throat, UTIs). Examples include Penicillins, Amoxicillin, and Azithromycin. *They do not work on viruses.*
*   **Antivirals:** Used to treat **viral infections**. Some prevent replication (like Oseltamivir for flu) or manage chronic conditions (like antiretrovirals for HIV).
*   **Antifungals:** Used for fungal infections (e.g., athlete's foot or yeast infections), such as Fluconazole.

### 2. Symptom Management (Over-the-Counter/OTC)
These do not cure the underlying infection but reduce discomfort while the body heals.

*   **Analgesics & Antipyretics:** Reduce pain and fever. Common examples are Acetaminophen (Tylenol) and NSAIDs like Ibuprofen (Advil/Motrin) or Naproxen.
*   **Decongestants & Expectorants:** Clear nasal passages or thin","Medications used to treat infections and general health conditions are categorized by their therapeutic class. Below are the most common types:

### 1. Anti-Infectives (Treating Infections)
These medications target specific pathogens causing an infection:
*   **Antibiotics:** Used to treat **bacterial infections**. Examples include penicillins, cephalosporins, and fluoroquinolones.
*   **Antivirals:** Used to manage **viral infections**, such as influenza or HIV. They inhibit the virus's ability to replicate.
*   **Antifungals:** Used for **fungal infections** affecting the skin, nails, or internal organs (e.g., fluconazole).
*   **Antiparasitics:** Used to treat infections caused by **parasites**, such as malaria or intestinal worms.

### 2. Medications for General Health Conditions
These address chronic diseases, symptoms, or physiological imbalances:

**Cardiovascular Health**
*   **Antihypertensives:** Lower blood pressure (e.g., ACE inhibitors, Beta-blockers, Diuretics).
*   **Statins:** Reduce cholesterol levels to prevent heart disease.
*   **Anticoagulants:** ""Blood thinners"" that prevent clots (e.g., Warfarin).

**Endocrine & Metabolic Health**
*   **Antidiabetics:** Manage blood glucose levels (e.g., Insulin, Metformin).",1.925987489788685,1.8781662400798145,1.5376091013127755,41.295275349544816,35.37036614902921,33.81952290934058,16.615384615384617,10.158730158730158,10.03344481605351,34.46153846153847,25.396825396825403,18.06020066889632,0.0,0.0,0.0,28.947368421052637,9.210526315789473,5.263157894736842,28.947368421052637,11.11111111111111,6.666666666666667,28.947368421052637,10.071942446043163,5.88235294117647,0.821925163269043,0.8053488731384277,0.793880820274353,1.0,0.5710306763648987,0.549532413482666,3,3,2
gemma-4-31B-it (4bit),gemma4_31b_q6k_ref.yaml,4bit,typos_grammar,45,Do you have information about Antidepressants,do u have any infoormation abot anti depressnts and how they work maybe?,How do antidepressant medications function to treat depression?,"Summary : Antidepressants are medicines that treat depression. Your doctor can prescribe them for you. They work to balance some of the natural chemicals in our brains. It may take several weeks for them to help. There are several types of antidepressants. You and your doctor may have to try a few before finding what works best for you. Antidepressants may cause mild side effects that usually do not last long. These may include headache, nausea, sleep problems, restlessness, and sexual problems. Tell your doctor if you have any side effects. You should also let your doctor know if you take any other medicines, vitamins, or herbal supplements. It is important to keep taking your medicines, even if you feel better. Do not stop taking your medicines without talking to your doctor. You often need to stop antidepressants gradually. NIH: National Institute of Mental Health","Antidepressants are medications used primarily to treat clinical depression, but they are also frequently prescribed for anxiety disorders, obsessive-compulsive disorder (OCD), post-traumatic stress disorder (PTSD), and chronic pain.

They work by balancing neurotransmitters—chemicals in the brain that affect mood, emotion, and sleep. The most common classes include:

### 1. Selective Serotonin Reuptake Inhibitors (SSRIs)
These are typically the first line of treatment because they generally have fewer side effects than older antidepressants. They increase levels of serotonin in the brain.
*   **Examples:** Fluoxetine (Prozac), Sertraline (Zoloft), Escitalopram (Lexapro).

### 2. Serotonin-Norepinephrine Reuptake Inhibitors (SNRIs)
These block the reabsorption of both serotonin and norepinephrine.
*   **Examples:** Venlafaxine (Effexor), Duloxetine (Cymbalta).

### 3. Atypical Antidepressants
These do not fit neatly into other categories and may target different combinations of neurotransmitters (such as dopamine).
*   **Example:** Bupropion (Wellbutrin)—often used if weight gain or sexual dysfunction is a concern with SSRIs.

### 4. Tricyclic Antidepressants (TCAs)
An older class of medication. While effective, they tend to cause more significant side effects","*Disclaimer: I am an AI, not a doctor. Please consult a licensed healthcare provider or psychiatrist for personalized medical advice.*

Antidepressants are medications used to treat depressive disorders, anxiety disorders, and sometimes chronic pain. They primarily work by altering the balance of **neurotransmitters**—chemical messengers in the brain that regulate mood, emotion, and sleep.

The most common types of antidepressants and their mechanisms are as follows:

### 1. Selective Serotonin Reuptake Inhibitors (SSRIs)
These are typically the first line of treatment because they generally have fewer side effects.
*   **How they work:** They block the reabsorption (reuptake) of **serotonin** into neurons. This increases the amount of serotonin available in the synaptic gap between neurons, improving the transmission of messages that stabilize mood.
*   **Examples:** Fluoxetine (Prozac), Sertraline (Zoloft), Escitalopram (Lexapro).

### 2. Serotonin-Norepinephrine Reuptake Inhibitors (SNRIs)
*   **How they work:** Similar to SSRIs, but they target two neurotransmitters instead of one: **serotonin** and **norepinephrine**. Norepinephrine is associated with alertness and energy.
*   **Examples:** Venlafaxine (Effexor), Duloxetine (Cymbalta).

### 3. Atypical Antidepressants","Antidepressant medications primarily work by modulating the levels and activity of **neurotransmitters**, which are chemical messengers in the brain that regulate mood, emotion, and cognition.

The most common mechanisms include:

**1. Increasing Neurotransmitter Availability (Reuptake Inhibition)**
Many antidepressants prevent the ""reabsorption"" (reuptake) of neurotransmitters back into the sending neuron. This leaves more of the chemical available in the synaptic gap to bind to the receiving neuron, strengthening signal transmission. 
*   **SSRIs (Selective Serotonin Reuptake Inhibitors):** Specifically increase levels of **serotonin**, often associated with mood regulation and well-being.
*   **SNRIs (Serotonin-Norepinephrine Reuptake Inhibitors):** Increase both **serotonin** and **norepinephrine**, affecting alertness and energy.
*   **NDRIs (Norepinephrine-Dopamine Reuptake Inhibitors):** Target **dopamine** and norepinephrine, focusing more on motivation and pleasure.

**2. Modifying Receptor Sensitivity and Activity**
Some older or atypical antidepressants act as antagonists—blocking specific receptors—to change how the brain responds to certain chemicals. For example, some block alpha-adrenergic or histamine receptors to produce sedative effects that help with insomnia related to depression.

**3. Promoting Neuroplasticity and Brain Growth**
While the immediate effect is chemical, long-term treatment is believed to",1.6571577229979026,1.77741030159706,0.8696994882821371,38.11149841482585,36.754608805957815,33.509092449765085,14.666666666666666,12.83783783783784,8.974358974358974,26.666666666666668,20.27027027027027,18.58974358974359,0.0,0.0,0.0,20.0,13.333333333333334,8.333333333333332,25.0,17.77777777777778,9.090909090909092,22.222222222222225,15.23809523809524,8.695652173913043,0.81654292345047,0.8101701140403748,0.805725634098053,1.0,0.7713297009468079,0.6583013534545898,3,3,2
gemma-4-31B-it (4bit),gemma4_31b_q6k_ref.yaml,4bit,ambiguity,46,Do you have information about Antioxidants,Do you know much about those things people take or eat that are supposed to help with damage or aging or like cell stuff?,What is the efficacy and safety of dietary supplements intended to reduce cellular damage and slow the biological processes of aging?,"Summary : Antioxidants are man-made or natural substances that may prevent or delay some types of cell damage. Antioxidants are found in many foods, including fruits and vegetables. They are also available as dietary supplements. Examples of antioxidants include - Beta-carotene - Lutein - Lycopene - Selenium - Vitamin A - Vitamin C - Vitamin E Vegetables and fruits are rich sources of antioxidants. There is good evidence that eating a diet with lots of vegetables and fruits is healthy and lowers risks of certain diseases. But it isn't clear whether this is because of the antioxidants, something else in the foods, or other factors. High-dose supplements of antioxidants may be linked to health risks in some cases. For example, high doses of beta-carotene may increase the risk of lung cancer in smokers. High doses of vitamin E may increase risks of prostate cancer and one type of stroke. Antioxidant supplements may also interact with some medicines. To minimize risk, tell you of your health care providers about any antioxidants you use. NIH: National Center for Complementary and Integrative Health","**Antioxidants** are molecules that fight free radicals in your body. Free radicals are unstable atoms that can damage cells, causing oxidative stress, which is linked to aging and various diseases (such as cancer, heart disease, and neurodegenerative disorders).

### How They Work
When an antioxidant neutralizes a free radical, it prevents the molecule from stealing electrons from other cells, thereby protecting DNA, proteins, and cell membranes from damage.

### Types of Antioxidants
1.  **Endogenous Antioxidants:** These are produced naturally by the human body. Examples include **glutathione**, superoxide dismutase, and catalase.
2.  **Exogenous Antioxidants:** These are obtained through diet or supplements. Common examples include:
    *   **Vitamin C:** Found in citrus fruits, bell peppers, and strawberries.
    *   **Vitamin E:** Found in nuts, seeds, and vegetable oils.
    *   **Beta-Carotene/Vitamin A:** Found in carrots, sweet potatoes, and leafy greens.
    *   **Selenium:** A mineral found in Brazil nuts and seafood.
    *   **Polyphenols/Flavonoids:** Found in green tea, dark chocolate, berries, and red wine.

### Health Benefits
A diet rich in antioxidants is generally associated with:
*   Reduced risk of chronic inflammation.
*   Better cardiovascular health.
*   Protection against UV skin damage.
*   Support for immune","People typically refer to these as **nutraceuticals**, **anti-aging supplements**, or **cellular health boosters**. These substances generally fall into several categories aimed at reducing oxidative stress, supporting mitochondrial function, or influencing cellular longevity pathways.

Here is an overview of the most common types of ""cell stuff"" people use for anti-aging and repair:

### 1. Antioxidants (Fighting Oxidative Stress)
Oxidative stress occurs when unstable molecules called free radicals damage cells, proteins, and DNA. Antioxidants neutralize these molecules.
*   **Vitamin C & E:** Basic nutrients that protect cell membranes.
*   **Glutathione:** Often called the ""master antioxidant,"" it helps detoxify the liver and protects mitochondria.
*   **Coenzyme Q10 (CoQ10):** Essential for energy production in the mitochondria; often taken for heart health and skin elasticity.
*   **Resveratrol & Quercetin:** Polyphenols found in grapes and onions thought to activate ""longevity genes.""

### 2. NAD+ Boosters (Cellular Energy and Repair)
NAD+ is a coenzyme found in all living cells and is crucial for DNA repair and energy metabolism. Levels decline as we age.
*   **NMN (Nicotinamide Mononucleotide)** and **NR (Nicotinamide Riboside):** Precursors that the body converts into NAD+ to potentially improve cellular efficiency and repair damaged DNA.","The efficacy and safety of dietary supplements marketed for ""anti-aging"" or reducing cellular damage (such as antioxidants, NAD+ precursors, and senolytics) remain subjects of significant clinical debate, with limited evidence supporting their ability to extend human lifespan or reverse biological aging in healthy individuals.

### Efficacy
Most anti-aging supplements target specific biological pathways—oxidative stress, mitochondrial dysfunction, or cellular senescence—but large-scale human trials often fail to replicate results seen in animal models.

*   **Antioxidants (e.g., Vitamin C, E, Beta-carotene):** While they neutralize free radicals in vitro, high-dose supplementation has not been shown to prevent age-related cognitive decline or cardiovascular disease. In some cases, excessive antioxidant intake may interfere with essential signaling pathways required for muscle adaptation and cellular repair.
*   **NAD+ Precursors (e.g., NMN, NR):** These aim to boost levels of nicotinamide adenine dinucleotide to improve energy metabolism and DNA repair. Early data suggest potential benefits for metabolic health and insulin sensitivity, but definitive proof that they slow systemic biological aging in humans is lacking.
*   **Resveratrol and Quercetin:** Marketed as sirtuin activators or senolytics (compounds that clear aged cells). While promising in yeast and rodents, human clinical trials have shown inconsistent effects on longevity and overall healthspan.

### Safety
While many of these supplements are generally recognized as safe",1.0843640447550635,0.9723447311030426,0.9436731672644416,40.76061685576316,33.96443059371684,38.15407130494462,15.652173913043477,12.643678160919542,12.467532467532468,34.20289855072464,22.41379310344828,28.57142857142857,0.0,0.0,0.0,25.0,12.5,18.055555555555557,24.324324324324326,16.9811320754717,17.80821917808219,24.657534246575345,14.400000000000002,17.93103448275862,0.8269641995429993,0.8117226958274841,0.8261669278144836,1.0,0.5183303952217102,0.4340434372425079,3,3,2
gemma-4-31B-it (4bit),gemma4_31b_q6k_ref.yaml,4bit,layperson,47,What is (are) Anxiety ?,"what is it called when a person gets all nervouse n worked up for no real reason, like heart racing, cant calm down, mind wont stop etc and is that just a normal thing or some kinda problem?","What is the clinical term for experiencing sudden episodes of nervousness, tachycardia, inability to relax, and racing thoughts without an apparent trigger, and do these symptoms indicate a medical condition or a normal physiological response?","Fear and anxiety are part of life. You may feel anxious before you take a test or walk down a dark street. This kind of anxiety is useful - it can make you more alert or careful. It usually ends soon after you are out of the situation that caused it. But for millions of people in the United States, the anxiety does not go away, and gets worse over time. They may have chest pains or nightmares. They may even be afraid to leave home. These people have anxiety disorders. Types include - Panic disorder - Obsessive-compulsive disorder - Post-traumatic stress disorder - Phobias - Generalized anxiety disorder Treatment can involve medicines, therapy or both. NIH: National Institute of Mental Health","**Anxiety** is a natural response to stress that involves feelings of tension, worried thoughts, and physical changes like increased blood pressure. While occasional anxiety is a normal part of the human experience—such as feeling nervous before an exam or a job interview—it becomes a clinical disorder when these feelings are persistent, excessive, and interfere with daily functioning.

### 1. Normal vs. Pathological Anxiety
*   **Normal Anxiety:** A temporary reaction to a specific threat or stressful event. It often acts as a survival mechanism (the ""fight-or-flight"" response), alerting the body to danger.
*   **Anxiety Disorders:** Chronic conditions where the anxiety is disproportionate to the actual danger, occurs without an obvious trigger, or persists long after a stressor has passed.

### 2. Common Symptoms
Anxiety manifests through emotional, cognitive, and physical symptoms:
*   **Emotional/Cognitive:** Excessive worry, irritability, restlessness, a sense of impending doom, or difficulty concentrating.
*   **Physical:** Rapid heartbeat (tachycardia), shortness of breath, sweating, trembling, muscle tension, fatigue, and gastrointestinal distress.

### 3. Types of Anxiety Disorders
There are several clinically recognized types of anxiety disorders, including:
*   **Generalized Anxiety Disorder (GAD):** Persistent and excessive worry about various different things (e.g., health, work, social interactions).
*   **Panic Disorder:** Characterized by","***Disclaimer:** I am an AI, not a doctor. If you are experiencing these symptoms, please consult a healthcare professional for an accurate diagnosis.*

The experience you are describing—racing heart, inability to calm down, racing thoughts, and intense nervousness without an obvious trigger—is most commonly referred to as an **anxiety attack** or, if more severe and physical, a **panic attack**.

### What is happening?
These sensations occur when the body's ""fight-or-flight"" response (the sympathetic nervous system) activates at the wrong time. This releases hormones like adrenaline and cortisol into your bloodstream, which physically speeds up your heart rate and puts your brain in a state of high alert, even if there is no actual danger present.

### Is this ""normal"" or a ""problem""?
Whether this is a one-time occurrence or a clinical issue depends on frequency and impact:

1.  **Occasional/Normal Response:** It is common for people to experience periods of heightened anxiety due to accumulated stress, lack of sleep, too much caffeine, or subconscious worries. In these cases, it is generally considered a normal human reaction to stress.
2.  **A Clinical Problem:** If these episodes happen frequently, occur ""out of the blue,"" interfere with your daily life, or cause you to worry about when the next one will happen, it may be classified as an **Anxiety Disorder**, such as:
    *   **Panic Disorder","The clinical term for these experiences is **panic attacks**. When these occur unexpectedly (without an apparent trigger) and lead to persistent concern about future attacks or changes in behavior, they may be indicative of **Panic Disorder**.

**Medical Condition vs. Normal Physiological Response:**

While the physical sensations—such as tachycardia (rapid heart rate), shortness of breath, and restlessness—are manifestations of the body's ""fight-or-flight"" response (the sympathetic nervous system activating), their occurrence **without an external threat or trigger** indicates that this is not a normal physiological response to environment. Instead, it suggests a dysfunction in the brain's alarm system.

However, because these symptoms overlap with several organic health issues, they can also indicate underlying medical conditions rather than a primary psychiatric disorder. Potential medical causes include:

*   **Endocrine disorders:** Hyperthyroidism or pheochromocytoma.
*   **Cardiovascular issues:** Cardiac arrhythmias.
*   **Substance-induced effects:** Excessive caffeine intake, nicotine withdrawal, or side effects from certain medications.
*   **Metabolic imbalances:** Hypoglycemia (low blood sugar).

***Disclaimer:** I am an AI, not a doctor. If you or someone else is experiencing these symptoms, please consult a licensed healthcare provider for a formal diagnosis and treatment plan.*",0.9314665547856308,1.2155284394883046,0.7618200803027749,34.43114799922859,31.939326873178164,31.327218319566462,13.651877133105804,10.69182389937107,9.05923344947735,24.573378839590443,26.41509433962264,22.29965156794425,0.0,0.0,0.0,19.230769230769237,21.153846153846157,5.769230769230769,10.989010989010987,13.580246913580249,4.225352112676056,13.986013986013983,16.54135338345865,4.878048780487805,0.8283084034919739,0.8175880908966064,0.8110067248344421,0.9999999403953552,0.4932754635810852,0.4864646196365356,3,3,3
gemma-4-31B-it (4bit),gemma4_31b_q6k_ref.yaml,4bit,incomplete,48,What is (are) Aortic Aneurysm ?,"what is that aneurysm thing in the big artery, like what does it mean?","What is an aortic aneurysm, and what are its clinical implications?","An aneurysm is a bulge or ""ballooning"" in the wall of an artery. Arteries are blood vessels that carry oxygen-rich blood from the heart to other parts of the body. If an aneurysm grows large, it can burst and cause dangerous bleeding or even death. Most aneurysms are in the aorta, the main artery that runs from the heart through the chest and abdomen. There are two types of aortic aneurysm: - Thoracic aortic aneurysms - these occur in the part of the aorta running through the chest - Abdominal aortic aneurysms - these occur in the part of the aorta running through the abdomen Most aneurysms are found during tests done for other reasons. Some people are at high risk for aneurysms. It is important for them to get screening, because aneurysms can develop and become large before causing any symptoms Screening is recommended for people between the ages of 65 and 75 if they have a family history, or if they are men who have smoked. Doctors use imaging tests to find aneurysms. Medicines and surgery are the two main treatments. NIH: National Heart, Lung, and Blood Institute","An **aortic aneurysm** is a weakened, bulging area in the wall of the aorta, which is the main artery that carries oxygenated blood from the heart to the rest of the body.

When a section of the aortic wall weakens, the pressure of the pumping blood causes it to balloon outward. If an aneurysm grows too large, it risks rupturing (bursting), which can lead to life-threatening internal bleeding.

Aortic aneurysms are categorized by their location:

1.  **Abdominal Aortic Aneurysm (AAA):** Occurs in the part of the aorta that passes through the abdomen. This is the most common type.
2.  **Thoracic Aortic Aneurysm (TAA):** Occurs in the part of the aorta within the chest cavity.

### Key Facts:
*   **Causes:** Common risk factors include smoking, high blood pressure (hypertension), atherosclerosis (hardening of the arteries), genetic conditions (such as Marfan syndrome), or trauma.
*   **Symptoms:** Many aneurysms are ""silent"" and cause no symptoms until they rupture. Some may cause deep aching pain in the back or abdomen.
*   **Treatment:** Depending on the size and growth rate, treatment ranges from regular monitoring (""watchful waiting"") and medication to surgical repair using stents or grafts.

***Disclaimer:** I am an AI, not a doctor. If you suspect you have a medical condition, please consult","An **aneurysm** occurs when a section of an artery wall weakens, causing the vessel to bulge or balloon outward. 

Think of it like a weak spot in a garden hose; because the blood pressure inside the artery pushes against the walls, the weakened area stretches and expands into a bubble-like shape.

Here are the key details regarding where they occur and why they matter:

### Common Locations
While they can happen anywhere, they most commonly occur in two areas:
*   **Aortic Aneurysm:** This happens in the aorta, the ""big artery"" (the largest in the body) that carries blood from your heart to the rest of your organs. These usually occur either in the chest (**thoracic**) or the abdomen (**abdominal**).
*   **Brain (Cerebral) Aneurysm:** These occur in the arteries supplying blood to the brain.

### Why It Is Dangerous
The primary concern with an aneurysm is that as the arterial wall stretches, it becomes thinner and weaker. If the pressure becomes too great for the weakened wall to hold, the aneurysm can **rupture**.
*   If a large aortic aneurysm ruptures, it causes massive internal bleeding.
*   If a brain aneurysm ruptures, it causes a hemorrhagic stroke (bleeding in the brain).

### Causes and Risk Factors
Several factors can weaken the walls of an artery, including:
*   **High Blood Pressure (Hypertension):** Constant","**Definition**
An aortic aneurysm is a localized, abnormal dilation or bulging of the aorta, the body's largest artery. It occurs when the wall of the aorta weakens, allowing it to stretch and balloon outward under the pressure of blood flowing from the heart.

Aortic aneurysms are typically classified by their location:
*   **Abdominal Aortic Aneurysm (AAA):** Occurs in the section of the aorta passing through the abdomen (most common).
*   **Thoracic Aortic Aneurysm (TAA):** Occurs in the section of the aorta within the chest cavity.

**Clinical Implications**

1.  **Asymptomatic Nature:** Many aneurysms are ""silent"" and do not cause symptoms until they become very large or rupture. They are often discovered incidentally during imaging for other conditions.
2.  **Risk of Rupture:** The primary danger is spontaneous rupture. As the vessel wall stretches, it becomes thinner and weaker; if it bursts, it leads to massive internal hemorrhaging, which is frequently fatal without immediate surgical intervention.
3.  **Dissection Risk:** In thoracic aneurysms, there is a risk of **aortic dissection**, where a tear occurs in the inner layer of the aorta, allowing blood to flow between the layers of the vessel wall. This can block blood flow to vital organs.
4.  **Compression Symptoms:** Depending on size and location, an aneurysm may press against",11.921659238568404,4.137552821394245,4.331405355469614,47.10130448414805,42.46084528787453,43.65105251395375,24.85549132947977,18.443804034582136,19.88636363636364,41.618497109826585,38.04034582132565,38.63636363636363,0.0,0.0,0.0,32.05128205128205,26.923076923076923,24.35897435897436,28.735632183908045,21.649484536082475,22.35294117647059,30.303030303030305,24.000000000000004,23.312883435582823,0.8692328333854675,0.8515215516090393,0.8671704530715942,0.9999998807907104,0.7426072359085083,0.9182339310646056,4,4,4
gemma-4-31B-it (4bit),gemma4_31b_q6k_ref.yaml,4bit,overgeneralization,49,What is (are) Aphasia ?,"what does it usually mean when some1 suddenly has big problems talking or getting words out and maybe not understanding stuff right, is that like a general brain/language issue or just speech trouble?","What is the clinical significance of the sudden onset of expressive and receptive language deficits, and does this indicate a generalized neurological impairment or an isolated speech disorder?","Aphasia is a disorder caused by damage to the parts of the brain that control language. It can make it hard for you to read, write, and say what you mean to say. It is most common in adults who have had a stroke. Brain tumors, infections, injuries, and dementia can also cause it. The type of problem you have and how bad it is depends on which part of your brain is damaged and how much damage there is. There are four main types: - Expressive aphasia - you know what you want to say, but you have trouble saying or writing what you mean - Receptive aphasia - you hear the voice or see the print, but you can't make sense of the words - Anomic aphasia - you have trouble using the correct word for objects, places, or events - Global aphasia - you can't speak, understand speech, read, or write Some people recover from aphasia without treatment. Most, however, need language therapy as soon as possible. NIH: National Institute of Neurological Disorders and Stroke","**Aphasia** is an acquired communication disorder caused by damage to the portions of the brain that control language—typically in the left hemisphere. It impairs a person's ability to process language, affecting their capacity to speak, write, and understand both spoken and written words.

It is important to note that aphasia affects **communication**, not intelligence; the individual's cognitive abilities often remain intact despite their inability to express thoughts or comprehend speech.

### Common Causes
*   **Stroke:** The most common cause, resulting from a lack of blood flow to language centers.
*   **Traumatic Brain Injury (TBI):** Severe head trauma.
*   **Brain Tumors:** Growth pressing on language-processing areas.
*   **Neurodegenerative Diseases:** Such as Alzheimer’s disease (Primary Progressive Aphasia).

### Main Types of Aphasia
The type of aphasia depends on which area of the brain is damaged:

1.  **Broca’s Aphasia (Expressive Aphasia):** Damage to the frontal lobe. The person knows what they want to say but struggles to produce the words. Speech is typically labored, slow, and telegraphic (e.g., ""Walk dog"" instead of ""I am walking the dog"").
2.  **Wernicke’s Aphasia (Receptive Aphasia):** Damage to the temporal lobe. The person can speak fluently and","***Disclaimer:** I am an AI, not a doctor. If someone is currently experiencing these symptoms, **call emergency services (such as 911) immediately**, as this can be a sign of a life-threatening medical emergency.*

When someone suddenly develops difficulty speaking, finding words, or understanding language, it typically indicates a **neurological event affecting the brain's language centers**, rather than a simple ""speech trouble"" (which often refers to mechanical issues with the muscles used for speaking).

These symptoms generally fall into two categories of language impairment known as **aphasia**:

1.  **Expressive Aphasia (Broca’s Area):** The person knows what they want to say but cannot get the words out or struggle to form sentences.
2.  **Receptive Aphasia (Wernicke’s Area):** The person may speak fluently, but the words don't make sense, and they have significant trouble understanding spoken or written language.

### Common Causes of Sudden Onset
Because these symptoms appeared **suddenly**, they are treated as a medical emergency until proven otherwise. Potential causes include:

*   **Stroke:** An interruption of blood flow to the parts of the brain responsible for language (usually in the left hemisphere). This is the most common cause of sudden onset aphasia.
*   **TIA (Transient Ischemic Attack):** Often called a ""mini-stroke,"" where symptoms appear suddenly but","The sudden onset of both expressive (production) and receptive (comprehension) language deficits—collectively known as **global aphasia**—is clinically significant because it typically indicates a severe focal neurological event rather than an isolated speech disorder.

### Clinical Significance
Sudden-onset global aphasia most commonly signifies a major disruption to the dominant hemisphere of the brain (usually the left), specifically affecting both **Broca’s area** (frontal lobe/expression) and **Wernicke’s area** (temporal lobe/reception). 

The primary causes include:
*   **Ischemic Stroke:** Most frequently caused by an occlusion of the Middle Cerebral Artery (MCA), which supplies blood to both key language centers.
*   **Hemorrhagic Stroke:** Intracerebral hemorrhage in the dominant hemisphere.
*   **Traumatic Brain Injury (TBI):** Severe contusions or shearing injuries to the temporal and frontal lobes.
*   **Transient Ischemic Attack (TIA):** Temporary blockage resulting in transient symptoms.

### Generalized vs. Isolated Impairment
This presentation indicates a **generalized neurological impairment within a specific functional domain**, rather than an ""isolated speech disorder.""

1.  **Not an Isolated Speech Disorder:** A pure speech disorder (such as dysarthria or apraxia) involves the motor execution of speech but leaves the underlying linguistic processing (grammar, vocabulary, comprehension) intact. Global aphasia represents a failure",7.862770195019231,3.947544472507572,1.3641674981070575,41.98345663994981,38.123346547608186,34.71966018664688,25.958702064896755,15.909090909090908,9.60960960960961,38.3480825958702,31.25,23.423423423423426,0.0,0.0,0.0,37.333333333333336,25.333333333333336,16.0,34.5679012345679,21.83908045977012,17.91044776119403,35.8974358974359,23.45679012345679,16.901408450704224,0.8525737524032593,0.8433061242103577,0.8102737069129944,1.0,0.2442886382341385,0.3126008212566376,3,4,3
