model,config,quantization,noise_type,question_id,question_clean,question_noisy,question_repaired,reference_answer,answer_clean,answer_noisy,answer_repaired,bleu_clean,bleu_noisy,bleu_repaired,chrf_clean,chrf_noisy,chrf_repaired,rouge_l_clean,rouge_l_noisy,rouge_l_repaired,token_f1_clean,token_f1_noisy,token_f1_repaired,exact_match_clean,exact_match_noisy,exact_match_repaired,med_coverage_clean,med_coverage_noisy,med_coverage_repaired,med_precision_clean,med_precision_noisy,med_precision_repaired,med_f1_clean,med_f1_noisy,med_f1_repaired,bertscore_clean,bertscore_noisy,bertscore_repaired,intent_preservation_clean,intent_preservation_noisy,intent_preservation_repaired,geval_clean,geval_noisy,geval_repaired
gemma-4-31B-it (4bit),gemma4_31b_q6k_ref.yaml,4bit,typos_grammar,0,Do you have information about A1C,"do you got any info rmation abotu A1C , like what it is an how it works?","What is A1C, and how does it work?","Summary : A1C is a blood test for type 2 diabetes and prediabetes. It measures your average blood glucose, or blood sugar, level over the past 3 months. Doctors may use the A1C alone or in combination with other diabetes tests to make a diagnosis. They also use the A1C to see how well you are managing your diabetes. This test is different from the blood sugar checks that people with diabetes do every day. Your A1C test result is given in percentages. The higher the percentage, the higher your blood sugar levels have been: - A normal A1C level is below 5.7 percent - Prediabetes is between 5.7 to 6.4 percent. Having prediabetes is a risk factor for getting type 2 diabetes. People with prediabetes may need retests every year. - Type 2 diabetes is above 6.5 percent - If you have diabetes, you should have the A1C test at least twice a year. The A1C goal for many people with diabetes is below 7. It may be different for you. Ask what your goal should be. If your A1C result is too high, you may need to change your diabetes care plan. NIH: National Institute of Diabetes and Digestive and Kidney Diseases","**Hemoglobin A1c (HbA1c)** is a blood test that measures your average blood sugar levels over the past two to three months. It is primarily used for screening, diagnosing, and monitoring diabetes.

### How it Works
Glucose in your bloodstream attaches to hemoglobin, the protein in red blood cells that carries oxygen. Because red blood cells live for approximately 3 months, measuring the percentage of ""glycated"" hemoglobin provides an average of your glucose levels over that period, rather than a snapshot of your current level (like a finger-stick glucose test).

### Understanding the Results
The results are reported as a percentage. While target ranges can vary by individual health needs, general guidelines are typically:

*   **Normal:** Below 5.7%
*   **Prediabetes:** 5.7% to 6.4%
*   **Diabetes:** 6.5% or higher

### Why it is Important
*   **Diagnosis:** It helps doctors identify prediabetes and type 2 diabetes without requiring the patient to fast before the test.
*   **Management:** For those with diabetes, tracking A1C helps determine if medications, diet, and exercise plans are working effectively.
*   **Risk Reduction:** Maintaining a target A1C range reduces the risk of long-term complications, such as kidney disease, nerve damage (neuropathy), and vision loss (retinopathy).

***Disclaimer:** I am an","**HbA1c**, commonly referred to as **A1C**, is a blood test that measures your average blood sugar levels over the past two to three months.

### What it is
Unlike a finger-stick glucose test, which shows your blood sugar at one specific moment (a ""snapshot""), the A1C provides a long-term average (a ""big picture""). It is primarily used to diagnose prediabetes and diabetes, and to monitor how well a diabetes treatment plan is working.

### How it works
The test relies on the biology of your red blood cells:
1. **Glycation:** Glucose (sugar) in your bloodstream naturally attaches itself to **hemoglobin**, the protein in red blood cells that carries oxygen. This process is called glycation.
2. **Permanent Record:** Once glucose sticks to hemoglobin, it stays there for the entire life of the red blood cell. 
3. **Lifespan:** Red blood cells typically live for about 120 days. By measuring the percentage of hemoglobin that has glucose attached to it, doctors can determine the average amount of sugar that has been present in your blood over the last few months.

### Understanding the Results
Results are reported as a percentage. While ranges can vary slightly by laboratory, general guidelines include:
*   **Normal:** Below 5.7%
*   **Prediabetes:** 5.7% to 6.4%
*   **","**A1C**, also known as hemoglobin A1c or glycated hemoglobin, is a blood test that measures your average blood sugar levels over the past two to three months. Unlike a finger-stick glucose test, which provides a ""snapshot"" of your current blood sugar, the A1C provides a long-term average.

### How It Works
The test relies on the biology of **hemoglobin**, the protein in red blood cells that carries oxygen throughout the body. 

1.  **Glycation:** When glucose (sugar) enters your bloodstream, some of it naturally attaches to the hemoglobin molecules in your red blood cells. This process is called glycation.
2.  **Cumulative Effect:** The more glucose present in your blood, the more hemoglobin becomes ""glycated."" Because this bond is permanent for the life of the cell, the amount of glycated hemoglobin serves as a record of recent blood sugar levels.
3.  **Lifespan of Red Blood Cells:** Red blood cells typically live for about 120 days. Therefore, measuring the percentage of glycated hemoglobin reflects the average glucose concentration circulating in your blood over the preceding 8 to 12 weeks.

### Interpretation of Results
Results are reported as a percentage. Generally, the guidelines are as follows:
*   **Normal:** Below 5.7%
*   **Prediabetes:** 5.7% to 6.4%
*   **",4.524684565691581,4.476230788014273,4.5580741724466405,40.10154110771793,38.38472043905426,36.03046434770506,23.180592991913745,19.098143236074268,18.428184281842817,38.81401617250674,36.07427055702918,31.97831978319783,0.0,0.0,0.0,26.666666666666668,22.666666666666664,16.0,22.988505747126435,20.73170731707317,17.142857142857142,24.69135802469136,21.656050955414013,16.551724137931036,0.8505961298942566,0.8455617427825928,0.8386415243148804,1.0,0.8034437298774719,0.872497022151947,4,4,4
gemma-4-31B-it (4bit),gemma4_31b_q6k_ref.yaml,4bit,ambiguity,1,What is (are) Abdominal Pain ?,"what does it mean if your stomach/belly area is hurting inside, like that kind of pain in the middle, or around there, is that just a regular stomach ache or something else?","What could pain felt inside the abdomen, especially in the middle or central belly area, indicate, and how can I tell whether it is just a typical stomachache or a sign of something else?","Your abdomen extends from below your chest to your groin. Some people call it the stomach, but your abdomen contains many other important organs. Pain in the abdomen can come from any one of them. The pain may start somewhere else, such as your chest. Severe pain doesn't always mean a serious problem. Nor does mild pain mean a problem is not serious. Call your healthcare provider if mild pain lasts a week or more or if you have pain with other symptoms. Get medical help immediately if - You have abdominal pain that is sudden and sharp - You also have pain in your chest, neck or shoulder - You're vomiting blood or have blood in your stool - Your abdomen is stiff, hard and tender to touch - You can't move your bowels, especially if you're also vomiting","**Abdominal pain** is a broad clinical term describing discomfort or pain occurring anywhere between the chest (diaphragm) and the groin (inguinal ligament). Because this region contains numerous organs, abdominal pain can stem from various causes ranging from mild to life-threatening.

### Classification by Location
Medical professionals often categorize abdominal pain by its location to help diagnose the cause:
*   **Upper Right:** Gallbladder (gallstones), liver issues.
*   **Upper Left:** Spleen, stomach (gastritis/ulcers), pancreas.
*   **Lower Right:** Appendix (appendicitis), cecum, right ovary/fallopian tube.
*   **Lower Left:** Diverticulitis, left ovary/fallopian tube.
*   **Central/Periumbilical:** Small intestine, early appendicitis, aortic aneurysm.
*   **Epigastric (Top Center):** Stomach, esophagus, heart (referred pain from myocardial infarction).

### Types of Pain
1.  **Visceral Pain:** Dull, aching, or cramping pain caused by stretching or irritation of internal organs; it is often poorly localized.
2.  **Somatic (Parietal) Pain:** Sharp, severe pain caused by inflammation of the peritoneum (the lining of the abdominal cavity); it is usually well-localized.
3.  **Referred Pain:** Pain felt in one area but originating from another (e.g., shoulder pain resulting from","***Disclaimer:** I am an AI, not a doctor. If you are experiencing severe pain, high fever, persistent vomiting, or blood in your stool, seek immediate medical attention or go to an Urgent Care center.*

Pain in the middle of the belly (the umbilical region) can range from a common ""stomach ache"" to more serious conditions. Because many organs are located in this area, doctors categorize the cause based on the type of pain and accompanying symptoms.

### 1. Common/Minor Causes (""Regular Stomach Ache"")
Most mid-abdominal pain is related to the digestive tract and is typically non-emergency:
*   **Indigestion or Gas:** Often feels like bloating or sharp, shifting pains caused by trapped air.
*   **Gastroenteritis (Stomach Flu):** Usually accompanied by nausea, diarrhea, or cramping.
*   **Constipation:** A dull ache often relieved after a bowel movement.
*   **Overeating or Food Intolerance:** Pain resulting from difficulty digesting certain foods (e.g., lactose intolerance).

### 2. Moderate to Serious Causes
If the pain persists or intensifies, it could be related to specific organs:
*   **Gastritis or Peptic Ulcers:** Inflammation or sores in the stomach lining; often felt as a burning sensation in the upper-middle area.
*   **Small Bowel Obstruction:** Severe cramping and inability to pass gas or stool.
*","***Disclaimer:** I am an AI, not a doctor. Abdominal pain can range from benign to life-threatening. If you are experiencing severe pain, high fever, or persistent vomiting, seek immediate medical attention.*

Pain in the center (periumbilical) or middle of the abdomen can originate from several different organ systems. Because many organs overlap in this region, localization can be difficult.

### Potential Causes by System

**1. Gastrointestinal (Most Common)**
*   **Indigestion/Gastritis:** Inflammation of the stomach lining often causes burning or gnawing pain in the upper-middle area.
*   **Gastroenteritis:** The ""stomach flu"" typically presents with cramping, nausea, and diarrhea.
*   **Irritable Bowel Syndrome (IBS):** Chronic cramping often relieved by bowel movements.
*   **Small Intestine Issues:** Obstructions or inflammation (like Crohn's disease).
*   **Early Appendicitis:** Pain often starts as a dull ache around the belly button before migrating to the lower right quadrant.

**2. Pancreatic and Biliary**
*   **Pancreatitis:** Severe pain in the upper-center that may radiate to the back.
*   **Gallstones:** While usually on the right, gallbladder pain can sometimes feel centralized in the upper abdomen.

**3. Vascular (Medical Emergencies)**
*   **Abdominal Aortic Aneurysm (AAA):**",0.551028092719775,2.043998209487973,1.5516736035092815,31.14060295912031,34.094756719303035,33.64708928352063,12.751677852348994,12.618296529968454,11.409395973154362,24.83221476510068,27.760252365930604,26.174496644295303,0.0,0.0,0.0,26.666666666666668,21.666666666666668,20.0,18.181818181818183,14.942528735632186,15.584415584415584,21.62162162162162,17.687074829931973,17.51824817518248,0.8063270449638367,0.82225102186203,0.8113307356834412,1.0,0.6781894564628601,0.7022386789321899,3,2,3
gemma-4-31B-it (4bit),gemma4_31b_q6k_ref.yaml,4bit,layperson,2,What is (are) Abortion ?,"what does it mean when a pregancy gets ended early or the baby is not kept, like how does that whole thing happen and what is it exactly ?","What does it mean when a pregnancy ends early or is intentionally ended, and what happens during that process?","An abortion is a procedure to end a pregnancy. It uses medicine or surgery to remove the embryo or fetus and placenta from the uterus. The procedure is done by a licensed health care professional. The decision to end a pregnancy is very personal. If you are thinking of having an abortion, most healthcare providers advise counseling.","**Abortion** is the termination of a pregnancy by removing an embryo or fetus from the uterus before it has reached viable development.

There are two primary types of abortion:

1.  **Spontaneous Abortion:** Commonly known as a **miscarriage**, this occurs when a pregnancy ends on its own due to natural causes, such as genetic abnormalities in the embryo or maternal health complications.
2.  **Induced Abortion:** This is a deliberate procedure performed to end a pregnancy. Induced abortions are typically categorized into two methods:
    *   **Medical Abortion:** The use of medications (such as mifepristone and misoprostol) to terminate the pregnancy.
    *   **Surgical Abortion:** A clinical procedure performed by a healthcare provider to remove the contents of the uterus (e.g., vacuum aspiration or dilation and evacuation).

***Disclaimer:** I am an AI, not a doctor. If you have specific medical concerns or need advice regarding your health, please consult a licensed healthcare professional.*","Ending a pregnancy before birth occurs through two primary pathways: **spontaneous loss (miscarriage)** or **induced termination (abortion).**

### 1. Spontaneous Loss (Miscarriage)
A miscarriage happens when a pregnancy ends on its own due to natural causes. This most commonly occurs in the first trimester.
*   **Why it happens:** The most frequent cause is chromosomal abnormalities—where the embryo develops incorrectly and cannot survive. Other factors can include maternal health conditions or placental issues.
*   **How it happens:** The body recognizes the pregnancy is not viable and begins to shed the uterine lining. This involves cramping and bleeding as the gestational sac is expelled from the uterus. In some cases, the body doesn't expel the tissue naturally, requiring a medical procedure called a D&C (dilation and curettage) to clear the uterus for safety.

### 2. Induced Termination (Abortion)
An abortion is a deliberate medical process used to end a pregnancy. There are two main methods depending on how far along the pregnancy has progressed:

**Medical Abortion (The ""Abortion Pill"")**
This is typically used in the first 10–11 weeks of pregnancy. It involves taking two different medications:
*   **Mifepristone:** Blocks progesterone, the hormone needed to maintain the pregnancy.
*   **Misoprostol:** Causes the cervix to soften and the uterus to contract, pushing the pregnancy out of the","When a pregnancy ends before the fetus is viable (able to survive outside the womb), it is categorized as either a **miscarriage** (spontaneous loss) or an **abortion** (intentional termination).

### 1. Spontaneous Loss (Miscarriage)
A miscarriage occurs when the body naturally terminates a pregnancy. This can happen for various reasons, most commonly due to chromosomal abnormalities in the embryo.

*   **The Process:** The process typically begins with vaginal bleeding and cramping. Depending on how the pregnancy progresses, one of several things may occur:
    *   **Complete Miscarriage:** All pregnancy tissue is expelled from the uterus.
    *   **Incomplete Miscarriage:** Some tissue remains inside, which may require medical intervention to prevent infection or hemorrhage.
    *   **Missed Miscarriage:** The embryo has died, but the body has not yet recognized the loss or begun expelling the tissue.

### 2. Intentional Termination (Abortion)
An abortion is the intentional ending of a pregnancy through medical or surgical means.

*   **Medical Abortion:** This involves taking medications (typically mifepristone followed by misoprostol) to block progesterone and trigger uterine contractions to expel the pregnancy. It mimics a natural miscarriage.
*   **Surgical Abortion:** A healthcare provider uses a procedure—such as vacuum aspiration—to physically remove the contents of the uterus. These procedures are generally quick and performed under local anesthesia or sedation.",5.103346376612865,4.029171159831969,2.4929796064937912,45.73809581071839,32.735359926235866,34.48221130698752,18.079096045197744,13.043478260869565,13.333333333333334,33.898305084745765,20.0,23.11111111111111,0.0,0.0,0.0,47.61904761904761,23.809523809523807,33.33333333333333,21.73913043478261,5.747126436781609,8.235294117647058,29.85074626865672,9.25925925925926,13.20754716981132,0.8537708520889282,0.8310205936431885,0.8323737382888794,0.9999999403953552,0.4420582950115204,0.4137732088565826,4,3,4
gemma-4-31B-it (4bit),gemma4_31b_q6k_ref.yaml,4bit,incomplete,3,What is (are) Abscess ?,what is that painful swollen thing with pus?,What could cause a painful swollen lump that contains pus?,"An abscess is a pocket of pus. You can get an abscess almost anywhere in your body. When an area of your body becomes infected, your body's immune system tries to fight the infection. White blood cells go to the infected area, collect within the damaged tissue, and cause inflammation. During this process, pus forms. Pus is a mixture of living and dead white blood cells, germs, and dead tissue. Bacteria, viruses, parasites and swallowed objects can all lead to abscesses. Skin abscesses are easy to detect. They are red, raised and painful. Abscesses inside your body may not be obvious and can damage organs, including the brain, lungs and others. Treatments include drainage and antibiotics.","An **abscess** is a localized collection of pus that builds up within a cavity formed inside tissues, organs, or enclosed spaces in the body. It is typically the result of an inflammatory response to an infection—most commonly bacterial—though it can also be caused by foreign bodies or certain chemical irritants.

### Key Characteristics:
*   **Composition:** Pus consists of dead white blood cells (leukocytes), cellular debris, and the infecting microorganisms.
*   **Formation:** The body creates a wall of tissue around the infected area to prevent the spread of the infection to surrounding healthy tissues. This ""walling off"" effect often makes it difficult for antibiotics to penetrate the center of the abscess.
*   **Common Symptoms:** Redness, swelling, warmth, pain, and sometimes systemic symptoms like fever or chills.

### Common Types:
1.  **Cutaneous (Skin) Abscesses:** Occur just under the skin; these may develop into boils or furuncles.
2.  **Internal Abscesses:** These occur deep within the body and are more dangerous. Examples include:
    *   **Dental absess:** At the root of a tooth or in the gums.
    *   **Periapical/Peritonsillar abscess:** In the throat or tonsils.
    *   **Intra-abdominal abscess:** Within the liver, appendix, or intestines.
    *   **Brain abscess:** A rare but","***Disclaimer:** I am an AI, not a doctor. If you have a fever, red streaks spreading from the area, or severe pain, seek immediate medical attention.*

Based on your description, there are several common possibilities for a painful, swollen lump containing pus:

**1. Abscess**
A localized collection of pus caused by a bacterial infection (often *Staphylococcus*). It typically feels warm to the touch, is swollen, and may feel ""fluctuant"" (like there is liquid moving under the skin).

**2. Furuncle (Boil)**
A specific type of abscess that starts in a hair follicle or oil gland. Boils often start as a red bump and develop a yellow or white ""head"" as pus accumulates.

**3. Infected Cyst**
A pre-existing sebaceous cyst (a non-cancerous sac) can become infected, leading to inflammation, swelling, and the buildup of pus inside the sac.

**4. Cellulitis with Abscess**
If the redness is spreading rapidly across the surrounding skin, it may be cellulitis (a deeper skin infection) that has progressed into an abscess.

### General Guidance:
*   **Do NOT squeeze or pop it.** This can push the infection deeper into your tissues or bloodstream, potentially leading to sepsis.
*   **Warm Compress:** Applying a clean, warm, moist compress several times a day may help bring the infection to a head so it","A painful, swollen lump containing pus is typically an indication of a localized infection leading to an **abscess**. An abscess occurs when the body walls off an area of infection to prevent it from spreading.

Common causes include:

*   **Furuncle (Boil):** A deep bacterial infection of a hair follicle or oil gland, usually caused by *Staphylococcus aureus*.
*   **Carbuncle:** A cluster of connected boils forming a larger area of infection under the skin.
*   **Infected Cyst:** A pre-existing sebaceous or epidermal cyst that has become infected with bacteria.
*   **Cellulitis with Abscess:** A spreading skin infection that eventually localizes into a pocket of pus.
*   **Hidradenitis Suppurativa:** A chronic inflammatory condition causing recurrent lumps in areas like the armpits or groin.
*   **Insect Bite/Sting Infection:** Secondary bacterial infection occurring after scratching a bite.

***Disclaimer:** I am an AI, not a doctor. If you have a painful swelling accompanied by fever, red streaks extending from the site, or severe pain, seek medical attention immediately as these can be signs of a systemic infection.*",2.558606216120964,0.966495358453258,3.174807458557213,39.97759665102157,36.34078283361336,34.06962415397867,17.454545454545453,11.604095563139932,11.067193675889328,30.545454545454547,25.938566552901023,22.134387351778656,0.0,0.0,0.0,31.03448275862069,18.96551724137931,17.24137931034483,23.37662337662337,13.580246913580249,13.88888888888889,26.666666666666668,15.827338129496402,15.384615384615383,0.8366231918334961,0.8312521576881409,0.8269431591033936,1.0,0.4006653428077698,0.314796894788742,3,3,4
gemma-4-31B-it (4bit),gemma4_31b_q6k_ref.yaml,4bit,overgeneralization,4,What is (are) Acne ?,"What is that skin break out stuff, like when your face an maybe back gets little bumps n red spots, is it just a normal skin problem or some bigger body thing?","What causes acne-like breakouts with small bumps and red spots on the face and back, and are they usually just a common skin condition or could they be a sign of a more serious underlying health problem?","Acne is a common skin disease that causes pimples. Pimples form when hair follicles under your skin clog up. Most pimples form on the face, neck, back, chest, and shoulders. Anyone can get acne, but it is common in teenagers and young adults. It is not serious, but it can cause scars. No one knows exactly what causes acne. Hormone changes, such as those during the teenage years and pregnancy, probably play a role. There are many myths about what causes acne. Chocolate and greasy foods are often blamed, but there is little evidence that foods have much effect on acne in most people. Another common myth is that dirty skin causes acne; however, blackheads and pimples are not caused by dirt. Stress doesn't cause acne, but stress can make it worse. If you have acne - Clean your skin gently - Try not to touch your skin - Avoid the sun Treatments for acne include medicines and creams. NIH: National Institute of Arthritis and Musculoskeletal and Skin Diseases","**Acne** (specifically *acne vulgaris*) is a common chronic inflammatory skin condition that occurs when hair follicles become clogged with oil (sebum) and dead skin cells.

It primarily affects the sebaceous glands—which produce oil—and typically manifests in areas of the face, chest, upper back, and shoulders.

### Pathophysiology (How it forms)
The development of acne generally involves four primary factors:
1. **Excess Sebum Production:** Overactive oil glands, often triggered by hormonal changes (such as during puberty).
2. **Follicular Hyperkeratosis:** Dead skin cells fail to shed properly and clog the follicle opening.
3. **Bacterial Growth:** The bacteria *Cutibacterium acnes* (formerly *Propionibacterium acnes*) thrives in the trapped oil.
4. **Inflammation:** The body's immune response to the bacterial overgrowth leads to redness and swelling.

### Common Types of Lesions
*   **Non-inflammatory lesions:** 
    *   **Whiteheads** (closed comedones): Clogged pores closed at the surface.
    *   **Blackheads** (open comedones): Clogged pores open at the surface; the dark color is caused by oxidation, not dirt.
*   **Inflammatory lesions:**
    *   **Papules:** Small red bumps.
    *   **Pustules:** Pimples containing pus.
    *","The symptoms you described—small bumps and red spots on the face and back—are most commonly associated with **acne**, which is a very common skin condition.

### Is it a ""normal"" skin problem?
In the vast majority of cases, this is a localized skin issue caused by several factors:
*   **Overactive oil glands:** Excess sebum (oil) can clog pores.
*   **Bacteria:** *Cutibacterium acnes* can grow in clogged pores, leading to inflammation and redness.
*   **Hormones:** Changes in hormones (especially during puberty, stress, or menstrual cycles) trigger more oil production.
*   **Dead skin cells:** When skin doesn't shed properly, it traps oil and bacteria inside the pore.

### Could it be a ""bigger body thing""?
While usually limited to the skin, breakouts can sometimes be linked to broader systemic issues:
1.  **Hormonal Imbalances:** Severe acne (particularly along the jawline in adults) can sometimes indicate conditions like Polycystic Ovary Syndrome (PCOS).
2.  **Diet and Lifestyle:** High-glycemic diets (sugars/refined carbs) or high levels of chronic stress can exacerbate outbreaks.
3.  **Medications:** Certain medications (like corticosteroids or lithium) can cause acne-like eruptions.
4.  **Other Conditions:** Sometimes what looks like acne is actually something else, such as","***Disclaimer:** I am an AI, not a doctor. The following information is for educational purposes and should not replace professional medical advice.*

Breakouts consisting of small bumps (papules) and red spots (inflammatory lesions) on the face and back can be caused by several different conditions. While most are benign skin issues, some may indicate systemic health problems.

### Common Causes (Benign Skin Conditions)
Most cases fall under these categories:

1.  **Acne Vulgaris:** This is the most common cause. It occurs when hair follicles become clogged with oil (sebum) and dead skin cells, leading to inflammation and bacterial growth (*C. acnes*). 
2.  **Folliculitis:** An inflammation or infection of the hair follicle. Unlike typical acne, this often appears as uniform, itchy small red bumps and is frequently caused by bacteria or fungi (Malassezia folliculitis), especially on the back and chest.
3.  **Rosacea:** Primarily affecting the face, rosacea causes redness and ""acne-form"" papules. However, it typically lacks the comedones (blackheads/whiteheads) seen in traditional acne.
4.  **Contact Dermatitis:** A reaction to a new skincare product, detergent, or fragrance that manifests as small red bumps or a rash.
5.  **Keratosis Pilaris:** Often called ""chicken skin,"" these are small, hard plugs of keratin that appear",3.258064982568032,1.7669037064381787,2.015767918343731,33.673820669767366,33.95406054987857,35.79747218639383,16.455696202531648,12.827988338192425,12.607449856733528,25.9493670886076,29.73760932944607,31.518624641833814,0.0,0.0,0.0,21.7948717948718,20.51282051282051,15.384615384615383,22.36842105263158,17.97752808988764,15.384615384615383,22.07792207792208,19.16167664670659,15.384615384615383,0.820627748966217,0.8250423669815063,0.8232260346412659,1.0,0.4476477205753326,0.5688145160675049,4,3,2
gemma-4-31B-it (4bit),gemma4_31b_q6k_ref.yaml,4bit,typos_grammar,5,What is (are) Acoustic Neuroma ?,what is/are accoustic neuoroma exacly ?,What exactly is an acoustic neuroma?,"An acoustic neuroma is a benign tumor that develops on the nerve that connects the ear to the brain. The tumor usually grows slowly. As it grows, it presses against the hearing and balance nerves. At first, you may have no symptoms or mild symptoms. They can include - Loss of hearing on one side - Ringing in ears - Dizziness and balance problems The tumor can also eventually cause numbness or paralysis of the face. If it grows large enough, it can press against the brain, becoming life-threatening. Acoustic neuroma can be difficult to diagnose, because the symptoms are similar to those of middle ear problems. Ear exams, hearing tests, and scans can show if you have it. If the tumor stays small, you may only need to have it checked regularly. If you do need treatment, surgery and radiation are options. If the tumors affect both hearing nerves, it is often because of a genetic disorder called neurofibromatosis. NIH: National Institute on Deafness and Communication Disorders","An **acoustic neuroma**, also known as a **vestibular schwannoma**, is a benign (non-cancerous), slow-growing tumor that develops on the vestibular nerve—the cranial nerve responsible for transmitting sound and balance information from the inner ear to the brain.

Despite its name, it is not actually a ""neuroma"" because it does not originate from the nerve cell itself; rather, it grows from the **schwann cells**, which form the insulating myelin sheath around the nerve.

### Key Characteristics:
*   **Location:** It typically occurs on the 8th cranial nerve (vestibulocochlear nerve) within the internal auditory canal or the cerebellopontine angle of the brain.
*   **Growth Pattern:** Because these tumors grow very slowly, symptoms often develop gradually over several years.
*   **Impact:** As the tumor expands, it can compress the cochlear nerve (hearing), the vestibular nerve (balance), and occasionally the facial nerve (controlling face muscles) or the brainstem.

### Common Symptoms:
1.  **Hearing Loss:** Usually gradual and affecting only one ear (unilateral).
2.  **Tinnitus:** Ringing or buzzing in the affected ear.
3.  **Disequilibrium:** Balance problems or dizziness/vertigo.
4.  **Facial Numbness:** In larger tumors, pressure may affect the trigeminal nerve, causing numbness in the face.

###","An **acoustic neuroma** (also known as a **vestibular schwannoma**) is a benign, non-cancerous tumor that develops on the vestibular nerve—the cranial nerve responsible for transmitting sound and balance information from the inner ear to the brain.

Here are the key facts about this condition:

### 1. Location and Origin
Despite its name, it is not actually a ""neuroma"" (a tumor of the nerve itself) but rather a **schwannoma**. It grows from the **Schwann cells**, which are the insulating glial cells that wrap around the nerves. The tumor typically occurs on the 8th cranial nerve (Vestibulocochlear nerve).

### 2. Primary Symptoms
As the tumor grows, it presses against nearby nerves, leading to three primary symptoms:
*   **Hearing Loss:** Usually gradual and affecting only one ear (unilateral), often starting with high-frequency sounds.
*   **Tinnitus:** A ringing or buzzing sound in the affected ear.
*   **Balance Issues:** Dizziness or vertigo, caused by pressure on the vestibular portion of the nerve.

In larger tumors, the growth may press against the facial nerve (causing facial numbness or weakness) or the brainstem (causing headaches or coordination problems).

### 3. Causes
Most acoustic neuromas occur sporadically (randomly) due to genetic mutations within a single cell. However, a small percentage are linked to a rare hereditary condition","An **acoustic neuroma** (also known as a vestibular schwannoma) is a noncancerous (benign), slow-growing tumor that develops on the **vestibular nerve**, which is one of the cranial nerves responsible for transmitting sound and balance information from the inner ear to the brain.

Despite its name, it is not actually a ""neuroma"" (a tumor of the nerve itself) but rather a **schwannoma**, meaning it grows from the Schwann cells—the insulating layer that wraps around the nerve fibers.

### Key Characteristics:
*   **Location:** It typically originates in the internal auditory canal or the cerebellopontine angle (where the nerve enters the brainstem).
*   **Growth Pattern:** Because it is benign, it does not spread to other parts of the body; however, because it grows within the confined space of the skull, it can press against critical structures.
*   **Impacted Functions:** As the tumor grows, it compresses three primary areas:
    1.  **The Cochlear Nerve:** Leading to gradual hearing loss and tinnitus (ringing in the ears).
    2.  **The Vestibular Nerve:** Causing dizziness, vertigo, or imbalance.
    3.  **The Facial Nerve/Brainstem:** In larger tumors, pressure may cause facial numbness or weakness.

***Disclaimer:** I am an AI, not a doctor. If you suspect you have a medical condition, please consult a",5.96303061442561,7.488316805744653,7.201417604586385,41.92320829903246,44.49856255946346,42.03744051470503,18.354430379746837,20.60606060606061,19.814241486068116,36.0759493670886,40.60606060606061,37.77089783281733,0.0,0.0,0.0,29.166666666666668,37.5,29.166666666666668,28.000000000000004,31.76470588235294,28.767123287671232,28.57142857142857,34.394904458598724,28.965517241379317,0.8370782732963562,0.8422695994377136,0.8310004472732544,1.0,0.3386049270629883,0.9454860091209412,4,3,4
gemma-4-31B-it (4bit),gemma4_31b_q6k_ref.yaml,4bit,ambiguity,6,Do you have information about Acupuncture,"Do you know much about that needle kind of thing people do for pain n stuff, like what its for or if it actually helps?","What is acupuncture used for in treating pain, and how effective is it?","Summary : Acupuncture has been practiced in China and other Asian countries for thousands of years. Acupuncture involves stimulating specific points on the body. This is most often done by inserting thin needles through the skin, to cause a change in the physical functions of the body. Research has shown that acupuncture reduces nausea and vomiting after surgery and chemotherapy. It can also relieve pain. Researchers don't fully understand how acupuncture works. It might aid the activity of your body's pain-killing chemicals. It also might affect how you release chemicals that regulate blood pressure and flow. NIH: National Center for Complementary and Integrative Health","**Acupuncture** is a component of Traditional Chinese Medicine (TCM) that involves inserting very thin needles through the skin at specific points on the body to alleviate pain or treat various physical, mental, and emotional conditions.

### How it Works
*   **Traditional View:** It is based on the concept of **Qi** (energy flow). Practitioners believe that health is maintained by a balanced flow of Qi through pathways called meridians; acupuncture aims to remove blockages in these paths.
*   **Western Medical View:** Modern medicine suggests that acupuncture stimulates nerves, muscles, and connective tissue. This stimulation may boost the body's natural painkillers (**endorphins**) and increase blood flow to specific areas.

### Common Uses
The FDA and NIH recognize acupuncture as an effective treatment for several conditions, most notably:
1.  **Chronic Pain:** Lower back pain, neck pain, osteoarthritis/knee pain.
2.  **Headaches:** Tension headaches and prevention of migraines.
3.  **Nausea:** Post-operative nausea and chemotherapy-induced nausea.
4.  **Other uses:** Some patients use it for insomnia, allergies, or mood disorders, though clinical evidence varies.

### Safety and Side Effects
When performed by a licensed professional using sterile, single-use needles, acupuncture is generally considered safe. Potential side effects include:
*   Soreness or minor bruising at the needle site.
*   Light bleeding.
*","Depending on where the needles are being placed and who is performing the procedure, you are likely referring to one of three common medical treatments: **Acupuncture**, **Dry Needling**, or **Injection Therapy**.

### 1. Acupuncture (Traditional Chinese Medicine)
*   **What it is:** Very thin needles inserted into specific ""acupoints"" along meridians in the body.
*   **Purpose:** To balance the flow of energy (Qi) and stimulate the nervous system to release natural painkillers (endorphins).
*   **Does it help?** Many clinical studies suggest it is effective for chronic low back pain, neck pain, osteoarthritis, and tension headaches. Its effectiveness often depends on the individual's response.

### 2. Dry Needling (Physical Therapy/Chiropractic)
*   **What it is:** The use of thin filaments (similar to acupuncture needles) inserted directly into ""trigger points""—tight knots of muscle fibers.
*   **Purpose:** To release muscle tension, improve blood flow, and ""reset"" the muscle contraction cycle to reduce localized pain.
*   **Does it help?** It is widely used by physical therapists to treat musculoskeletal pain and myofascial pain syndrome; many patients report immediate relief from muscle stiffness.

### 3. Injection Therapy (Medical Doctor/Specialist)
If the ""needle"" involves injecting medicine rather than just inserting a pin, it could be:
*   **Cort","**Acupuncture** is a technique derived from Traditional Chinese Medicine that involves inserting thin needles into specific points on the body to stimulate nerves, muscles, and connective tissue.

### Uses in Pain Treatment
In modern medicine, acupuncture is primarily used as an adjunctive therapy for chronic pain conditions, including:
*   **Musculoskeletal Pain:** Lower back pain, neck pain, osteoarthritis (particularly of the knee), and shoulder tension.
*   **Neuropathic Pain:** Certain types of nerve pain or sciatica.
*   **Headaches:** Tension-type headaches and migraine prophylaxis (prevention).
*   **Postoperative/Cancer Pain:** Used to manage recovery pain or chemotherapy-induced neuropathy.

### Mechanism of Action
From a biomedical perspective, acupuncture is believed to work by:
1.  **Endogenous Opioid Release:** Stimulating the release of endorphins and enkephalins (the body's natural painkillers).
2.  **Gate Control Theory:** Providing sensory input that ""blocks"" pain signals from reaching the brain.
3.  **Modulation of Neurotransmitters:** Influencing levels of serotonin and dopamine to alter the perception of pain.

### Effectiveness
The effectiveness of acupuncture varies depending on the condition being treated:

*   **Moderate Evidence:** Large-scale meta-analyses suggest that acupuncture is more effective than no treatment or standard care alone for **chronic low back pain**, **osteoarthritis**, and **tension headaches**.",3.8926898199763698,1.2246490625937323,2.6437174175948206,42.39759104881336,37.49268796560257,39.73389410138708,15.120274914089348,12.014134275618376,14.285714285714285,33.67697594501718,25.4416961130742,25.71428571428571,0.0,0.0,0.0,30.434782608695656,23.91304347826087,23.91304347826087,15.909090909090908,13.414634146341465,14.666666666666666,20.895522388059703,17.187500000000004,18.181818181818183,0.8450852036476135,0.8234330415725708,0.8282957673072815,1.0,0.4658557176589966,0.7485748529434204,4,2,3
gemma-4-31B-it (4bit),gemma4_31b_q6k_ref.yaml,4bit,layperson,7,What is (are) Acute Bronchitis ?,"what is that chest/throat thing called when u get a bad cough n lots of mucus cuz the breathing tubes are all irritated or infected for a short bit, like not pneumonia but kinda in there?",What is the medical term for a short-term irritation or infection of the breathing tubes that causes a bad cough and lots of mucus but is not pneumonia?,"Bronchitis is an inflammation of the bronchial tubes, the airways that carry air to your lungs. It causes a cough that often brings up mucus. It can also cause shortness of breath, wheezing, a low fever, and chest tightness. There are two main types of bronchitis: acute and chronic. Most cases of acute bronchitis get better within several days. But your cough can last for several weeks after the infection is gone. The same viruses that cause colds and the flu often cause acute bronchitis. These viruses spread through the air when people cough, or though physical contact (for example, on unwashed hands). Being exposed to tobacco smoke, air pollution, dusts, vapors, and fumes can also cause acute bronchitis. Less often, bacteria can also cause acute bronchitis. To diagnose acute bronchitis, your health care provider will ask about your symptoms and listen to your breathing. You may also have other tests. Treatments include rest, fluids, and aspirin (for adults) or acetaminophen to treat fever. A humidifier or steam can also help. You may need inhaled medicine to open your airways if you are wheezing. Antibiotics won't help if the cause is viral. You may get antibiotics if the cause is bacterial. NIH: National Heart, Lung, and Blood Institute","**Acute bronchitis** is an inflammation of the lining of the bronchial tubes, which carry air to and from the lungs. It is characterized by a cough that typically produces mucus (sputum).

Key facts about acute bronchitis include:

*   **Cause:** Most cases are caused by **viruses** (such as those that cause the common cold or influenza), although bacteria can occasionally be the cause.
*   **Symptoms:** The primary symptom is a persistent cough. Other symptoms often include shortness of breath, chest discomfort, fatigue, low-grade fever, and mild chills.
*   **Difference from Chronic Bronchitis:** Unlike chronic bronchitis—which is a long-term condition usually associated with smoking or COPD—acute bronchitis is temporary and generally resolves within two to three weeks.
*   **Treatment:** Because most cases are viral, antibiotics are typically not effective. Treatment focuses on managing symptoms through rest, hydration, and over-the-counter medications for pain or fever.

***Disclaimer:** I am an AI, not a doctor. If you suspect you have bronchitis or are experiencing severe respiratory distress, please consult a healthcare professional.*","The condition you are describing is called **acute bronchitis**.

It occurs when the bronchial tubes (the airways that carry air to your lungs) become inflamed or irritated due to an infection—most commonly a virus. This inflammation causes the lining of the tubes to swell and produce excess mucus, leading to a persistent cough. 

Unlike pneumonia, which is an infection deep within the lung tissue (alveoli), bronchitis affects only the tubes leading into the lungs.",The medical term for this condition is **acute bronchitis**.,8.149381169361599,2.489277810900919,4.42285769082405e-07,43.2713760178592,21.38925492307562,3.2339998331618283,22.159090909090907,13.076923076923078,3.902439024390244,40.909090909090914,24.61538461538461,3.902439024390244,0.0,0.0,0.0,30.303030303030305,14.14141414141414,2.0202020202020203,41.0958904109589,37.83783783783784,40.0,34.88372093023256,20.588235294117645,3.8461538461538463,0.8576869964599609,0.8499688506126404,0.8275569677352905,1.0,0.6061661839485168,0.6363968849182129,4,5,5
gemma-4-31B-it (4bit),gemma4_31b_q6k_ref.yaml,4bit,incomplete,8,What is (are) Acute Lymphocytic Leukemia ?,"What is acute leukemia, exactly?",What exactly is acute leukemia?,"Leukemia is cancer of the white blood cells. White blood cells help your body fight infection. Your blood cells form in your bone marrow. In leukemia, however, the bone marrow produces abnormal white blood cells. These cells crowd out the healthy blood cells, making it hard for blood to do its work. In acute lymphocytic leukemia (ALL), also called acute lymphoblastic leukemia, there are too many of specific types of white blood cells called lymphocytes or lymphoblasts. ALL is the most common type of cancer in children. Possible risk factors for ALL include being male, being white, previous chemotherapy treatment, exposure to radiation, and for adults, being older than 70. Symptoms of ALL include: - Weakness or feeling tired - Fever - Easy bruising or bleeding - Bleeding under the skin - Shortness of breath - Weight loss or loss of appetite - Pain in the bones or stomach - Pain or a feeling of fullness below the ribs - Painless lumps in the neck, underarm, stomach, or groin Tests that examine the blood and bone marrow diagnose ALL. Treatments include chemotherapy, radiation therapy, stem cell transplants, and targeted therapy. Targeted therapy uses substances that attack cancer cells without harming normal cells. Once the leukemia is in remission, you need additional treatment to make sure that it does not come back. NIH: National Cancer Institute","**Acute Lymphocytic Leukemia (ALL)** is a fast-growing cancer of the blood and bone marrow. It is characterized by the overproduction of immature, non-functional white blood cells called **lymphoblasts**.

Here is a detailed breakdown of the condition:

### 1. Pathophysiology
In ALL, the DNA of a developing lymphocyte (a type of white blood cell) mutates. This causes the bone marrow to produce an excessive number of lymphoblasts that do not mature properly. These abnormal cells crowd out healthy blood cells, leading to a shortage of:
*   **Red blood cells:** Leading to anemia (fatigue, paleness).
*   **Healthy white blood cells:** Increasing susceptibility to infections.
*   **Platelets:** Causing easy bruising or bleeding.

### 2. Classification
ALL can be categorized based on the type of lymphocyte affected:
*   **B-cell ALL:** The most common form, affecting B lymphocytes.
*   **T-cell ALL:** Affects T lymphocytes; often presents differently and may involve a mass in the chest (thymus).

### 3. Demographics
While it can occur at any age, ALL is the **most common type of cancer diagnosed in children**, particularly those between ages 2 and 5. However, there is also a peak incidence in adults.

### 4. Common Symptoms
Because it affects multiple blood components, symptoms include:
*   Persistent fatigue","**Acute leukemia** is a group of fast-growing cancers of the blood and bone marrow characterized by the rapid overproduction of abnormal, immature white blood cells called **blasts**.

Here is a detailed breakdown of what occurs during this condition:

### 1. The Mechanism (What happens)
In a healthy person, hematopoietic stem cells in the bone marrow develop into mature red blood cells, white blood cells, and platelets. In acute leukemia, a genetic mutation causes these cells to stop maturing. Instead of becoming functional adult cells, they remain as ""blasts."" These blasts multiply rapidly and crowd out the healthy cells in the bone marrow.

### 2. The Impact on Blood Functions
Because the blast cells occupy all the space and resources in the bone marrow, the body cannot produce enough normal blood cells, leading to three primary deficits:
*   **Low White Blood Cells (Neutropenia):** Despite having many ""leukemia cells,"" there aren't enough *functional* white blood cells to fight infection.
*   **Low Red Blood Cells (Anemia):** This leads to fatigue, shortness of breath, and paleness.
*   **Low Platelets (Thrombocytopenia):** This results in easy bruising and uncontrolled bleeding.

### 3. Main Types
Acute leukemias are categorized primarily by the type of cell affected:
*   **Acute Myeloid Leukemia (AML):** Affects the myeloid line (cells that normally become","**Acute leukemia** is a group of fast-growing cancers of the blood and bone marrow characterized by the rapid overproduction of abnormal, immature white blood cells called **blasts**.

Under normal conditions, hematopoietic stem cells in the bone marrow mature into functional red blood cells, white blood cells, and platelets. In acute leukemia, a genetic mutation causes these cells to stop maturing; they remain as ""blasts"" that cannot perform their immune functions and multiply rapidly.

### Key Characteristics:
1.  **Rapid Progression:** Unlike chronic leukemias, which develop slowly over years, acute leukemias progress quickly (over days or weeks) and require immediate treatment.
2.  **Bone Marrow Crowding:** As blasts accumulate, they crowd out healthy blood cells, leading to three primary clinical deficits:
    *   **Anemia:** Lack of red blood cells leads to fatigue and shortness of breath.
    *   **Neutropenia:** Lack of functional white blood cells increases susceptibility to severe infections.
    *   **Thrombocytopenia:** Lack of platelets leads to easy bruising and uncontrolled bleeding.

### Primary Types:
The classification depends on which cell line is affected:
*   **Acute Myeloid Leukemia (AML):** Affects the myeloid lineage (cells that normally become neutrophils, monocytes, etc.). It is more common in adults.
*   **Acute Lymphoblastic Leukemia (ALL):** Affects the lymphoid lineage (cells that normally become B-cells",9.246535694147926,7.432781317799534,6.597255235951615,42.52507383757754,43.254510527033794,43.143195512494415,19.74025974025974,18.734177215189877,19.14357682619647,41.03896103896104,39.49367088607595,38.28715365239294,0.0,0.0,0.0,24.752475247524757,23.76237623762376,25.742574257425744,36.231884057971016,25.53191489361702,26.804123711340207,29.411764705882355,24.615384615384613,26.262626262626267,0.8364747166633606,0.8278385996818542,0.8260668516159058,0.9999999403953552,0.836963951587677,0.8404321670532227,3,3,4
gemma-4-31B-it (4bit),gemma4_31b_q6k_ref.yaml,4bit,overgeneralization,9,What is (are) Acute Myeloid Leukemia ?,"what is this kind of serious blood problem/cancer thing where the bone marrow makes too many bad white cells, and what does it even mean for someone health overall?",What does it mean for a person’s overall health to have a serious blood cancer in which the bone marrow produces too many abnormal white blood cells?,"Leukemia is cancer of the white blood cells. White blood cells help your body fight infection. Your blood cells form in your bone marrow. In leukemia, however, the bone marrow produces abnormal white blood cells. These cells crowd out the healthy blood cells, making it hard for blood to do its work. In acute myeloid leukemia (AML), there are too many of a specific type of white blood cell called a myeloblast. AML is the most common type of acute leukemia in adults. This type of cancer usually gets worse quickly if it is not treated. Possible risk factors include smoking, previous chemotherapy treatment, and exposure to radiation. Symptoms of AML include: - Fever - Shortness of breath - Easy bruising or bleeding - Bleeding under the skin - Weakness or feeling tired - Weight loss or loss of appetite Tests that examine the blood and bone marrow diagnose AML. Treatments include chemotherapy, other drugs, radiation therapy, stem cell transplants, and targeted therapy. Targeted therapy uses substances that attack cancer cells without harming normal cells. Once the leukemia is in remission, you need additional treatment to make sure that it does not come back. NIH: National Cancer Institute","**Acute Myeloid Leukemia (AML)** is a type of cancer that affects the blood and bone marrow. It is characterized by the rapid production of abnormal, immature white blood cells called **myeloblasts**.

Here is a detailed breakdown of what occurs in AML:

### 1. Pathophysiology
In a healthy person, hematopoietic stem cells in the bone marrow develop into mature red blood cells, white blood cells, and platelets. In AML, a genetic mutation causes these stem cells to stop maturing. Instead, they proliferate as ""blasts"" (immature cells). These blasts crowd out the healthy cells in the bone marrow, preventing the body from producing enough functional blood cells.

### 2. Impact on Blood Components
Because the blast cells dominate the bone marrow, patients typically experience:
*   **Anemia:** A shortage of red blood cells, leading to fatigue and shortness of breath.
*   **Neutropenia:** A lack of mature, functioning white blood cells, making the patient highly susceptible to severe infections.
*   **Thrombocytopenia:** A deficiency of platelets, resulting in easy bruising and uncontrolled bleeding.

### 3. Characteristics
*   **""Acute"":** This means the disease progresses rapidly and requires immediate treatment.
*   **""Myeloid"":** This refers to the myeloid line of cells, which normally produce monocytes, granulocytes (neutrophils, basophils, eosinophils), erythrocytes, and platelets","***Disclaimer:** I am an AI, not a doctor. If you or a loved one are experiencing symptoms or have received a diagnosis, please consult a licensed healthcare provider for personalized medical advice.*

The condition you are describing is called **Leukemia**. 

### What is Leukemia?
Leukemia is a cancer of the blood-forming tissues, including the bone marrow and the lymphatic system. In a healthy person, the bone marrow produces white blood cells (leukocytes) to fight infection. In someone with leukemia, the bone marrow produces abnormal, non-functioning white blood cells—often called ""blasts.""

Because these cancerous cells grow rapidly, they crowd out the healthy cells in the bone marrow. This leads to three primary problems:
1. **Lack of functional white blood cells:** Even though there are *more* white cells, they don't work correctly, leaving the body vulnerable to infections.
2. **Lack of red blood cells (Anemia):** There isn't enough room to make oxygen-carrying red cells.
3. **Lack of platelets (Thrombocytopenia):** The body cannot produce enough platelets, which are necessary for clotting blood.

---

### What does this mean for a person’s overall health?
Depending on the type of leukemia (acute vs. chronic), the impact on health can vary, but generally, it manifests in several ways:

**1. Increased Risk of Infection**
Since the ""","The condition described is typically **leukemia**. When the bone marrow produces an excess of abnormal white blood cells (blasts), it leads to several critical impacts on a person's overall health:

**1. Crowding Out Healthy Blood Cells**
Because the bone marrow has limited space, the overproduction of abnormal white blood cells ""crowds out"" the production of other essential blood components:
*   **Anemia:** A shortage of red blood cells occurs, leading to fatigue, shortness of breath, and pale skin because the body cannot transport oxygen efficiently.
*   **Thrombocytopenia:** A shortage of platelets occurs, resulting in easy bruising, prolonged bleeding from cuts, and spontaneous nosebleeds or internal bleeding.

**2. Loss of Immune Function**
Although there are *more* white blood cells, they are dysfunctional (""abnormal""). They cannot fight infections effectively. This leaves the patient highly susceptible to severe bacterial, viral, and fungal infections that a healthy immune system would normally defeat.

**3. Systemic Organ Stress**
As these abnormal cells leak into the bloodstream, they can infiltrate organs, causing further complications:
*   **Liver and Spleen:** These organs may enlarge (hepatosplenomegaly) as they attempt to filter the abnormal cells.
*   **Lymph Nodes:** Swelling may occur in various lymph nodes throughout the body.
*   **Central Nervous System:** In some types of leukemia, cells can enter the",7.269599860177774,6.847316107750138,4.327184195859999,44.307136952764445,42.9842068384827,41.68912809972107,19.390581717451525,19.73333333333333,18.27956989247312,40.9972299168975,39.46666666666666,33.87096774193548,0.0,0.0,0.0,26.436781609195403,21.83908045977012,20.689655172413797,28.75,22.093023255813957,20.224719101123597,27.54491017964072,21.965317919075147,20.454545454545453,0.8383287191390991,0.831922709941864,0.8285751938819885,1.0,0.4924977421760559,0.5074436068534851,4,3,4
gemma-4-31B-it (4bit),gemma4_31b_q6k_ref.yaml,4bit,typos_grammar,10,What is (are) Addison Disease ?,"what is addison disease ,, like what does it actualy do to youre body ?","What is Addison disease, and how does it affect the body?","Your adrenal glands are just above your kidneys. The outside layer of these glands makes hormones that help your body respond to stress and regulate your blood pressure and water and salt balance. Addison disease happens if the adrenal glands don't make enough of these hormones. A problem with your immune system usually causes Addison disease. The immune system mistakenly attacks your own tissues, damaging your adrenal glands. Other causes include infections and cancer. Symptoms include - Weight loss - Muscle weakness - Fatigue that gets worse over time - Low blood pressure - Patchy or dark skin Lab tests can confirm that you have Addison disease. If you don't treat it, it can be fatal. You will need to take hormone pills for the rest of your life. If you have Addison disease, you should carry an emergency ID. It should say that you have the disease, list your medicines and say how much you need in an emergency. NIH: National Institute of Diabetes and Digestive and Kidney Diseases","**Addison's disease**, also known as **primary adrenal insufficiency**, is a rare endocrine disorder that occurs when the adrenal glands (located on top of the kidneys) fail to produce sufficient amounts of certain steroid hormones.

Specifically, it involves a deficiency in:
1.  **Cortisol:** Often called the ""stress hormone,"" which helps regulate blood pressure, maintain glucose levels during fasting, and reduce inflammation.
2.  **Aldosterone:** A mineralocorticoid that regulates sodium and potassium levels to manage blood volume and blood pressure.

### Causes
The most common cause is an **autoimmune response**, where the immune system attacks the adrenal cortex. Other causes include infections (such as tuberculosis), tumors, or genetic disorders.

### Common Symptoms
*   Extreme fatigue and muscle weakness.
*   Hyperpigmentation (darkening of the skin, especially in creases, scars, or gums).
*   Low blood pressure (hypotension).
*   Salt cravings due to loss of sodium through urine.
*   Weight loss and decreased appetite.
*   Irritability or depression.

### Critical Complication: Addisonian Crisis
An **Addisonian crisis** is a life-threatening emergency triggered by severe stress (e.g., injury, surgery, or infection). It results in acute cortisol deficiency leading to profound hypotension, shock, coma, and potential death if not treated immediately with intravenous corticosteroids.

### Treatment
Treatment is lifelong and","**Addison’s disease**, also known as primary adrenal insufficiency, occurs when your adrenal glands (located on top of each kidney) fail to produce enough of two critical hormones: **cortisol** and often **aldosterone**.

Here is how the deficiency of these hormones affects your body:

### 1. Lack of Cortisol (The ""Stress Hormone"")
Cortisol helps regulate metabolism, maintains blood pressure, and manages the body's response to stress. Without enough cortisol:
*   **Energy Crash:** You experience extreme fatigue and muscle weakness because your body cannot properly convert nutrients into energy.
*   **Blood Sugar Drops:** It leads to hypoglycemia (low blood sugar), which can cause dizziness or confusion.
*   **Poor Stress Response:** Your body cannot handle physical stress (like an injury or infection). This can lead to an **Addisonian Crisis**, where blood pressure drops dangerously low, potentially leading to shock.

### 2. Lack of Aldosterone (The ""Salt-Regulating Hormone"")
Aldosterone tells your kidneys how much salt and water to keep in your system. Without it:
*   **Fluid Imbalance:** Your body dumps too much sodium (salt) and water through urine while retaining too much potassium.
*   **Low Blood Pressure:** Because you are losing salt and water, your blood volume drops, causing chronic low blood pressure (**hypotension**) and fainting spells.
*   **Cravings:** Due to","**Addison’s disease**, also known as primary adrenal insufficiency, is a rare endocrine disorder that occurs when the adrenal glands (located on top of the kidneys) fail to produce sufficient amounts of certain steroid hormones.

### How It Affects the Body
The condition primarily impacts the body by creating a deficiency in two critical hormones: **cortisol** and **aldosterone**.

#### 1. Cortisol Deficiency (""The Stress Hormone"")
Cortisol helps the body respond to stress, maintains blood pressure, and regulates glucose levels. A lack of cortisol leads to:
*   **Hypoglycemia:** Low blood sugar levels, causing fatigue and weakness.
*   **Poor Stress Response:** The body cannot effectively handle physical stress (such as injury or illness), which can lead to an ""addisonian crisis"" (acute adrenal failure).
*   **Hyperpigmentation:** In primary Addison's, the pituitary gland overproduces ACTH to stimulate the adrenals; this hormone stimulates melanocytes, leading to darkening of the skin (especially in creases, scars, and gums).

#### 2. Aldosterone Deficiency (Mineralocorticoid)
Aldosterone manages the balance of sodium and potassium in the blood to regulate blood volume and pressure. A lack of aldosterone causes:
*   **Salt Craving:** The body loses too much sodium through urine.
*   **Hyperkalemia:** Potassium levels build up in the blood, which can interfere with heart rhythm",3.522061297681795,1.8533280448866052,2.242597684690464,40.387920168678704,38.57917813890906,36.83370117728116,20.0,17.51412429378531,14.88095238095238,32.35294117647059,32.76836158192091,27.97619047619047,0.0,0.0,0.0,27.142857142857142,21.428571428571427,21.428571428571427,20.212765957446805,14.85148514851485,16.304347826086957,23.17073170731707,17.543859649122805,18.51851851851852,0.8367496132850647,0.827603816986084,0.8258178234100342,1.0,0.8497042655944824,0.8935816287994385,4,3,4
gemma-4-31B-it (4bit),gemma4_31b_q6k_ref.yaml,4bit,ambiguity,11,What is (are) Adhesions ?,"What does it mean when stuff inside your body kind of sticks together after something, like is that the same as those internal scar-band things?","What does it mean when tissues or organs inside the body stick together after surgery or inflammation, and is that the same as internal scar tissue bands called adhesions?","Adhesions are bands of scar-like tissue. Normally, internal tissues and organs have slippery surfaces so they can shift easily as the body moves. Adhesions cause tissues and organs to stick together. They might connect the loops of the intestines to each other, to nearby organs, or to the wall of the abdomen. They can pull sections of the intestines out of place. This may block food from passing through the intestine. Adhesions can occur anywhere in the body. But they often form after surgery on the abdomen. Almost everyone who has surgery on the abdomen gets adhesions. Some adhesions don't cause any problems. But when they partly or completely block the intestines, they cause symptoms such as - Severe abdominal pain or cramping - Vomiting - Bloating - An inability to pass gas - Constipation Adhesions can sometimes cause infertility in women by preventing fertilized eggs from reaching the uterus. No tests are available to detect adhesions. Doctors usually find them during surgery to diagnose other problems. Some adhesions go away by themselves. If they partly block your intestines, a diet low in fiber can allow food to move easily through the affected area. If you have a complete intestinal obstruction, it is life threatening. You should get immediate medical attention and may need surgery. NIH: National Institute of Diabetes and Digestive and Kidney Diseases","**Adhesions** are bands of scar-like tissue that form between internal organs and tissues, causing them to stick together. They typically develop as part of the body's natural healing process after inflammation or injury.

### Key Details:
*   **Formation:** When the lining of an organ (such as the peritoneum in the abdomen) is damaged, the body produces fibrin—a protein that acts like ""glue"" during healing. If this fibrin does not dissolve, it can harden into permanent fibrous bands of connective tissue.
*   **Common Causes:** 
    *   **Surgery:** The most common cause; surgical trauma triggers an inflammatory response.
    *   **Infection/Inflammation:** Conditions such as Pelvic Inflammatory Disease (PID), appendicitis, or endometriosis.
    *   **Trauma:** Severe abdominal injuries.
*   **Locations:** While they can occur anywhere in the body, they are most frequently found in the **abdominal cavity** (sticking intestines together) and the **pelvis** (affecting ovaries, fallopian tubes, or the uterus).
*   **Potential Complications:** In many cases, adhesions cause no symptoms. However, if they pull on organs or obstruct pathways, they can lead to:
    *   **Chronic Pain:** Pulling on nerves or organs.
    *   **Bowel Obstruction:** Kinking or compressing the intestines, preventing food and waste from passing through.","Yes, what you are describing—internal tissues sticking together after an injury or surgery—is exactly what those ""scar-band things"" are. In medical terms, these are called **adhesions**.

Here is a concise explanation of what they are and how they form:

**What they are:**
Adhesions are bands of fibrous scar tissue that form between internal organs and tissues. Normally, the linings of your organs (like the intestines or abdominal wall) are smooth and slide against each other easily. Adhesions act like ""biological glue,"" causing surfaces to stick together.

**How they happen:**
They typically occur as part of the body's natural healing process following:
*   **Surgery:** This is the most common cause, as incisions and handling of organs trigger inflammation.
*   **Inflammation/Infection:** Conditions like pelvic inflammatory disease or peritonitis can lead to adhesions.
*   **Trauma:** Severe injuries to the abdomen or chest.

**Why it matters:**
While many people have adhesions without ever knowing it, they can sometimes cause problems because they restrict the normal movement of organs. For example, intestinal adhesions can kink the bowel, potentially leading to a bowel obstruction.

***Disclaimer:** I am an AI, not a doctor. If you are experiencing pain or symptoms you believe are related to internal adhesions, please consult a healthcare provider for a proper diagnosis.*","When tissues or organs inside the body stick together after surgery or inflammation, it means that **adhesions** have formed.

Yes, this is exactly the same thing as internal scar tissue bands. 

**Explanation:**
Adhesions are bands of fibrous scar tissue that form between internal organs and tissues. Normally, these surfaces are smooth and slide against each other easily; however, during the healing process—following an injury, infection (inflammation), or surgical trauma—the body produces fibrin and collagen to repair the damage. If this healing process becomes excessive or abnormal, the resulting scar tissue can ""glue"" adjacent organs together or cause them to stick to the abdominal wall.

While many adhesions are asymptomatic, some can lead to complications such as chronic pain or bowel obstructions if they kink or compress an organ.",7.768106319324376,4.769431308238725,2.7245918847310757,41.88776153411589,43.80279302845412,32.26339066949045,19.680851063829785,16.87344913151365,15.29051987767584,40.42553191489361,42.18362282878412,34.86238532110092,0.0,0.0,0.0,25.53191489361702,22.34042553191489,19.148936170212767,27.906976744186046,26.25,32.142857142857146,26.666666666666668,24.13793103448276,24.0,0.8322657346725464,0.8469603061676025,0.8550545573234558,1.0,0.4365291595458984,0.5288569927215576,4,5,5
gemma-4-31B-it (4bit),gemma4_31b_q6k_ref.yaml,4bit,layperson,12,Do you have information about Adoption,"do u have any info or stuff abt, like, when a kid gets taken in by another family n how that all works maybe?","How does it work when a child is taken in by another family, such as through foster care or adoption?","Summary : Adoption brings a child born to other parents into a new family. Birth parents have a number of reasons for placing children for adoption. Overall, they want better lives for their children than they think they can give them. Children who are eligible for adoption come from many different settings. Some are in foster care, a temporary home setting. Other children live in orphanages or with birth relatives until they can be adopted. There are different kinds of adoption. Children may be adopted by a relative or a new family. Some parents adopt children from the U.S, and some adopt from abroad.","As a medical assistant, I can provide information regarding adoption from a **medical, genetic, and psychological perspective**. While I cannot provide legal advice or facilitate the adoption process, here is an overview of the health-related aspects of adoption:

### 1. Medical History and Genetic Information
One of the primary medical challenges in adoption—particularly closed adoptions—is the lack of comprehensive family medical history. This is important for identifying risks related to:
*   **Hereditary Conditions:** Such as cystic fibrosis, sickle cell anemia, or hemophilia.
*   **Chronic Diseases:** Family predispositions to heart disease, type 2 diabetes, or certain cancers (e.g., BRCA mutations).
*   **Mental Health:** A family history of depression, bipolar disorder, or schizophrenia.

### 2. Prenatal and Early Childhood Health
Medical professionals focus on several key areas during the initial health screenings of an adopted child:
*   **Prenatal Exposure:** Screening for ""Fetal Alcohol Spectrum Disorders"" (FASD) or exposure to narcotics/toxins during pregnancy.
*   **Developmental Milestones:** Assessing if the child is meeting age-appropriate milestones in motor skills, speech, and social interaction.
*   **Nutrition and Growth:** Checking for growth stunting or nutritional deficiencies resulting from early neglect or poor prenatal care.

### 3. Psychological and Emotional Considerations
Adoption involves significant emotional transitions that may require clinical support:
*","When a child is taken in by another family, it typically happens through one of several legal frameworks depending on whether the arrangement is temporary or permanent.

Here is an overview of how these processes generally work from a legal and social perspective:

### 1. Foster Care (Temporary/State-Regulated)
Foster care occurs when a child cannot safely stay with their biological parents. The state (government) takes legal custody of the child and places them with licensed foster parents.
*   **The Goal:** Often, the primary goal is ""reunification,"" meaning the state provides services to the birth parents so the child can eventually return home.
*   **Legal Status:** The foster parents provide care, but they do not have legal parental rights; those remain with the state or the biological parents.
*   **Permanency Planning:** If reunification isn't possible, the court decides if the child should be adopted or remain in long-term kinship care.

### 2. Adoption (Permanent)
Adoption is the legal process that permanently transfers all parental rights and responsibilities from the biological parents to the adoptive parents.
*   **Types:** This can happen via public agencies (foster care adoption), private agencies, or independent agreements between families.
*   **Legal Finality:** Once an adoption decree is signed by a judge, the adoptive parents become the legal parents for all intents and purposes (inheritance, medical decisions, etc.).

### 3.","When a child is placed with another family via foster care or adoption, the process involves legal, social, and psychological frameworks designed to ensure the child's safety and well-being. While both involve kinship or non-biological care, they function differently regarding legal permanency.

### 1. Foster Care (Temporary Placement)
Foster care is generally intended as a temporary arrangement managed by the state or a private agency.

*   **Legal Custody:** The state (or court) typically retains legal custody of the child. The foster parents provide daily care but do not have permanent parental rights.
*   **Goal of Reunification:** In most jurisdictions, the primary goal of foster care is **reunification**. Social workers create a case plan for the biological parents to address the issues that led to removal (e.g., substance abuse, instability).
*   **Supervision:** A caseworker monitors the placement, conducts home visits, and manages the child’s healthcare and educational needs.
*   **Transition:** If reunification is deemed unsafe or impossible, the court may move toward ""permanency planning,"" which could lead to guardianship or adoption.

### 2. Adoption (Permanent Placement)
Adoption is a legal process that permanently transfers all parental rights from the biological parents to the adoptive parents.

*   **Legal Status:** Once an adoption decree is signed by a judge, the adoptive parents become the legal parents in every sense. The birth parents no longer have",0.6356323505958726,0.8643534364405839,0.9597125158589832,30.41278115664917,35.32667573483464,35.43006784182115,6.9930069930069925,10.99656357388316,8.904109589041095,16.783216783216783,24.05498281786942,20.54794520547945,0.0,0.0,0.0,8.108108108108109,24.324324324324326,24.324324324324326,3.4090909090909087,10.588235294117649,11.11111111111111,4.8,14.754098360655735,15.254237288135592,0.8053125143051147,0.8352594971656799,0.8315629959106445,0.9999998807907104,0.5078020691871643,0.5748456120491028,2,3,2
gemma-4-31B-it (4bit),gemma4_31b_q6k_ref.yaml,4bit,incomplete,13,What is (are) Adrenal Gland Cancer ?,"wht is that kinda cancer in the little glands on top the kidneys, like what does it even mean ?","What is adrenal gland cancer, and what does it mean to have cancer in the small glands located on top of the kidneys?","Your adrenal, or suprarenal, glands are located on the top of each kidney. These glands produce hormones that you can't live without, including sex hormones and cortisol, which helps you respond to stress and has many other functions. A number of disorders can affect the adrenal glands, including tumors. Tumors can be either benign or malignant. Benign tumors aren't cancer. Malignant ones are. Most adrenal gland tumors are benign. They usually do not cause symptoms and may not require treatment. Malignant adrenal gland cancers are uncommon. Types of tumors include - Adrenocortical carcinoma - cancer in the outer part of the gland - Neuroblastoma, a type of childhood cancer - Pheochromocytoma - a rare tumor that is usually benign Symptoms depend on the type of cancer you have. Treatments may include surgery, chemotherapy, or radiation therapy.","**Adrenal gland cancer** refers to malignant tumors that originate in the adrenal glands—small, triangle-shaped organs located on top of each kidney.

These cancers are rare and are categorized based on which part of the adrenal gland they affect:

### 1. Adrenocortical Carcinoma (ACC)
This is the most common form of primary adrenal cancer. It originates in the **adrenal cortex** (the outer layer). These tumors can be ""functional,"" meaning they secrete excessive hormones that cause systemic symptoms, or ""non-functional."" Common hormonal imbalances include:
*   **Hypercortisolism (Cushing’s Syndrome):** Excess cortisol leading to weight gain, high blood pressure, and skin thinning.
*   **Hyperandrogenism:** Excess sex hormones leading to virilization (e.g., facial hair growth in women).

### 2. Adrenal Medullary Carcinoma (Pheochromocytoma/Paraganglioma)
These occur in the **adrenal medulla** (the inner core), which produces catecholamines like adrenaline and noradrenaline. While many pheochromocytomas are benign, some are malignant. They typically cause episodes of severe hypertension (high blood pressure), rapid heartbeat, and sweating.

### Key Characteristics
*   **Diagnosis:** Usually identified via CT scans, MRIs, or biopsy, along with blood and urine tests to check hormone levels.
*   **Treatment:** The primary treatment is surgical removal of","The ""little glands"" sitting on top of your kidneys are called the **adrenal glands**. Cancer originating in these glands is generally referred to as **adrenal cortical carcinoma** (if it starts in the outer layer/cortex) or **adrenal medullary tumors** (if it starts in the inner core).

Here is a breakdown of what this means:

### What are Adrenal Glands?
Adrenal glands are small organs that produce hormones essential for survival. They control things like:
*   **Blood pressure** (via aldosterone)
*   **Stress response** (via cortisol)
*   **Metabolism and energy**
*   **Fight-or-flight responses** (via adrenaline)

### What happens when cancer occurs there?
When a tumor develops in these glands, two main things can happen:

1.  **Hormone Overproduction:** Unlike many other cancers, adrenal tumors often secrete excessive amounts of hormones into the bloodstream. This can cause symptoms long before a lump is felt, such as sudden weight gain, high blood pressure, muscle weakness, or changes in skin pigmentation.
2.  **Physical Growth:** The tumor may grow large enough to press against nearby organs or spread (metastasize) to other parts of the body, such as the lungs or liver.

### Is it always cancer?
It is important to note that most growths found on the adrenal glands are **benign (non-cancerous","**Adrenal gland cancer**, specifically known as **adrenocortical carcinoma (ACC)**, is a rare malignancy that originates in the cortex (the outer layer) of the adrenal glands.

To understand what it means to have cancer in these specific glands, it is helpful to look at their function and location:

### 1. Location and Function
The adrenal glands are two small, triangle-shaped organs sitting directly on top of each kidney. They are part of the endocrine system and are responsible for producing hormones essential for survival, including:
*   **Cortisol:** Regulates metabolism, stress response, and blood pressure.
*   **Aldosterone:** Manages salt and water balance to control blood pressure.
*   **Adrenaline/Noradrenaline:** Triggers the ""fight or flight"" response.

### 2. What Happens During Adrenal Cancer?
When cancer develops in these glands, it typically manifests in one of two ways:

*   **Hormone Overproduction (Functional Tumors):** Many adrenal cancers secrete excessive amounts of hormones. For example, too much cortisol can lead to **Cushing’s syndrome**, characterized by weight gain, high blood pressure, and skin thinning. Too much aldosterone can cause dangerously high blood pressure and low potassium levels.
*   **Non-functional Tumors:** Some tumors do not produce hormones; they may be discovered incidentally during imaging tests for other conditions (""incidentalomas"").

### 3",4.724648354380098,1.952923356533916,3.81275583571022,45.979093179857166,41.37353512334708,43.19970206298033,17.763157894736846,14.012738853503183,13.924050632911392,41.44736842105263,33.75796178343949,37.34177215189873,0.0,0.0,0.0,42.85714285714285,33.92857142857143,37.5,30.76923076923077,22.35294117647059,24.705882352941178,35.82089552238806,26.95035460992908,29.78723404255319,0.8427415490150452,0.8278722167015076,0.8320153951644897,0.9999998807907104,0.6013485789299011,0.8684101700782776,3,3,3
gemma-4-31B-it (4bit),gemma4_31b_q6k_ref.yaml,4bit,overgeneralization,14,What is (are) Adrenal Gland Disorders ?,"what are the diff kinds of hormone gland problems in the body, esp the little ones by the kidneys, and how do those issues usually mess you up or make you feel off ?","What are the different types of endocrine gland disorders in the body, especially disorders of the adrenal glands above the kidneys, and what symptoms do they usually cause?","The adrenal glands are small glands located on top of each kidney. They produce hormones that you can't live without, including sex hormones and cortisol. Cortisol helps you respond to stress and has many other important functions. With adrenal gland disorders, your glands make too much or not enough hormones. In Cushing's syndrome, there's too much cortisol, while with Addison's disease, there is too little. Some people are born unable to make enough cortisol. Causes of adrenal gland disorders include - Genetic mutations - Tumors including pheochromocytomas - Infections - A problem in another gland, such as the pituitary, which helps to regulate the adrenal gland - Certain medicines Treatment depends on which problem you have. Surgery or medicines can treat many adrenal gland disorders. NIH: National Institute of Child Health and Human Development","**Adrenal gland disorders** are conditions caused by an imbalance in the production of hormones secreted by the adrenal glands—two small organs located on top of each kidney. These glands produce essential hormones including cortisol, aldosterone, adrenaline (epinephrine), and sex hormones.

These disorders generally fall into two categories: **hyperfunction** (overproduction of hormones) and **hypofunction** (underproduction of hormones).

### 1. Hyperfunction (Overproduction)
*   **Cushing’s Syndrome:** Occurs when there is too much **cortisol**. This can be caused by tumors in the pituitary or adrenal glands, or prolonged use of corticosteroid medications. Symptoms include weight gain (central obesity), ""moon face,"" and high blood pressure.
*   **Conn’s Syndrome (Primary Aldosteronism):** Occurs when there is excess **aldosterone**, usually due to a benign tumor. This leads to sodium retention and potassium loss, resulting in hypertension (high blood pressure).
*   **Pheochromocytoma:** A rare tumor of the adrenal medulla that causes overproduction of **adrenaline/noradrenaline**, leading to episodes of severe hypertension, rapid heartbeat, and anxiety.

### 2. Hypofunction (Underproduction)
*   **Addison’s Disease (Primary Adrenal Insufficiency):** Occurs when the adrenal cortex is damaged (often by autoimmune disease), leading to a deficiency in both **cortisol and aldosterone**. Symptoms","*Disclaimer: I am an AI, not a doctor. If you are experiencing symptoms, please consult a healthcare provider for diagnosis and treatment.*

Hormone glands (the endocrine system) regulate almost every function in your body. When they malfunction, it is typically due to either **hyperfunction** (producing too much hormone) or **hypofunction** (producing too little).

### The ""Little Ones"" by the Kidneys: Adrenal Glands
The small, triangle-shaped glands sitting atop your kidneys are the **adrenal glands**. They produce several critical hormones, and problems with them generally fall into two categories:

#### 1. Cortisol Issues (Stress Hormone)
*   **Too Much (Cushing’s Syndrome):** Can cause rapid weight gain (especially around the midsection and upper back), a rounded ""moon face,"" thinning skin, easy bruising, and high blood pressure.
*   **Too Little (Addison’s Disease):** Leads to extreme fatigue, muscle weakness, low blood pressure, salt cravings, and darkening (hyperpigmentation) of the skin.

#### 2. Aldosterone Issues (Salt/Water Balance)
*   Problems here affect your electrolytes. This can lead to dangerous swings in potassium and sodium levels, causing heart palpitations, dizziness, or severe dehydration.

---

### Other Common Hormone Gland Problems

#### Thyroid Gland (Neck)
Located in the front of the throat; regulates","Endocrine gland disorders occur when hormones are either overproduced (hyperfunction) or underproduced (hypofunction). These can be caused by tumors, autoimmune destruction, genetic mutations, or organ damage.

### 1. General Endocrine Gland Disorders
*   **Pituitary Gland:** Acromegaly/Gigantism (excess growth hormone), Diabetes Insipidus (deficiency of ADH), or Hypopituitarism.
*   **Thyroid Gland:** Hyperthyroidism (e.g., Graves' disease—weight loss, rapid heart rate) and Hypothyroidism (e.g., Hashimoto’s—fatigue, weight gain, cold intolerance).
*   **Pancreas:** Diabetes Mellitus Type 1 and Type 2 (insulin deficiency or resistance leading to high blood glucose).
*   **Parathyroid Glands:** Hyperparathyroidism (high calcium levels, kidney stones) and Hypoparathyroidism (low calcium, muscle spasms).

---

### 2. Adrenal Gland Disorders
The adrenal glands consist of two parts: the **adrenal cortex** (outer layer) and the **adrenal medulla** (inner core). They produce steroid hormones and catecholamines.

#### A. Cortisol Disorders (Glucocorticoids)
*   **Cushing’s Syndrome (Hypercortisolism):** Caused by excess cortisol.
    *   *Symptoms:* Weight gain (central obesity), """,4.402591216203224,1.2335587271823334,1.7222728993401446,42.6357437621736,36.98215255386171,38.159529038950105,21.639344262295083,16.39344262295082,11.15241635687732,38.03278688524591,32.78688524590164,29.73977695167286,0.0,0.0,0.0,33.33333333333333,19.29824561403509,28.07017543859649,25.333333333333336,12.941176470588236,20.77922077922078,28.78787878787879,15.492957746478872,23.88059701492537,0.8401641249656677,0.8250474333763123,0.812286376953125,1.0,0.5124713182449341,0.6885803937911987,3,3,2
gemma-4-31B-it (4bit),gemma4_31b_q6k_ref.yaml,4bit,typos_grammar,15,Do you have information about Advance Directives,"Do u have any informaiton abotu Advance Directvies, like what it is an how they work ?","What are advance directives, and how do they work?","Summary : What kind of medical care would you want if you were too ill or hurt to express your wishes? Advance directives are legal documents that allow you to spell out your decisions about end-of-life care ahead of time. They give you a way to tell your wishes to family, friends, and health care professionals and to avoid confusion later on. A living will tells which treatments you want if you are dying or permanently unconscious. You can accept or refuse medical care. You might want to include instructions on - The use of dialysis and breathing machines - If you want to be resuscitated if your breathing or heartbeat stops - Tube feeding - Organ or tissue donation A durable power of attorney for health care is a document that names your health care proxy. Your proxy is someone you trust to make health decisions for you if you are unable to do so. NIH: National Cancer Institute","**Advance Directives** are legal documents that allow an individual to state their preferences for medical care in the event they become unable to make decisions for themselves due to illness or injury.

There are two primary types of advance directives:

### 1. Living Will
A living will is a written document specifying which life-sustaining treatments a person does or does not want if they are terminally ill or permanently unconscious. Common specifications include:
*   **Resuscitation (CPR):** Whether chest compressions or electric shocks should be used to restart the heart.
*   **Mechanical Ventilation:** The use of machines to breathe if the lungs fail.
*   **Artificial Nutrition and Hydration:** Use of feeding tubes or IV fluids.
*   **Comfort Care:** Instructions to prioritize pain relief (palliative care) over curative treatment.

### 2. Durable Power of Attorney for Healthcare (Healthcare Proxy)
This document designates a **healthcare agent** (or proxy)—a trusted person authorized to make medical decisions on your behalf if you lose decision-making capacity. Unlike a living will, which lists specific treatments, a proxy can respond to real-time clinical situations based on their knowledge of your values.

---

### Additional Related Documents
While not always part of a formal ""advance directive"" package, these often accompany them:
*   **DNR (Do Not Resuscitate) Order:** A medical order signed by a doctor instructing healthcare providers not to perform","***Disclaimer:** I am an AI, not a doctor or lawyer. Laws regarding advance directives vary by country and state. You should consult with a healthcare provider or legal professional to ensure your documents are legally binding in your jurisdiction.*

### What is an Advance Directive?
An **Advance Directive** is a legal document that outlines your preferences for medical care if you become unable to make decisions for yourself (for example, due to a coma, dementia, or severe trauma). 

Its primary purpose is to ensure your wishes are respected and to remove the burden of guesswork from your family members during a crisis.

---

### How They Work: The Main Components
Most advance directives consist of two main parts: a **Living Will** and a **Healthcare Proxy**.

#### 1. Living Will (The ""What"")
A living will specifies which medical treatments you want—or do not want—to keep you alive. Common topics include:
*   **Ventilation:** Whether you want a machine to breathe for you.
*   **Tube Feeding:** Whether you want nutrients delivered via a tube if you cannot eat.
*   **CPR/Resuscitation:** Whether doctors should attempt to restart your heart if it stops (often linked to a DNR or ""Do Not Resuscitate"" order).
*   **Comfort Care:** Instructions to prioritize pain relief over life-prolonging measures (Palliative Care).

#### 2. Healthcare Proxy / Durable Power of Attorney","**Advance directives** are legal documents that allow an individual to state their preferences for medical treatment in the event they become unable to communicate or make decisions for themselves due to illness or injury.

### How They Work
Advance directives provide clear instructions to healthcare providers and family members, ensuring that a patient's wishes regarding life-sustaining treatments and end-of-life care are honored. There are several primary types of directives:

**1. Living Will**
A living will specifies which medical treatments a person wants—or does not want—to keep them alive. Common examples include:
*   **Ventilation:** Use of machines to breathe.
*   **Tube Feeding:** Artificial nutrition and hydration.
*   **CPR:** Cardiopulmonary resuscitation if the heart stops.
*   **Comfort Care:** Instructions to prioritize pain management over curative treatment (palliative care).

**2. Durable Power of Attorney for Healthcare (Healthcare Proxy)**
This document designates a specific person (a ""healthcare agent"" or ""proxy"") to make medical decisions on the patient's behalf if they become incapacitated. This is often preferred because it allows for flexibility as a medical situation evolves.

**3. Do Not Resuscitate (DNR) / Physician Orders for Life-Sustaining Treatment (POLST)**
While a living will expresses general wishes, a DNR or POLST is a formal medical order signed by a doctor. It instructs emergency responders and hospital staff specifically *not",4.634633875428818,1.6985791227284728,3.2278059786164484,45.094294824159526,46.01119334082136,42.8087095017795,25.495750708215297,21.203438395415475,22.6628895184136,41.926345609065166,46.41833810888252,40.226628895184135,0.0,0.0,0.0,31.666666666666664,30.0,35.0,24.050632911392405,26.47058823529412,26.25,27.33812949640288,28.125,30.0,0.8525314927101135,0.8422793745994568,0.8531805872917175,0.9999999403953552,0.3716906011104584,0.9194045662879944,4,4,3
gemma-4-31B-it (4bit),gemma4_31b_q6k_ref.yaml,4bit,ambiguity,16,Do you have information about African American Health,"Do you have any info on health stuff for Black people, like the kinds of problems that come up more or things they should watch for?","What health conditions are more common or important to monitor in Black individuals, and what preventive screenings or warning signs should they be aware of?","Summary : Every racial or ethnic group has specific health concerns. Differences in the health of groups can result from - Genetics - Environmental factors - Access to care - Cultural factors On this page, you'll find links to health issues that affect African Americans.","African American health is characterized by a complex interplay of genetic predispositions, socioeconomic factors (social determinants of health), and systemic disparities in healthcare access and quality.

Below is an overview of key areas concerning African American health outcomes:

### 1. Chronic Disease Prevalence
Certain chronic conditions occur at higher rates within the African American population due to a combination of environmental stressors and biological factors:
*   **Hypertension & Cardiovascular Disease:** African Americans have some of the highest rates of hypertension globally, which increases the risk of heart disease and stroke.
*   **Diabetes:** There is a disproportionately high prevalence of Type 2 diabetes, often linked to higher rates of obesity and limited access to nutritious foods (""food deserts"").
*   **Sickle Cell Disease:** This genetic blood disorder occurs most frequently in people of African descent.

### 2. Maternal and Infant Health
There are significant disparities in maternal health outcomes regardless of income or education level:
*   **Maternal Mortality:** Black women are significantly more likely to die from pregnancy-related complications than white women.
*   **Infant Mortality:** The infant mortality rate for African American infants is substantially higher, often attributed to inadequate prenatal care and systemic biases in clinical treatment.

### 3. Social Determinants of Health (SDOH)
Health outcomes are heavily influenced by non-medical factors:
*   **Economic Stability:** Disparities in wealth and employment affect the ability to afford healthy food, safe housing","*Disclaimer: I am an AI, not a doctor. The following information is based on public health data and clinical guidelines. Please consult a healthcare provider for personalized medical advice.*

Certain health conditions occur at higher rates among Black populations due to a complex combination of genetic factors, socioeconomic disparities, environmental influences, and systemic inequities in healthcare access.

Here are the primary areas where Black individuals may face increased risks and what to monitor:

### 1. Cardiovascular Health
Black adults have some of the highest rates of **hypertension (high blood pressure)** globally. This increases the risk of heart disease and stroke.
*   **What to watch for:** Regular monitoring of blood pressure. Hypertension often has no symptoms (""the silent killer""), so routine screenings are essential.
*   **Focus:** Low-sodium diets and cardiovascular exercise.

### 2. Metabolic Health & Diabetes
There is a higher prevalence of **Type 2 diabetes** and obesity within Black communities, which can lead to complications such as kidney failure and vision loss.
*   **What to watch for:** Blood glucose levels (A1C tests) and waist circumference.
*   **Focus:** Managing sugar intake and maintaining a healthy weight through nutrition and activity.

### 3. Hematologic Conditions
**Sickle Cell Disease (SCD)** occurs most frequently in people whose ancestors come from sub-Saharan Africa, Southeast Asia, Saudi Arabia, and India.
*   **What to watch for:**","*Disclaimer: I am an AI, not a doctor. This information is for educational purposes and should not replace professional medical advice from a healthcare provider.*

Certain health conditions occur at higher rates among Black individuals due to a complex interplay of genetics, systemic socioeconomic disparities, environmental factors, and access to care. 

### 1. Cardiovascular Health (Hypertension & Heart Disease)
Black individuals have some of the highest rates of hypertension (high blood pressure) globally, often developing it earlier in life.
*   **What to Monitor:** Blood pressure levels and cholesterol.
*   **Preventive Screenings:** Regular BP checks; lipid panels to screen for high cholesterol.
*   **Warning Signs:** Chest pain, shortness of breath, sudden weakness/numbness (stroke symptoms), or chronic fatigue.

### 2. Metabolic Health (Type 2 Diabetes)
There is a higher prevalence of Type 2 diabetes and associated complications (such as kidney disease) in Black populations.
*   **What to Monitor:** Fasting glucose levels and A1c.
*   **Preventive Screenings:** Routine A1c tests starting at age 35 (or earlier if overweight). Annual foot exams and dilated eye exams to check for neuropathy and retinopathy.
*   **Warning Signs:** Excessive thirst, frequent urination, blurred vision, or slow-healing sores.

### 3. Hematologic Conditions (Sickle Cell Disease)
Sickle cell trait or",0.4343498469493076,0.232318620707277,0.408586994182759,25.17456280149718,22.832228117881048,23.569858337502588,9.56175298804781,7.468879668049793,8.81057268722467,14.342629482071713,12.448132780082986,13.215859030837004,0.0,0.0,0.0,25.0,12.5,6.25,4.166666666666666,2.197802197802198,1.1363636363636365,7.142857142857142,3.738317757009346,1.9230769230769231,0.8315717577934265,0.8258921504020691,0.8213581442832947,1.0,0.794005274772644,0.6020215749740601,3,4,2
gemma-4-31B-it (4bit),gemma4_31b_q6k_ref.yaml,4bit,layperson,17,What is (are) After Surgery ?,"what all can happn after you get somthing done at the hospitol, like after they fix stuff and your home agian ?",What complications or symptoms can occur after a hospital procedure or treatment once you have returned home?,"After any operation, you'll have some side effects. There is usually some pain with surgery. There may also be swelling and soreness around the area that the surgeon cut. Your surgeon can tell you which side effects to expect. There can also be complications. These are unplanned events linked to the operation. Some complications are infection, too much bleeding, reaction to anesthesia, or accidental injury. Some people have a greater risk of complications because of other medical conditions. Your surgeon can tell you how you might feel and what you will be able to do - or not do - the first few days, weeks, or months after surgery. Some other questions to ask are - How long you will be in the hospital - What kind of supplies, equipment, and help you might need when you go home - When you can go back to work - When it is ok to start exercising again - Are they any other restrictions in your activities Following your surgeon's advice can help you recover as soon as possible. Agency for Healthcare Quality and Research","""After surgery,"" medically referred to as the **postoperative period**, refers to the phase of care that begins immediately after a surgical procedure ends and continues until the patient has fully recovered.

This period is typically divided into three main stages:

**1. Immediate Post-Operative Phase (PACU)**
Immediately following surgery, patients are monitored in the **Post-Anesthesia Care Unit (PACU)** or recovery room. The primary focus here is stabilizing vital signs (heart rate, blood pressure, breathing) and monitoring the patient as they wake up from anesthesia.

**2. Intermediate/Inpatient Phase**
If the patient remains in the hospital, this stage involves managing acute needs such as:
*   **Pain Management:** Administering analgesics to control post-surgical pain.
*   **Wound Care:** Monitoring incisions for infection or bleeding.
*   **Fluid Balance:** Ensuring proper hydration via IVs or oral intake.
*   **Early Mobilization:** Encouraging movement to prevent complications like deep vein thrombosis (blood clots).

**3. Long-term Recovery (Convalescence)**
Once discharged, the postoperative period extends to home recovery. This includes:
*   **Follow-up Appointments:** Checking with surgeons to ensure healing is progressing correctly.
*   **Physical Therapy:** Rehabilitating strength or mobility if applicable.
*   **Medication Adherence:** Completing courses of antibiotics or taking prescribed anticoagulants.
*","*Disclaimer: I am an AI, not a doctor. If you are experiencing severe symptoms or have specific questions about your discharge papers, contact your healthcare provider immediately.*

What happens after hospital treatment depends entirely on the procedure performed, but recovery generally falls into these categories:

### 1. Normal Recovery Symptoms (Expected)
Depending on the surgery or treatment, it is common to experience:
*   **Fatigue:** Your body uses significant energy to heal, leading to tiredness and sleepiness.
*   **Pain/Soreness:** Mild to moderate pain around incision sites or affected areas.
*   **Swelling/Bruising:** Common after any invasive procedure as inflammation occurs during healing.
*   **Brain Fog:** A lingering effect of anesthesia or heavy medications that may make you feel ""fuzzy"" for a few days.

### 2. Required Aftercare (Management)
To ensure a full recovery, patients usually follow a **discharge plan**, which includes:
*   **Medication Management:** Taking antibiotics to prevent infection or painkillers to manage discomfort.
*   **Wound Care:** Keeping incisions clean and dry, and changing bandages as instructed.
*   **Activity Restrictions:** Limits on lifting heavy objects, driving, or returning to work.
*   **Follow-up Appointments:** Visiting the doctor to remove stitches or check progress via imaging (X-rays/blood tests).

### 3. Potential Complications (Warning Signs)","Post-procedure complications can vary depending on the type of surgery or treatment received, but they generally fall into several common categories. If any of these occur after returning home, prompt medical attention is required.

### 1. Infection (Surgical Site or Systemic)
*   **Symptoms:** Redness, warmth, swelling, or foul-smelling drainage at the incision site; new or worsening pain; fever or chills.
*   **Systemic signs:** General malaise or shaking chills (rigors).

### 2. Blood Clots (Deep Vein Thrombosis & Pulmonary Embolism)
*   **DVT Symptoms:** Swelling in one leg (usually the calf), tenderness, redness, or skin that feels warm to the touch.
*   **PE Symptoms (Emergency):** Sudden shortness of breath, chest pain that worsens with deep breaths, rapid heart rate, or coughing up blood.

### 3. Cardiovascular and Respiratory Issues
*   **Cardiac events:** Chest pain, pressure, or palpitations.
*   **Respiratory distress:** Shortness of breath, wheezing, or low oxygen saturation.
*   **Fluid overload:** Increased swelling in ankles/legs or difficulty breathing when lying flat.

### 4. Gastrointestinal and Urinary Complications
*   **Ileus/Bowel Obstruction:** Severe bloating, inability to pass gas or stool, nausea, and vomiting.
*   **Urinary Tract Infection (UTI",1.0772837953547267,0.8667298432701132,0.7982888646615997,36.06067496739173,37.46685191322962,33.56408643391168,9.090909090909092,10.644257703081234,8.187134502923977,21.02272727272727,29.13165266106443,18.71345029239766,0.0,0.0,0.0,15.625,20.3125,12.5,11.76470588235294,13.684210526315791,9.090909090909092,13.422818791946307,16.352201257861637,10.526315789473683,0.808100163936615,0.8224071860313416,0.8029859662055969,1.0,0.2722005844116211,0.4667199850082397,2,3,2
gemma-4-31B-it (4bit),gemma4_31b_q6k_ref.yaml,4bit,incomplete,18,Do you have information about Air Pollution,do u have any info on bad air stuff and what it can do?,What health effects can poor air quality or air pollution have on the body?,"Summary : Air pollution is a mixture of solid particles and gases in the air. Car emissions, chemicals from factories, dust, pollen and mold spores may be suspended as particles. Ozone, a gas, is a major part of air pollution in cities. When ozone forms air pollution, it's also called smog. Some air pollutants are poisonous. Inhaling them can increase the chance you'll have health problems. People with heart or lung disease, older adults and children are at greater risk from air pollution. Air pollution isn't just outside - the air inside buildings can also be polluted and affect your health. Environmental Protection Agency","Air pollution refers to the presence of harmful substances—chemicals, particulate matter, or biological molecules—in the Earth's atmosphere that adversely affect human health and the environment.

### Common Pollutants
*   **Particulate Matter (PM2.5 and PM10):** Tiny particles from combustion, dust, and industrial processes that can penetrate deep into the lungs and enter the bloodstream.
*   **Nitrogen Dioxide ($\text{NO}_2$):** Primarily produced by vehicle emissions; contributes to respiratory inflammation.
*   **Sulfur Dioxide ($\text{SO}_2$):** Produced by burning fossil fuels containing sulfur (e.g., coal); causes airway constriction.
*   **Ground-level Ozone ($\text{O}_3$):** Formed when pollutants react with sunlight; it is a powerful lung irritant.
*   **Carbon Monoxide (CO):** A colorless, odorless gas that interferes with the blood's ability to carry oxygen.

### Health Impacts
Exposure to air pollution affects multiple organ systems:

1.  **Respiratory System:** 
    *   Exacerbation of asthma and Chronic Obstructive Pulmonary Disease (COPD).
    *   Increased susceptibility to respiratory infections.
    *   Reduced lung function growth in children.
2.  **Cardiovascular System:** 
    *   Increased risk of myocardial infarction (heart attack) and stroke due to systemic inflammation and oxidative stress.","""Bad air,"" or air pollution, refers to the presence of harmful substances in the atmosphere—such as particulate matter (PM2.5), nitrogen dioxide ($\text{NO}_2$), sulfur dioxide ($\text{SO}_2$), ozone ($\text{O}_3$), and carbon monoxide ($\text{CO}$). These pollutants enter the body primarily through inhalation and can affect multiple organ systems.

### Short-Term Effects (Acute)
When air quality is poor (e.g., during smog events or wildfires), you may experience immediate symptoms:
*   **Respiratory Irritation:** Coughing, wheezing, shortness of breath, and irritation of the nose, throat, and eyes.
*   **Exacerbation of Existing Conditions:** Triggering of asthma attacks or worsening of Chronic Obstructive Pulmonary Disease (COPD).
*   **Increased Sensitivity:** Increased susceptibility to respiratory infections like bronchitis or pneumonia.

### Long-Term Effects (Chronic)
Prolonged exposure to polluted air can lead to permanent health damage:
*   **Lung Damage:** Reduced lung function over time and the development of chronic respiratory diseases.
*   **Cardiovascular Issues:** Fine particles (PM2.5) can enter the bloodstream, increasing the risk of heart attack, stroke, and hypertension.
*   **Systemic Inflammation:** Pollution can trigger systemic inflammation, which is linked to metabolic issues and cognitive decline.
*   **Cancer Risk:** Certain airborne carcinogens (like","Poor air quality and air pollution affect nearly every organ system in the body, primarily through the inhalation of particulate matter (PM2.5 and PM10), nitrogen dioxide ($\text{NO}_2$), sulfur dioxide ($\text{SO}_2$), and ozone ($\text{O}_3$).

The primary health effects include:

**1. Respiratory System**
*   **Acute Effects:** Irritation of the airways, coughing, wheezing, and shortness of breath. It can trigger asthma attacks and exacerbate Chronic Obstructive Pulmonary Disease (COPD).
*   **Chronic Effects:** Reduced lung function growth in children, chronic bronchitis, and an increased risk of developing lung cancer due to prolonged exposure to carcinogens.

**2. Cardiovascular System**
*   **Systemic Inflammation:** Fine particles (PM2.5) can enter the bloodstream, causing systemic inflammation and oxidative stress.
*   **Heart Health:** Increased risk of myocardial infarction (heart attack), hypertension, and arrhythmias. 
*   **Stroke:** Air pollution is linked to an increase in ischemic strokes by promoting atherosclerosis (hardening of the arteries).

**3. Neurological and Cognitive Effects**
*   **Brain Health:** Emerging research indicates that ultrafine particles can reach the brain via the olfactory bulb, potentially contributing to neuroinflammation.
*   **Cognitive Decline:** Long-term exposure is associated with accelerated cognitive decline and an increased risk of dementia and Alzheimer's disease.

**",1.1994184365900835,0.9647528854584289,1.0382058646751946,34.86080478569901,32.77216232195112,32.3789304377279,12.075471698113208,12.903225806451612,11.469534050179211,26.41509433962264,23.65591397849462,22.939068100358423,0.0,0.0,0.0,20.833333333333336,18.75,20.833333333333336,14.084507042253522,10.0,12.34567901234568,16.80672268907563,13.043478260869568,15.503875968992247,0.8146215081214905,0.815831184387207,0.8091490864753723,0.9999998807907104,0.6020172238349915,0.6214293241500854,4,3,2
gemma-4-31B-it (4bit),gemma4_31b_q6k_ref.yaml,4bit,overgeneralization,19,Do you have information about Alcohol,do you have any info on things people use or drink and how that,"What substances or beverages do people commonly use or drink, and how do they affect health?","Summary : If you are like many Americans, you drink alcohol at least occasionally. For many people, moderate drinking is probably safe. It may even have health benefits, including reducing your risk of certain heart problems. For most women and for most people over 65, moderate drinking is no more than three drinks a day or seven drinks per week. For men under 65, it is no more than four drinks a day or 14 drinks per week. Some people should not drink at all, including alcoholics, children, pregnant women, people taking certain medicines, and people with certain medical conditions. If you have questions about whether it is safe for you to drink, speak with your health care provider. Anything more than moderate drinking can be risky. Heavy drinking can lead to alcoholism and alcohol abuse, as well as injuries, liver disease, heart disease, cancer, and other health problems. It can also cause problems at home, at work, and with friends. NIH: National Institute on Alcohol Abuse and Alcoholism","Alcohol (ethanol) is a psychoactive substance produced by the fermentation of sugars by yeast. In a medical context, it is analyzed through its effects on physiology, pharmacology, and public health.

### 1. Physiological Effects
*   **Central Nervous System (CNS):** Alcohol acts as a CNS depressant. It enhances the effect of GABA (an inhibitory neurotransmitter), leading to slowed reaction times, impaired judgment, and loss of motor coordination.
*   **Liver:** Chronic consumption can lead to fatty liver (steatosis), alcoholic hepatitis, and cirrhosis (irreversible scarring).
*   **Cardiovascular:** While moderate intake is sometimes debated regarding heart health, excessive use often leads to hypertension, cardiomyopathy, and increased risk of stroke.
*   **Metabolism:** Ethanol is primarily metabolized in the liver via the enzyme alcohol dehydrogenase into acetaldehyde (a toxic byproduct) and then into acetate.

### 2. Medical Risks and Complications
*   **Dependence/Addiction:** Long-term use can lead to Alcohol Use Disorder (AUD), characterized by an inability to stop drinking despite negative consequences.
*   **Withdrawal:** Severe dependence can result in withdrawal symptoms ranging from tremors and anxiety to life-threatening conditions like **Delirium Tremens (DTs)** or seizures.
*   **Interactions:** Alcohol potentiates the effects of other sedatives (benzodiazepines, opioids), which significantly increases the risk of fatal respiratory depression.

### 3","It appears your question was cut off. To provide an accurate and helpful response, please specify what substances (medications, supplements, herbal teas, etc.) you are asking about and what specific effect or interaction you are concerned with (e.g., ""how they affect blood pressure"" or ""how they interact with other medications"").

**Important Safety Note:** 
If you are experiencing a medical emergency or suspect an overdose/poisoning, please contact emergency services immediately or call the **Poison Control Center at 1-800-222-1222** (in the US).

I am ready to provide information once you complete your question.","Commonly consumed substances and beverages have diverse effects on human health, ranging from essential hydration to chronic disease risk.

### 1. Water
*   **Effect:** Essential for all bodily functions, including temperature regulation, joint lubrication, and nutrient transport.
*   **Health Impact:** Proper hydration prevents kidney stones, improves cognitive function, and maintains skin elasticity. Dehydration can lead to fatigue and impaired organ function.

### 2. Caffeine (Coffee, Tea, Energy Drinks)
*   **Mechanism:** Acts as a central nervous system stimulant by blocking adenosine receptors in the brain.
*   **Positive Effects:** Improved alertness, increased metabolic rate, and potential neuroprotective properties (e.g., reduced risk of Parkinson's).
*   **Negative Effects:** Excessive intake can cause insomnia, anxiety, tachycardia (rapid heart rate), and digestive upset.

### 3. Sugar-Sweetened Beverages (Sodas, Fruit Juices)
*   **Mechanism:** High concentrations of sucrose or high-fructose corn syrup leading to rapid glucose spikes.
*   **Health Impact:** Chronic consumption is strongly linked to insulin resistance, Type 2 diabetes, obesity, and non-alcoholic fatty liver disease (NAFLD). It also contributes significantly to dental caries (cavities).

### 4. Alcohol
*   **Mechanism:** A depressant that affects GABA and glutamate receptors in the brain.
*   **Short-term Effects:** Impaired judgment, slowed",1.6855841365763051,1.1305120551209116,1.4011759258408705,33.167802042982125,22.08458895643689,31.42280504528833,10.37463976945245,7.782101167315175,11.594202898550725,20.7492795389049,16.34241245136187,19.130434782608692,0.0,0.0,0.0,9.333333333333334,0.0,6.666666666666667,9.333333333333334,0.0,6.329113924050633,9.333333333333334,0.0,6.493506493506494,0.8049041628837585,0.8103026151657104,0.7964754700660706,1.0,0.6680300831794739,0.5440229177474976,2,2,2
gemma-4-31B-it (4bit),gemma4_31b_q6k_ref.yaml,4bit,typos_grammar,20,What is (are) Alcoholism and Alcohol Abuse ?,"What is alchoholism and alchohol abuse, are they the same thing or not ?","What is the difference between alcoholism and alcohol abuse, and are they the same condition?","For most adults, moderate alcohol use is probably not harmful. However, about 18 million adult Americans have an alcohol use disorder. This means that their drinking causes distress and harm. It includes alcoholism and alcohol abuse. Alcoholism, or alcohol dependence, is a disease that causes - Craving - a strong need to drink - Loss of control - not being able to stop drinking once you've started - Physical dependence - withdrawal symptoms - Tolerance - the need to drink more alcohol to feel the same effect With alcohol abuse, you are not physically dependent, but you still have a serious problem. The drinking may cause problems at home, work, or school. It may cause you to put yourself in dangerous situations, or lead to legal or social problems. Another common problem is binge drinking. It is drinking about five or more drinks in two hours for men. For women, it is about four or more drinks in two hours. Too much alcohol is dangerous. Heavy drinking can increase the risk of certain cancers. It can cause damage to the liver, brain, and other organs. Drinking during pregnancy can harm your baby. Alcohol also increases the risk of death from car crashes, injuries, homicide, and suicide. If you want to stop drinking, there is help. Start by talking to your health care provider. Treatment may include medicines, counseling, and support groups. NIH: National Institute on Alcohol Abuse and Alcoholism","**Alcohol abuse** and **alcoholism** (clinically referred to as **Alcohol Use Disorder** or AUD) describe different patterns of harmful alcohol consumption. While these terms were used distinctly in the past, modern medicine groups them under one spectrum known as Alcohol Use Disorder, ranging from mild to severe.

### 1. Alcohol Abuse
Alcohol abuse refers to a pattern of drinking that results in negative consequences for the individual's health, social life, or legal standing, but does not necessarily involve physical dependence. Examples include:
*   **Binge Drinking:** Consuming large amounts of alcohol in a short period.
*   **Risky Behavior:** Driving while intoxicated or neglecting professional/family responsibilities due to drinking.
*   **Health Impact:** Using alcohol in ways that cause injury or exacerbate existing medical conditions.

### 2. Alcoholism (Alcohol Dependence)
Alcoholism is the more severe end of the spectrum characterized by a physiological and psychological compulsion to drink. It involves:
*   **Tolerance:** Needing larger amounts of alcohol to achieve the same effect.
*   **Withdrawal:** Experiencing physical symptoms (such as tremors, nausea, or seizures) when stopping or reducing alcohol intake.
*   **Loss of Control:** An inability to stop drinking once started or an inability to limit the amount consumed despite wanting to do so.
*   **Craving:** Intense urges or ""cravings"" for alcohol.

### Summary Table
|","**Alcohol abuse** and **alcoholism** (clinically referred to as Alcohol Use Disorder or AUD) are related but distinct concepts. While often used interchangeably in casual conversation, they represent different levels of severity regarding alcohol consumption.

### 1. Alcohol Abuse
Alcohol abuse occurs when a person consumes alcohol in a way that causes significant problems with their health, relationships, work, or social obligations, but has **not yet developed a physical or psychological dependence**.

Examples of alcohol abuse include:
*   **Binge drinking:** Consuming large amounts of alcohol in a short period.
*   **Risky behavior:** Drinking and driving or using alcohol in dangerous situations.
*   **Negative consequences:** Missing work or experiencing arguments with family due to drinking habits.

A person abusing alcohol may drink excessively and face negative outcomes, but they can generally stop drinking without experiencing withdrawal symptoms.

### 2. Alcoholism (Alcohol Dependence/AUD)
Alcoholism refers to a chronic disease characterized by an **inability to stop or control drinking**, regardless of the negative consequences. It involves both physiological and psychological dependence.

Key characteristics of alcoholism include:
*   **Tolerance:** Needing more alcohol to achieve the same effect.
*   **Withdrawal:** Experiencing physical symptoms (shaking, nausea, anxiety, seizures) when stopping or reducing intake.
*   **Compulsion:** An intense craving for alcohol and spending a significant amount of time obtaining or recovering from it","No, **alcoholism** and **alcohol abuse** are not the same condition, although both fall under the broader clinical umbrella of **Alcohol Use Disorder (AUD)**.

The primary difference lies in the level of severity and the presence of physical or psychological dependence.

### Alcohol Abuse
Alcohol abuse refers to a pattern of drinking that leads to negative consequences in one's life but does not necessarily involve a physiological addiction. A person abusing alcohol may drink excessively in specific situations (binge drinking) or use alcohol to cope with stress, leading to problems such as:
*   Driving under the influence (DUI).
*   Neglecting professional or family responsibilities.
*   Engaging in risky behaviors while intoxicated.
*   Experiencing legal issues related to drinking.

In this stage, the individual can typically stop drinking for periods without experiencing physical withdrawal symptoms.

### Alcoholism (Alcohol Dependence)
Alcoholism—clinically referred to as **alcohol dependence**—is a more severe chronic disease characterized by an inability to control or stop drinking despite adverse social, occupational, or health consequences. Key indicators include:
*   **Tolerance:** Needing larger amounts of alcohol to achieve the desired effect.
*   **Withdrawal:** Experiencing physical symptoms (such as tremors, nausea, or seizures) when stopping or reducing intake.
*   **Compulsion:** An intense craving or obsession with alcohol that overrides other priorities.
*   **Loss of Control:**",2.819271743164768,3.414095889201277,1.318132192533879,40.48935612534955,42.65244176941415,40.868927343361456,15.980629539951574,15.274463007159902,15.980629539951574,38.256658595641646,38.66348448687351,39.70944309927361,0.0,0.0,0.0,26.36363636363636,27.27272727272727,27.27272727272727,32.95454545454545,35.714285714285715,35.714285714285715,29.292929292929287,30.92783505154639,30.92783505154639,0.8341144323348999,0.8339939713478088,0.8303096890449524,1.0,0.7763404846191406,0.8178256750106812,4,4,4
gemma-4-31B-it (4bit),gemma4_31b_q6k_ref.yaml,4bit,ambiguity,21,What is (are) Allergy ?,"when your body acts up around certain stuff and you get weird reactions, what is that whole thing actually?",What is it called when your body has unusual reactions after being exposed to certain substances or triggers?,"An allergy is a reaction by your immune system to something that does not bother most other people. People who have allergies often are sensitive to more than one thing. Substances that often cause reactions are - Pollen - Dust mites - Mold spores - Pet dander - Food - Insect stings - Medicines Normally, your immune system fights germs. It is your body's defense system. In most allergic reactions, however, it is responding to a false alarm. Genes and the environment probably both play a role. Allergies can cause a variety of symptoms such as a runny nose, sneezing, itching, rashes, swelling, or asthma. Allergies can range from minor to severe. Anaphylaxis is a severe reaction that can be life-threatening. Doctors use skin and blood tests to diagnose allergies. Treatments include medicines, allergy shots, and avoiding the substances that cause the reactions. NIH: National Institute of Allergy and Infectious Diseases","An **allergy** is an exaggerated immune system response to a typically harmless substance called an **allergen**. 

While the immune system normally protects the body against harmful pathogens (like bacteria or viruses), in an allergic reaction, it mistakenly identifies a benign substance as a threat. This triggers the release of chemicals, most notably **histamine**, which causes inflammation and various physical symptoms throughout the body.

### Key Components of an Allergic Reaction:
1.  **The Allergen:** The trigger substance. Common examples include pollen, dust mites, pet dander, certain foods (peanuts, shellfish), insect stings, and medications (penicillin).
2.  **Sensitization:** The first time a person is exposed to an allergen, their immune system produces specific antibodies called **Immunoglobulin E (IgE)**. No symptoms usually occur during this phase.
3.  **Reaction:** Upon subsequent exposure, the IgE antibodies signal mast cells to release histamine into the bloodstream, leading to symptomatic reactions.

### Common Symptoms:
Depending on where the allergen enters the body, symptoms can vary:
*   **Respiratory:** Sneezing, runny nose, congestion, coughing, or wheezing (asthma).
*   **Skin:** Hives (urticaria), itching, redness, or eczema.
*   **Digestive:** Stomach cramps, nausea, vomiting, or diarrhea.
*   **Systemic:** In severe cases, a life-threatening reaction","That ""whole thing"" is called an **allergic reaction**.

An allergy occurs when your immune system overreacts to a typically harmless substance—called an **allergen** (such as pollen, pet dander, certain foods, or insect venom). 

Here is the basic breakdown of how it works:

1.  **Sensitization:** The first time your body encounters the allergen, your immune system mistakenly identifies it as dangerous and produces specific antibodies called **Immunoglobulin E (IgE)** to track it.
2.  **The Reaction:** When you encounter that substance again, these IgE antibodies signal specialized cells called **mast cells** to release chemicals into your bloodstream.
3.  **The Symptoms:** The most prominent chemical released is **histamine**, which causes the ""weird reactions"" you feel, such as swelling, itching, sneezing, hives, or congestion.

In severe cases, this process can lead to **anaphylaxis**, a life-threatening systemic reaction that affects breathing and blood pressure and requires immediate emergency medical attention.","This reaction is called an **allergic reaction** (or a **hypersensitivity reaction**).

It occurs when the immune system overreacts to a typically harmless substance—known as an **allergen**—by releasing chemicals such as histamine into the bloodstream. Depending on the severity, these reactions can range from mild symptoms (like itching or sneezing) to severe, life-threatening responses known as **anaphylaxis**.",1.790528551422502,4.0536737338506414,1.3217292397918978,42.85912400668971,41.78292623425653,26.705397876166177,16.0,21.40221402214022,14.893617021276595,30.66666666666667,36.16236162361624,25.531914893617024,0.0,0.0,0.0,26.76056338028169,22.53521126760564,12.676056338028168,21.83908045977012,26.666666666666668,45.0,24.050632911392405,24.427480916030536,19.78021978021978,0.8384191393852234,0.840648889541626,0.8431577682495117,1.0,0.4340211749076843,0.4360082745552063,4,5,4
gemma-4-31B-it (4bit),gemma4_31b_q6k_ref.yaml,4bit,layperson,22,What is (are) Alpha-1 Antitrypsin Deficiency ?,"what is that inherted thing where your body doesnt make enough of some protien to protect the lungs n maybe liver too, like why do ppl get it and what does it even do ?","What is the inherited condition in which the body does not make enough of the protein that protects the lungs and can also affect the liver, and what causes it and how does it affect the body?","Alpha-1 antitrypsin deficiency (AAT deficiency) is an inherited condition that raises your risk for lung and liver disease. Alpha-1 antitrypsin (AAT) is a protein that protects the lungs. The liver makes it. If the AAT proteins aren't the right shape, they get stuck in the liver cells and can't reach the lungs. Symptoms of AAT deficiency include - Shortness of breath and wheezing - Repeated lung infections - Tiredness - Rapid heartbeat upon standing - Vision problems - Weight loss Some people have no symptoms and do not develop complications. Blood tests and genetic tests can tell if you have it. If your lungs are affected, you may also have lung tests. Treatments include medicines, pulmonary rehab, and extra oxygen, if needed. Severe cases may need a lung transplant. Not smoking can prevent or delay lung symptoms. NIH: National Heart, Lung, and Blood Institute","**Alpha-1 Antitrypsin Deficiency (AATD)** is a genetic condition caused by a mutation in the SERPINA1 gene, which leads to a deficiency or dysfunction of the alpha-1 antitrypsin (AAT) protein.

### Pathophysiology
The AAT protein is produced primarily in the liver and released into the bloodstream. Its primary role is to protect the lungs from inflammation by inhibiting **neutrophil elastase**, an enzyme that breaks down elastin in lung tissue. 

In individuals with AATD, two main problems occur depending on the specific mutation:
1.  **Lung Damage:** Because there is not enough functional AAT reaching the lungs, neutrophil elastase goes unchecked, destroying the alveolar walls and leading to premature emphysema (COPD).
2.  **Liver Damage:** In some mutations (specifically the ZZ phenotype), the misfolded proteins cannot be secreted from the liver cells and instead accumulate within them, causing liver inflammation, cirrhosis, or liver failure.

### Key Clinical Manifestations
*   **Pulmonary:** Early-onset emphysema, chronic obstructive pulmonary disease (COPD), and shortness of breath. This risk is significantly increased in smokers.
*   **Hepatic:** Neonatal jaundice, chronic liver disease, or cirrhosis (more common in children and adults with severe deficiencies).
*   **Skin:** Rarely, it can cause panniculitis (painful nodules under the skin).

### Diagnosis and Management
*","Based on your description, you are likely referring to **Alpha-1 Antitrypsin Deficiency (AATD)**.

### What is it?
It is a genetic condition where the body doesn't produce enough of a protein called **alpha-1 antitrypsin (AAT)**. This protein is made in the liver and travels through the bloodstream to the lungs.

### Why do people get it?
People get AATD because they inherit specific mutations in the *SERPINA1* gene from their parents. It is an inherited disorder; if both parents pass down a mutated gene, the person will have a deficiency of the protective protein.

### What does the protein actually do?
The primary job of alpha-1 antitrypsin is to act as a ""shield"" for the lungs. 

1.  **In the Lungs:** The lungs naturally contain enzymes (called neutrophil elastase) that fight infections by breaking down bacteria. However, these enzymes can also attack healthy lung tissue. AAT stops these enzymes from destroying the lungs. Without enough AAT, the lung tissue breaks down over time, leading to **emphysema** or chronic obstructive pulmonary disease (COPD).
2.  **In the Liver:** Because the mutation causes the protein to be shaped incorrectly, it gets ""stuck"" inside the liver cells instead of being released into the blood. This buildup of misfolded proteins can cause inflammation, scarring (**cirrhosis**), or liver failure","The condition described is **Alpha-1 Antitrypsin Deficiency (AATD)**.

**Cause:**
It is an autosomal codominant genetic disorder caused by mutations in the **SERPINA1 gene**. This gene provides instructions for making a protein called alpha-1 antitrypsin (AAT). The mutation leads to the production of abnormal AAT proteins that cannot be properly secreted from the liver into the bloodstream.

**How it affects the body:**
*   **Lungs:** Under normal conditions, AAT protects the lungs by inhibiting neutrophil elastase, an enzyme that breaks down connective tissue. In AATD, the lack of protective AAT allows elastase to destroy healthy lung tissue, leading to premature **emphysema** and chronic obstructive pulmonary disease (COPD), even in non-smokers.
*   **Liver:** Because the misfolded AAT proteins cannot leave the liver cells, they accumulate and form aggregates. This buildup can cause inflammation, scarring (**cirrhosis**), and increase the risk of liver failure or liver cancer.",3.532390945362618,3.366312359509722,3.843921583117261,40.083191676173485,40.82996576391288,37.88027872331723,16.077170418006432,14.953271028037385,17.624521072796934,30.22508038585208,33.64485981308412,32.18390804597701,0.0,0.0,0.0,26.86567164179105,23.88059701492537,19.402985074626866,20.930232558139537,17.391304347826086,20.3125,23.52941176470588,20.12578616352201,19.84732824427481,0.8366168141365051,0.8400830626487732,0.8436876535415649,1.0,0.3786769509315491,0.3702345788478851,4,5,5
gemma-4-31B-it (4bit),gemma4_31b_q6k_ref.yaml,4bit,incomplete,23,What is (are) Alzheimer's Caregivers ?,"what are the people who take care of someone like this with bad memory stuff called, and what do they even do for them?","What are the healthcare professionals who care for someone with significant memory problems called, and what roles do they play in that person’s care?","Caring for someone who has Alzheimer's disease (AD) can be stressful and overwhelming. It's important to take care of yourself. Ask for and accept help. Talk to the doctor. Find out what treatments might help control symptoms or address behavior problems. Find a support group. Others who have ""been there"" may be able to help and will understand. If there are times of day that the person is less confused or more cooperative, take advantage of that in daily routines. Consider using adult day care or respite services. These offer a break with the peace of mind that the patient is being taken care of. Begin to plan for the future. This may include - Getting financial and legal documents in order - Looking into assisted living or nursing homes - Finding out what your health insurance and Medicare will cover NIH: National Institute on Aging","**Alzheimer’s caregivers** are individuals who provide physical, emotional, and cognitive support to people living with Alzheimer’s disease or other forms of dementia.

Caregivers generally fall into two categories:

1.  **Family/Informal Caregivers:** These are typically unpaid family members (spouses, adult children), friends, or neighbors who provide care in the home. They often manage daily activities such as bathing, dressing, medication administration, and supervising safety.
2.  **Professional/Formal Caregivers:** These are paid specialists, including nurses, certified nursing assistants (CNAs), home health aides, and staff at memory care facilities or skilled nursing homes.

**Key Responsibilities of an Alzheimer's Caregiver include:**
*   **Activities of Daily Living (ADLs):** Assisting with eating, hygiene, and mobility.
*   **Medical Management:** Coordinating doctor appointments and ensuring medications are taken correctly.
*   **Behavioral Support:** Managing symptoms like agitation, aggression, wandering, or confusion associated with cognitive decline.
*   **Environmental Safety:** Modifying the living space to prevent falls or accidents.
*   **Advocacy:** Making legal, financial, and healthcare decisions for the patient when they can no longer do so themselves.","Depending on their relationship to the patient and whether they are paid, these individuals are generally called **caregivers**.

### Types of Caregivers
*   **Family Caregivers:** Unpaid family members or friends providing support.
*   **Professional Caregivers/Home Health Aides:** Paid professionals trained in elderly or disability care.
*   **Memory Care Specialists:** Staff at specialized facilities (like Memory Care units) specifically trained in dementia and Alzheimer's disease.

### What They Do
Caregiving for someone with severe memory loss involves managing both physical needs and cognitive challenges:

**1. Activities of Daily Living (ADLs)**
They assist with basic survival tasks that the person may forget how to do or cannot manage safely, including:
*   **Hygiene:** Bathing, dressing, and grooming.
*   **Nutrition:** Preparing meals and ensuring the person remembers to eat and drink.
*   **Medication Management:** Ensuring medications are taken at the correct time and dose.

**2. Safety and Supervision**
Because memory loss can lead to disorientation, caregivers provide ""eyes-on"" supervision to prevent:
*   **Wandering:** Preventing the person from leaving the house and getting lost.
*   **Household Hazards:** Turning off stoves or ovens left running.

**3. Cognitive and Emotional Support**
They help manage the psychological effects of memory loss through:
*   **Cueing and Prompting:** Gently reminding the person","Care for individuals with significant memory loss (such as Alzheimer's disease or other dementias) typically requires an **interdisciplinary team**. The primary healthcare professionals involved include:

### 1. Specialists for Diagnosis and Medical Management
*   **Neurologists:** Physicians specializing in the brain and nervous system. They diagnose the type of dementia, manage cognitive decline, and prescribe medications to manage symptoms.
*   **Geriatricians:** Primary care physicians specialized in aging. They coordinate overall health, manage comorbidities (like hypertension or diabetes), and oversee polypharmacy (managing multiple medications).
*   **Psychiatrists/Psychologists:** Mental health experts who treat behavioral and psychological symptoms of dementia (BPSD), such as depression, anxiety, aggression, or hallucinations.

### 2. Rehabilitative and Supportive Care
*   **Occupational Therapists (OT):** Focus on ""activities of daily living"" (ADLs). They modify the home environment for safety and suggest tools to help the patient maintain independence in dressing, bathing, and eating.
*   **Speech-Language Pathologists (SLP):** Address communication difficulties (aphasia) and evaluate swallowing safety (dysphagia) to prevent choking.
*   **Physical Therapists (PT):** Work on mobility, balance, and strength to reduce the risk of falls, which is high in patients with memory impairment.

### 3. Long-term Coordination and Daily Support
*   **Social",0.8692698772799387,1.222489537543936,0.7638385221653372,37.00256335921063,34.47330132536133,34.42713555732798,11.333333333333332,9.25925925925926,13.333333333333334,28.666666666666668,26.543209876543205,26.031746031746028,0.0,0.0,0.0,19.047619047619047,17.46031746031746,17.46031746031746,15.384615384615383,11.11111111111111,12.359550561797752,17.02127659574468,13.580246913580249,14.473684210526311,0.820935845375061,0.8114507794380188,0.8093348741531372,1.0,0.5579156279563904,0.6330772042274475,3,3,1
gemma-4-31B-it (4bit),gemma4_31b_q6k_ref.yaml,4bit,overgeneralization,24,What is (are) Alzheimer's Disease ?,"what is that kind of old-age brain/memory problem where poeple get real forgetfull and confused over time, like is it just normal aging or some bigger mental health thing or what dose it even mean?","What is the medical term for the progressive memory loss and confusion that can happen in older age, and how is it different from normal aging or a mental health disorder?","Alzheimer's disease (AD) is the most common form of dementia among older people. Dementia is a brain disorder that seriously affects a person's ability to carry out daily activities. AD begins slowly. It first involves the parts of the brain that control thought, memory and language. People with AD may have trouble remembering things that happened recently or names of people they know. A related problem, mild cognitive impairment (MCI), causes more memory problems than normal for people of the same age. Many, but not all, people with MCI will develop AD. In AD, over time, symptoms get worse. People may not recognize family members. They may have trouble speaking, reading or writing. They may forget how to brush their teeth or comb their hair. Later on, they may become anxious or aggressive, or wander away from home. Eventually, they need total care. This can cause great stress for family members who must care for them. AD usually begins after age 60. The risk goes up as you get older. Your risk is also higher if a family member has had the disease. No treatment can stop the disease. However, some drugs may help keep symptoms from getting worse for a limited time. NIH: National Institute on Aging","**Alzheimer’s disease (AD)** is a progressive, irreversible neurodegenerative disorder that primarily affects the brain's memory, thinking, and behavioral functions. It is the most common cause of **dementia**, a general term for a decline in mental ability severe enough to interfere with daily life.

### Key Characteristics:
*   **Pathology:** The disease is characterized by the buildup of two abnormal structures in the brain:
    1.  **Amyloid Plaques:** Clumps of beta-amyloid protein that accumulate between neurons, disrupting cell-to-cell communication.
    2.  **Tau Tangles:** Twisted fibers of tau protein that build up inside neurons, damaging the transport system used to deliver nutrients to the cell.
*   **Brain Atrophy:** Over time, these plaques and tangles lead to the death of neurons and the shrinking (atrophy) of brain tissue, particularly in the hippocampus (the area responsible for forming new memories).

### Common Symptoms:
The progression typically occurs in stages, starting mildly and worsening over time:
*   **Early Stage:** Short-term memory loss (forgetting recent conversations or events), disorientation, and difficulty finding words.
*   **Middle Stage:** Increased confusion, personality changes, difficulty performing familiar tasks, and wandering.
*   **Late Stage:** Severe cognitive impairment, loss of speech, inability to recognize loved ones, and total dependence on caregivers for basic needs.

### Causes and","The condition you are describing is generally referred to as **dementia**.

It is important to distinguish between ""normal age-related memory loss"" and dementia:

### 1. Normal Age-Related Memory Loss
As people age, it is common for the brain to process information more slowly. Examples include:
*   Occasionally forgetting a name or where keys were placed but remembering them later.
*   Taking longer to recall a specific word.
*   These changes typically do not interfere with daily independence or safety.

### 2. Dementia (The ""Bigger Thing"")
Dementia is not a single disease; it is an umbrella term for a group of symptoms caused by physical disorders of the brain. It involves a decline in cognitive function severe enough to interfere with daily life. Key characteristics include:
*   **Memory Loss:** Forgetting recently learned information or important dates.
*   **Confusion:** Getting lost in familiar places or losing track of time and date.
*   **Cognitive Decline:** Difficulty solving problems, planning tasks, or completing familiar chores.
*   **Personality Changes:** Increased irritability, anxiety, or withdrawal from social activities.

### Common Types of Dementia
While there are many types, the most frequent are:
*   **Alzheimer’s Disease:** The most common form, characterized by plaques and tangles in the brain that disrupt cell communication.
*   **Vascular Dementia:** Caused by impaired blood flow to","The medical term for progressive memory loss and confusion associated with older age is **dementia**. It is not a single disease but an umbrella term for several diseases—the most common being Alzheimer's disease—that cause cognitive decline.

### Difference from Normal Aging
Normal age-related cognitive decline involves occasional lapses that do not interfere with daily independence. 
*   **Normal Aging:** Forgetting where you placed keys, occasionally forgetting a name but remembering it later, or taking longer to learn new tasks.
*   **Dementia:** Forgetting what keys are used for, getting lost in familiar places, or losing the ability to perform routine tasks (like dressing or cooking) due to profound disorientation.

### Difference from Mental Health Disorders
While dementia affects brain structure and function (neurodegeneration), mental health disorders primarily affect mood, perception, and behavior. However, there is often overlap:
*   **Mental Health Disorder (e.g., Depression):** In older adults, severe depression can mimic dementia by causing poor concentration and forgetfulness (sometimes called ""pseudodementia""). Unlike dementia, these symptoms are typically reversible with psychiatric treatment.
*   **Psychosis/Anxiety:** These may occur as *symptoms* of dementia, but they differ because dementia is characterized by a permanent, progressive loss of cognitive architecture rather than purely emotional or behavioral dysregulation.

***Disclaimer:** I am an AI, not a doctor. If you or a loved one are experiencing these",3.4310358188959027,2.236142918675552,1.5485333260096958,38.030326801633,38.0122803126894,38.241774120019066,13.054830287206268,10.256410256410255,9.405940594059404,25.587467362924283,31.28205128205128,32.17821782178218,0.0,0.0,0.0,13.636363636363637,15.909090909090908,20.454545454545457,13.333333333333334,15.730337078651685,20.0,13.483146067415731,15.81920903954802,20.2247191011236,0.8272438049316406,0.8255729079246521,0.8304250836372375,1.0,0.4827484786510467,0.5665711164474487,3,4,4
gemma-4-31B-it (4bit),gemma4_31b_q6k_ref.yaml,4bit,typos_grammar,25,What is (are) Amblyopia ?,"what is amblyopai exactly , and how dose it affect the eye ?","What exactly is amblyopia, and how does it affect the eye?","Amblyopia, or ""lazy eye,"" is the most common cause of visual impairment in children. It happens when an eye fails to work properly with the brain. The eye may look normal, but the brain favors the other eye. In some cases, it can affect both eyes. Causes include - Strabismus - a disorder in which the two eyes don't line up in the same direction - Refractive error in an eye - when one eye cannot focus as well as the other, because of a problem with its shape. This includes nearsightedness, farsightedness, and astigmatism. - Cataract - a clouding in the lens of the eye It can be hard to diagnose amblyopia. It is often found during a routine vision exam. Treatment for amblyopia forces the child to use the eye with weaker vision. There are two common ways to do this. One is to have the child wear a patch over the good eye for several hours each day, over a number of weeks to months. The other is with eye drops that temporarily blur vision. Each day, the child gets a drop of a drug called atropine in the stronger eye. It is also sometimes necessary to treat the underlying cause. This could include glasses or surgery. NIH: National Eye Institute","**Amblyopia**, commonly referred to as ""lazy eye,"" is a developmental disorder of the visual system where one eye fails to achieve normal visual acuity despite having no obvious structural disease in that eye. It occurs because the brain ignores or suppresses signals from one eye, favoring the other.

### Key Characteristics:
*   **Neurological Origin:** While it manifests as an eye problem, amblyopia is actually a neurological issue involving how the brain processes images from the retina.
*   **Developmental Window:** It typically develops during early childhood when the visual system is still plastic (developing). If left untreated during this critical period, the vision loss can become permanent.

### Common Causes:
1.  **Strabismus (Misaligned Eyes):** When eyes do not align properly, they send conflicting images to the brain. To avoid double vision, the brain shuts off the signal from the deviating eye.
2.  **Refractive Errors (Anisometropia):** This occurs when there is a significant difference in prescription between the two eyes (e.g., one eye has much higher myopia than the other), causing the brain to favor the clearer image.
3.  **Deprivation Amblyopia:** Physical blockage prevents light from reaching the retina, such as a congenital cataract or ptosis (drooping eyelid).

### Treatment:
The goal of treatment is to force the brain to use the weaker eye. Common methods include:
*","**Amblyopia**, commonly known as ""lazy eye,"" is a developmental vision disorder where the brain fails to properly process inputs from one of the eyes. It occurs during early childhood when the visual pathway between the eye and the brain does not develop correctly.

It is important to note that amblyopia is **not typically a problem with the eye itself**, but rather a communication issue between the eye and the brain.

### How it affects the eye and vision:

1.  **Suppression:** When two eyes send different or conflicting images to the brain (due to misalignment or a difference in prescription), the brain becomes confused. To avoid double vision or blurriness, the brain begins to ignore—or ""suppress""—the signals coming from the weaker eye.
2.  **Lack of Development:** Because the brain stops using the affected eye, the neural connections required for clear vision do not mature. This results in a permanent loss of visual acuity if left untreated.
3.  **Loss of Depth Perception:** Since depth perception (stereopsis) requires both eyes to work together perfectly, people with amblyopia often struggle to judge distances accurately.

### Common Causes:
*   **Strabismus (Misaligned Eyes):** The eyes do not line up; one may turn inward or outward, causing the brain to favor the straight eye.
*   **Refractive Errors:** One eye has significantly worse nearsightedness, farsightedness, or astig","**Amblyopia**, commonly referred to as ""lazy eye,"" is a developmental vision disorder where the brain fails to properly process inputs from one eye, leading to reduced visual acuity in that eye despite it appearing structurally normal.

It occurs when there is an interruption in the development of the neural pathways between the eye and the brain during early childhood (the critical period of visual development). 

### How It Affects the Eye and Brain
Rather than being a problem with the physical structure of the eyeball itself, amblyopia is primarily a **neurological issue**. Here is how it affects function:

1.  **Suppression:** When the two eyes send conflicting or unbalanced images to the brain, the brain becomes confused. To resolve this conflict, the brain begins to ignore (suppress) the signals coming from the weaker eye.
2.  **Neural Atrophy:** Because the brain stops utilizing the input from the affected eye, the neural connections responsible for processing sight from that eye do not develop fully. This results in permanent vision loss if left untreated.
3.  **Loss of Binocular Vision:** The person loses ""stereopsis"" (depth perception), as depth perception requires the integration of clear images from both eyes simultaneously.

### Common Causes
*   **Strabismus (Misalignment):** The eyes are not aligned; one may turn inward or outward, causing the brain to shut off the deviating eye to avoid double vision.
*   **Refractive",5.6556770132814025,6.660881258881294,5.086750567910711,41.42682101702404,43.32553581391306,39.6810532748149,17.391304347826082,17.694369973190348,15.466666666666663,39.13043478260869,40.21447721179625,40.0,0.0,0.0,0.0,30.37974683544304,32.91139240506329,30.37974683544304,25.806451612903224,29.21348314606741,26.96629213483146,27.906976744186046,30.95238095238095,28.57142857142857,0.8510255813598633,0.8508135676383972,0.8445066809654236,1.0,0.5316331386566162,0.8022565841674805,4,4,3
gemma-4-31B-it (4bit),gemma4_31b_q6k_ref.yaml,4bit,ambiguity,26,What is (are) Amyloidosis ?,What is that condition where some kind of stuff builds up in the body/organs and starts causing problems?,What is the medical condition in which abnormal substances accumulate in the body or organs and begin to cause health problems?,"Amyloidosis occurs when abnormal proteins called amyloids build up and form deposits. The deposits can collect in organs such as the kidney and heart. This can cause the organs to become stiff and unable to work the way they should. There are three main types of amyloidosis: - Primary - with no known cause - Secondary - caused by another disease, including some types of cancer - Familial - passed down through genes Symptoms can vary, depending upon which organs are affected. Treatment depends on the type of amyloidosis you have. The goal is to help with symptoms and limit the production of proteins. If another disease is the cause, it needs to be treated.","**Amyloidosis** is a rare group of diseases that occur when abnormal proteins, called **amyloids**, build up in organs and tissues throughout the body.

Under normal conditions, proteins fold into specific shapes to function correctly. In amyloidosis, these proteins misfold and clump together into insoluble fibrils (fibers). These deposits act like ""sand"" or ""sludge,"" interfering with the normal structure and function of the affected organs.

### Types of Amyloidosis
The type depends on which protein is misfolding:

1.  **AL Amyloidosis (Light Chain):** The most common form. It occurs when plasma cells in the bone marrow produce abnormal immunoglobulin light chains. This is often associated with multiple myeloma.
2.  **ATTR Amyloidosis (Transthyretin):** Caused by the buildup of transthyretin, a protein produced primarily in the liver. 
    *   **Hereditary ATTR:** Caused by a genetic mutation.
    *   **Wild-type ATTR:** Occurs spontaneously, typically in older adults (senile systemic amyloidosis).
3.  **Dialysis-related Amyloidosis:** Occurs in patients on long-term dialysis due to the buildup of $\beta_2$-microglobulin.
4.  **Localized Amyloidosis:** Deposits occur only in one organ (e.g., the bladder or salivary glands), rather than systemically.

###","Because your description is broad, there are several different conditions depending on *what* is building up and *where*. Here are the most common categories:

### 1. Metabolic or Storage Disorders (Cellular buildup)
These occur when the body lacks an enzyme to break down specific substances, leading to accumulation inside cells.
*   **Lysosomal Storage Diseases:** A group of genetic disorders (like **Tay-Sachs** or **Gaucher disease**) where waste products build up in lysosomes, damaging organs like the brain and liver.
*   **Amyloidosis:** The buildup of abnormal proteins called amyloids in organs (heart, kidneys, liver), which can lead to organ failure.

### 2. Fluid Buildup (Edema/Effusion)
This occurs when fluid collects in tissues or cavities.
*   **Edema:** Swelling caused by fluid trapped in your body's tissues (common in legs).
*   **Ascites:** Fluid buildup specifically within the abdomen, often due to liver failure.
*   **Pulmonary Edema:** Fluid buildup in the lungs, making it difficult to breathe.

### 3. Toxin or Waste Buildup (Organ Failure)
When an organ fails to filter the blood, metabolic waste accumulates.
*   **Uremia:** The buildup of urea and other nitrogenous waste in the blood due to kidney failure.
*   **Hepatic Encephalopathy:** The","The general medical term for this process is **infiltration** (or an infiltrative disease).

Depending on what specifically is accumulating, these conditions may be categorized more precisely as:

*   **Storage Disorders:** Specifically ""Lysosomal Storage Diseases"" (e.g., Gaucher disease), where genetic defects prevent the breakdown of certain substances, leading to their accumulation within cells.
*   **Amyloidosis:** A specific type of infiltration where abnormal proteins called amyloids build up in organs.
*   **Metabolic Disorders:** Conditions where metabolic dysfunction leads to the buildup of toxins or metabolites (e.g., uremia in kidney failure).",1.40401137493445,1.9591572419752183,5.765894218852616,40.304847279123,37.58480817918663,33.82527015533965,18.045112781954884,10.989010989010987,12.021857923497269,30.827067669172937,28.57142857142857,27.322404371584696,0.0,0.0,0.0,26.666666666666668,22.22222222222222,15.555555555555555,17.391304347826086,11.76470588235294,19.444444444444446,21.05263157894737,15.384615384615383,17.283950617283953,0.843289852142334,0.8327961564064026,0.8438757658004761,1.0,0.4672171473503113,0.4430215656757355,3,3,2
gemma-4-31B-it (4bit),gemma4_31b_q6k_ref.yaml,4bit,layperson,27,What is (are) Amyotrophic Lateral Sclerosis ?,"what is that nerve/muscle wasting thing called, where a person gets weaker n weaker, cant move right or talk good after awhile, is it like a body shutting down disease or somthing?","What is the name of the neurodegenerative disease that causes progressive muscle wasting and weakness, leading to difficulty moving and speaking over time?","Amyotrophic lateral sclerosis (ALS) is a nervous system disease that attacks nerve cells called neurons in your brain and spinal cord. These neurons transmit messages from your brain and spinal cord to your voluntary muscles - the ones you can control, like in your arms and legs. At first, this causes mild muscle problems. Some people notice - Trouble walking or running - Trouble writing - Speech problems Eventually, you lose your strength and cannot move. When muscles in your chest fail, you cannot breathe. A breathing machine can help, but most people with ALS die from respiratory failure. The disease usually strikes between age 40 and 60. More men than women get it. No one knows what causes ALS. It can run in families, but usually it strikes at random. There is no cure. Medicines can relieve symptoms and, sometimes, prolong survival. NIH: National Institute of Neurological Disorders and Stroke","**Amyotrophic Lateral Sclerosis (ALS)**, also known as Lou Gehrig's disease, is a progressive neurodegenerative disease that affects nerve cells in the brain and spinal cord.

Here is a breakdown of what it entails:

*   **Pathophysiology:** The disease targets **motor neurons**, which are the nerve cells responsible for controlling voluntary muscle movements. When these motor neurons degenerate and die, the brain can no longer send signals to the muscles.
*   **Effect on the Body:** As the muscles lose stimulation from the nerves, they undergo atrophy (waste away). This leads to progressive muscle weakness, stiffness (spasticity), and eventually total paralysis. 
*   **Progression:** ALS typically begins with focal weakness (such as difficulty speaking or walking) and spreads throughout the body. In its advanced stages, it affects the muscles used for swallowing, talking, and—most critically—breathing.
*   **Terminology:** The name describes the pathology:
    *   **Amyotrophic:** ""A"" (no) + ""myo"" (muscle) + ""trophic"" (nourishment); meaning muscles waste away.
    *   **Lateral Sclerosis:** Hardening (sclerosis) of the lateral columns of the spinal cord where the motor neurons are located.

While cognitive functions often remain intact, some patients may experience changes in mood or behavior (frontal lobe dysfunction). There is currently no cure for ALS, though treatments exist to","Based on your description of progressive muscle weakness, loss of motor control (difficulty moving), and difficulty speaking, you may be referring to several different conditions. Because these symptoms can overlap, they fall into a few different categories of ""nerve/muscle wasting"" diseases:

### 1. Motor Neuron Diseases (MND)
The most well-known condition fitting this description is **Amyotrophic Lateral Sclerosis (ALS)**, also known as Lou Gehrig's disease. 
*   **What happens:** The nerves that control voluntary muscles (motor neurons) degenerate and die.
*   **Progression:** This leads to muscle atrophy (wasting). As the disease spreads, patients lose the ability to walk, use their hands, swallow, and eventually speak (**dysarthria**) and breathe. It feels like the body is ""shutting down,"" though the mind usually remains fully intact.

### 2. Neuromuscular Junction Disorders
Conditions like **Myasthenia Gravis** cause communication failure between the nerve and the muscle. While not always permanent ""wasting"" in the same way as ALS, it causes severe weakness that worsens with activity and can affect speech and swallowing.

### 3. Muscular Dystrophies
These are genetic diseases where the muscle fibers themselves break down over time. Depending on the type (such as Duchenne or Becker), this results in progressive weakness and loss of mobility.

### 4. Other Possibilities","The neurodegenerative disease described is **Amyotrophic Lateral Sclerosis (ALS)**, also commonly known as Lou Gehrig's disease.",3.570698296818568,1.4153868664727758,0.0152761609261104,38.54620529317943,37.19776515672649,8.48924137531361,19.375,13.855421686746986,6.28930817610063,35.0,30.722891566265066,8.80503144654088,0.0,0.0,0.0,27.27272727272727,24.24242424242424,6.0606060606060606,20.930232558139537,17.97752808988764,80.0,23.684210526315788,20.645161290322577,11.267605633802818,0.8315834403038025,0.8276026844978333,0.8272156119346619,1.0,0.4054456949234009,0.5874876379966736,4,4,5
gemma-4-31B-it (4bit),gemma4_31b_q6k_ref.yaml,4bit,incomplete,28,Do you have information about Anabolic Steroids,do you hav any info on those muscle-building stuff?,What are the health risks and side effects of using muscle-building supplements or anabolic steroids?,"Summary : Anabolic steroids are man-made substances related to male sex hormones. Doctors use anabolic steroids to treat some hormone problems in men, delayed puberty, and muscle loss from some diseases. Bodybuilders and athletes often use anabolic steroids to build muscles and improve athletic performance. Using them this way is not legal or safe. Abuse of anabolic steroids has been linked with many health problems. They include - Acne - Breast growth and shrinking of testicles in men - Voice deepening and growth of facial hair in women - High blood pressure - Heart problems, including heart attack - Liver disease, including cancer - Kidney damage - Aggressive behavior NIH: National Institute on Drug Abuse","**Anabolic-androgenic steroids (AAS)** are synthetic variations of the male sex hormone testosterone. They are designed to mimic the effects of testosterone in the body to promote muscle growth and other masculine characteristics.

### Medical Uses
In clinical settings, doctors prescribe these medications for specific health conditions, including:
*   **Hypogonadism:** Treating men with low testosterone levels.
*   **Muscle Wasting Diseases:** Managing loss of muscle mass associated with severe burns, HIV/AIDS, or certain types of cancer.
*   **Endocrine Disorders:** Addressing hormonal imbalances during puberty or delayed growth.

### Non-Medical Use (Performance Enhancement)
When used without a prescription—often by athletes or bodybuilders—steroids are intended to increase lean muscle mass, strength, and recovery time. This is illegal in most sports and carries significant health risks due to higher dosages than those prescribed medically.

### Potential Side Effects and Risks
The misuse of anabolic steroids can lead to serious systemic complications:

**1. Hormonal & Reproductive Issues:**
*   **Men:** Shrinking of testicles, decreased sperm count (infertility), and development of breast tissue (gynecomastia).
*   **Women:** Deepening of the voice, clitoral enlargement, and irregular menstrual cycles.

**2. Cardiovascular Health:**
*   Increased risk of high blood pressure (hypertension).
*   Elevated LDL (""bad"") cholesterol and lowered HDL (""good","""Muscle-building stuff"" generally falls into three categories: nutrition, supplementation, and training protocols. Here is a concise overview of each based on sports science and medicine.

### 1. Nutrition (The Foundation)
To build muscle (hypertrophy), your body needs specific raw materials:
*   **Protein:** Essential for repairing and growing muscle tissue. The general recommendation for active individuals looking to gain muscle is **0.7 to 1 gram of protein per pound of body weight**. Sources include lean meats, fish, eggs, dairy, legumes, and tofu.
*   **Caloric Surplus:** Muscle growth typically requires eating slightly more calories than you burn daily to provide energy for synthesis.
*   **Carbohydrates:** These fuel high-intensity workouts and prevent the body from using protein as an energy source.

### 2. Supplements (Optional Aids)
Supplements are not magic pills; they only work if diet and exercise are already in place.
*   **Creatine Monohydrate:** One of the most researched supplements. It helps regenerate ATP (energy) during heavy lifting, allowing for more volume and strength gains.
*   **Whey/Plant Protein Powder:** A convenient way to meet daily protein targets, but not superior to whole food sources.
*   **Beta-Alanine & Citrulline Malate:** Often found in ""pre-workouts,"" these can help reduce fatigue and increase blood flow (the ""pump","***Disclaimer:** I am an AI, not a doctor. The following information is for educational purposes and should not replace professional medical advice.*

The health risks associated with muscle-building aids vary significantly depending on whether you are referring to legal dietary supplements (like creatine or protein) or illegal performance-enhancing drugs (anabolic steroids).

### 1. Anabolic Steroids (Synthetic Testosterone/Hormones)
Anabolic steroids carry severe systemic health risks because they alter the body's endocrine system.

**Cardiovascular Risks:**
*   **Heart Disease:** Increased risk of heart attack and stroke due to high blood pressure (hypertension).
*   **Cholesterol Imbalance:** Significant decrease in HDL (""good"") cholesterol and increase in LDL (""bad"") cholesterol.
*   **Cardiac Hypertrophy:** Abnormal enlargement of the left ventricle of the heart, which can lead to heart failure.

**Endocrine & Reproductive Side Effects:**
*   **Men:** Testicular atrophy (shrinking), decreased sperm count (infertility), and gynecomastia (development of breast tissue).
*   **Women:** Masculinization, including deepening of the voice, clitoral enlargement, and irregular menstrual cycles.
*   **Hormonal Shutdown:** Suppression of natural testosterone production, often leading to erectile dysfunction after cessation.

**Organ Damage & Other Effects:**
*   **Liver Toxicity:** Oral steroids can cause peliosis hepatis (blood-filled cysts)",1.3592597674875049,0.5137709454190683,0.8416750451998553,41.10492301464815,31.048248553739487,37.69979013091351,19.112627986348123,9.395973154362416,13.523131672597865,37.54266211604096,18.79194630872483,34.87544483985765,0.0,0.0,0.0,35.84905660377358,9.433962264150944,20.75471698113208,20.0,6.024096385542169,13.095238095238097,25.675675675675677,7.352941176470589,16.05839416058394,0.8348729610443115,0.7976714372634888,0.8169468641281128,1.0,0.4884521961212158,0.6181591749191284,4,2,2
gemma-4-31B-it (4bit),gemma4_31b_q6k_ref.yaml,4bit,overgeneralization,29,What is (are) Anal Cancer ?,"what is it called when theres a really bad growth or sick problem down there in the bottom area, like cancer or somthing, and what does that even mean for a person?","What is the medical term for a serious abnormal growth or cancer in the anal or rectal area, and what does that diagnosis mean for a person?","The anus is where stool leaves your body when you go to the bathroom. It is made up of your outer layers of skin and the end of your large intestine. Anal cancer is a disease in which cancer cells form in the tissues of the anus. Anal cancer is rare. It is more common in smokers and people over 50. You are also at higher risk if you have HPV, have anal sex, or have many sexual partners. Symptoms include bleeding, pain, or lumps in the anal area. Anal itching and discharge can also be signs of anal cancer. Doctors use tests that examine the anus to diagnose anal cancer. They include a physical exam, endoscopy, ultrasound, and biopsy. Treatments include radiation therapy, chemotherapy, and surgery. NIH: National Cancer Institute","**Anal cancer** refers to malignant tumors that develop in the anal canal—the last few inches of the large intestine leading outside the body.

### Key Facts about Anal Cancer:

*   **Type of Cells:** Most anal cancers start as **squamous cell carcinomas**, which originate in the squamous cells lining the anal canal. This differs from colon or rectal cancers, which typically begin as adenocarcinomas (glandular cells).
*   **Risk Factors:** 
    *   **HPV Infection:** The most significant risk factor is infection with high-risk strains of the Human Papillomavirus (HPV), similar to cervical cancer.
    *   **Immune Status:** Individuals with weakened immune systems (such as those with HIV/AIDS) have a higher risk.
    *   **Age and Gender:** It is more common in older adults and slightly more frequent in women.
*   **Common Symptoms:** These can often mimic other conditions like hemorrhoids, including:
    *   Rectal bleeding.
    *   A lump or mass near the anus.
    *   Anal pain or pressure.
    *   Changes in bowel habits or itching.
*   **Diagnosis and Treatment:** Diagnosis usually involves a digital rectal exam, anoscopy, and a biopsy. Treatment typically consists of a combination of radiation therapy, chemotherapy (often called chemoradiation), and surgery if necessary.

***Disclaimer:** I am an AI, not a doctor.","Depending on exactly where the ""bottom area"" refers to, these growths or illnesses have different names.

### What is it called?
Because this describes a general area, it could refer to several different conditions:

*   **Colorectal Cancer:** This occurs in the colon (large intestine) or the rectum (the final section of the large intestine leading to the anus).
*   **Anal Cancer:** A growth specifically located in the anal canal.
*   **Pelvic Malignancies:** Cancers affecting organs in the pelvic cavity, such as the prostate (in men) or the cervix/uterus/ovaries (in women).
*   **Perianal Abscesses or Fistulas:** Non-cancerous but severe infections involving pockets of pus or abnormal tunnels under the skin around the anus.

### What does this actually mean for a person?
When someone has a malignant growth (cancer) in this region, it means that cells began dividing uncontrollably, forming a mass (tumor) that can invade nearby tissues. For the patient, this typically involves:

1.  **Physical Symptoms:** Depending on the location, they may experience rectal bleeding, changes in bowel habits, pain during bowel movements, or an observable lump.
2.  **Medical Treatment:** Treatment usually depends on the stage of the disease and may include surgery to remove the tumor, radiation therapy to shrink the growth, chemotherapy to kill cancer cells, or targeted drug therapies.","The medical term for a malignant (cancerous) growth in this region depends on the specific location:

*   **Anal Cancer:** A malignancy originating in the anal canal.
*   **Rectal Cancer:** A malignancy originating in the rectum (the lower part of the large intestine). Together with colon cancer, these are often categorized as **Colorectal Cancer**.

### What This Diagnosis Means for a Person

A diagnosis of anal or rectal cancer means that cells in those tissues have undergone genetic mutations causing them to grow uncontrollably, forming a tumor that can invade nearby tissues or spread (metastasize) to other parts of the body. 

For the patient, this diagnosis typically involves several clinical implications:

1.  **Staging and Grading:** Doctors will perform biopsies, imaging (like MRI or CT scans), and sometimes colonoscopies to determine the ""stage"" (how far it has spread) and ""grade"" (how aggressive the cells look under a microscope).
2.  **Treatment Plan:** Treatment varies by location and stage but generally includes a combination of:
    *   **Surgery:** To remove the tumor. In some rectal cancers, this may involve complex procedures to preserve the sphincter muscle.
    *   **Radiation Therapy:** Often used to shrink tumors before surgery or kill remaining cells after.
    *   **Chemotherapy:** Systemic medication to kill cancer cells throughout the body.
3.  **Impact on Bodily Functions:**",5.152264630085456,1.9765298019728663,1.3466120675310411,43.66139551582683,39.39719760021504,38.21303628864045,21.62162162162162,16.286644951140065,13.029315960912053,37.16216216216217,29.31596091205212,26.058631921824105,0.0,0.0,0.0,32.142857142857146,28.57142857142857,21.428571428571427,21.176470588235293,16.842105263157894,12.63157894736842,25.531914893617024,21.19205298013245,15.89403973509934,0.8282517194747925,0.830623209476471,0.8219707012176514,1.0,0.459678053855896,0.6649393439292908,4,3,3
gemma-4-31B-it (4bit),gemma4_31b_q6k_ref.yaml,4bit,typos_grammar,30,What is (are) Anal Disorders ?,"what are anal disordrs exacly, and how do they happn ?","What exactly are anal disorders, and how do they occur?","The anus is the opening of the rectum through which stool passes out of your body. Problems with the anus are common. They include hemorrhoids, abscesses, fissures (cracks), and cancer. You may be embarrassed to talk about your anal troubles. But it is important to let your doctor know, especially if you have pain or bleeding. The more details you can give about your problem, the better your doctor will be able to help you. Treatments vary depending on the particular problem. NIH: National Institute of Diabetes and Digestive and Kidney Diseases","**Anal disorders** refer to a broad group of medical conditions that affect the anus—the opening at the end of the digestive tract where stool leaves the body—and the surrounding perianal skin.

These disorders can range from mild irritations to severe infections or structural abnormalities. They are generally categorized into several types:

### 1. Inflammatory and Vascular Conditions
*   **Hemorrhoids:** Swollen veins in the lower rectum or anus (internal or external).
*   **Anal Fissures:** Small tears or cuts in the lining of the anal canal, often caused by passing hard stools.
*   **Pruritus Ani:** Chronic itching of the skin around the anus.

### 2. Infectious and Abscess-related Conditions
*   **Perianal Abscess:** A localized collection of pus caused by an infection in the anal glands.
*   **Anal Fistula:** An abnormal tunnel/track that forms between the inside of the anus and the outer skin, usually as a complication of an abscess.
*   **STIs:** Certain sexually transmitted infections (e.g., HPV leading to anal warts/condyloma).

### 3. Functional and Structural Disorders
*   **Anal Prolapse:** When the lining of the anus or the rectum protrudes through the anal opening.
*   **Fecal Incontinence:** The inability to control bowel movements due to damage to the anal sphincter muscles or nerve dysfunction.","**Anal disorders** refer to a broad group of medical conditions affecting the anus (the opening at the end of the digestive tract) and the surrounding perianal skin. These disorders can range from mild irritations to severe infections or structural abnormalities.

### Common Types of Anal Disorders
1.  **Hemorrhoids:** Swollen veins in the lower rectum or anus. They can be internal or external.
2.  **Anal Fissures:** Small tears or cuts in the lining of the anal canal, often causing sharp pain during bowel movements.
3.  **Anal Abscesses and Fistulas:** An abscess is a localized collection of pus caused by infection; a fistula is an abnormal tunnel that forms between the anal canal and the skin.
4.  **Pruritus Ani:** Chronic itching around the anal opening.
5.  **Anal Prolapse/Rectal Prolapse:** When part of the rectal wall or the anus slides out of place.
6.  **Anal Warts:** Growths caused by the Human Papillomavirus (HPV).

---

### How Do They Happen? (Causes)

Anal disorders typically occur due to one or more of the following mechanisms:

#### 1. Pressure and Strain
Increased pressure in the anal area is a primary cause for hemorrhoids and prolapse. This happens through:
*   **Chronic constipation:** Straining hard to pass stool.
*   **Pregnancy:** Increased blood","**Anal disorders** refer to a broad group of medical conditions affecting the anus (the opening at the end of the digestive tract) and the surrounding perianal skin. These disorders can involve structural abnormalities, inflammatory processes, or functional failures of the anal sphincter muscles.

### How They Occur
Anal disorders typically occur due to one or more of the following mechanisms:

#### 1. Increased Pressure and Strain
Many anal disorders result from excessive pressure in the rectal veins or trauma to the anal canal. This is often caused by:
*   **Chronic constipation:** Straining during bowel movements increases pressure.
*   **Diarrhea:** Frequent bowel movements can irritate the delicate lining.
*   **Pregnancy/Childbirth:** Increased abdominal pressure and pushing can lead to hemorrhoids or tears.
*   **Heavy lifting:** Prolonged straining can cause vascular dilation.

#### 2. Mechanical Trauma and Tearing
Physical damage to the anoderm (the skin covering the anal canal) leads to specific injuries:
*   **Anal Fissures:** Small tears in the lining usually caused by passing hard stools.
*   **Trauma:** Direct injury or foreign objects inserted into the rectum.

#### 3. Infection and Inflammation
Bacteria, fungi, or systemic diseases can trigger abnormal growths or abscesses:
*   **Anal Abscesses/Fistulas:** An infection in the anal glands creates a pocket of pus (abscess). If this",0.7518484612582784,0.7956158194910223,0.7309271396755349,31.052569427783023,31.608394128275275,30.2640201287424,10.15625,11.450381679389311,11.320754716981131,18.75,22.900763358778622,18.11320754716981,0.0,0.0,0.0,22.22222222222222,25.0,16.666666666666664,9.195402298850574,9.278350515463918,5.714285714285714,13.008130081300813,13.533834586466163,8.51063829787234,0.8207377195358276,0.8253762722015381,0.8170766830444336,0.9999998807907104,0.6989064812660217,0.892014741897583,4,3,2
gemma-4-31B-it (4bit),gemma4_31b_q6k_ref.yaml,4bit,ambiguity,31,What is (are) Anaphylaxis ?,"when somebody suddenly has a really bad allergic thing, like throat geting tight, cant breath good, maybe rash n swelling all at once, what is that even called or is it just a severe reaction?","What is the medical term for a sudden severe allergic reaction that causes throat tightness, difficulty breathing, rash, and swelling?","Anaphylaxis is a serious allergic reaction. It can begin very quickly, and symptoms may be life-threatening. The most common causes are reactions to foods (especially peanuts), medications, and stinging insects. Other causes include exercise and exposure to latex. Sometimes no cause can be found. It can affect many organs: - Skin - itching, hives, redness, swelling - Nose - sneezing, stuffy nose, runny nose - Mouth - itching, swelling of the lips or tongue - Throat - itching, tightness, trouble swallowing, swelling of the back of the throat - Chest - shortness of breath, coughing, wheezing, chest pain or tightness - Heart - weak pulse, passing out, shock - Gastrointestinal tract - vomiting, diarrhea, cramps - Nervous system - dizziness or fainting If someone is having a serious allergic reaction, call 9-1-1. If an auto-injector is available, give the person the injection right away. NIH: National Institute of Allergy and Infectious Diseases","**Anaphylaxis** is a severe, potentially life-threatening systemic allergic reaction that occurs rapidly after exposure to an allergen. It is a medical emergency because it can cause a sudden drop in blood pressure (**anaphylactic shock**) and the narrowing of airways, which can lead to respiratory failure.

### Key Characteristics:
*   **Rapid Onset:** Symptoms typically appear within seconds or minutes of exposure.
*   **Systemic Reaction:** Unlike a mild allergy (which may only affect one area), anaphylaxis affects multiple organ systems simultaneously.

### Common Triggers:
*   **Foods:** Such as peanuts, tree nuts, shellfish, or eggs.
*   **Medications:** Such as penicillin or nonsteroidal anti-inflammatory drugs (NSAIDs).
*   **Insect Stings:** Such as bees or wasps.
*   **Latex:** Found in some medical gloves or balloons.

### Primary Symptoms:
1.  **Respiratory:** Swelling of the throat/tongue, wheezing, shortness of breath, or coughing.
2.  **Cardiovascular:** Rapid or weak pulse, dizziness, fainting, or a sharp drop in blood pressure.
3.  **Cutaneous (Skin):** Hives (urticaria), itching, flushing, or swelling (angioedema).
4.  **Gastrointestinal:** Nausea, vomiting, or abdominal cramps.

### Treatment:
The first-line treatment for anaphylaxis","This condition is called **anaphylaxis** (or anaphylactic shock).

It is more than just a ""severe reaction""; it is a systemic, life-threatening emergency where the immune system releases a flood of chemicals that can cause the body to go into shock. 

Key characteristics include:
*   **Airway constriction:** Swelling of the throat and tongue (angioedema) and narrowing of the airways (bronchospasm), making breathing difficult.
*   **Circulatory collapse:** A sudden drop in blood pressure, which can lead to fainting or organ failure.
*   **Skin reactions:** Hives, itching, or widespread redness.

**Anaphylaxis requires immediate emergency medical intervention**, typically involving an injection of epinephrine (such as an EpiPen) and a call to emergency services (911).",The medical term for this condition is **anaphylaxis**.,3.107531740267764,1.9884064638296663,5.7920743430971705e-06,42.08738403155997,32.489929400159056,3.304595567610178,20.06920415224913,14.912280701754383,1.4492753623188404,37.37024221453287,33.33333333333333,2.8985507246376807,0.0,0.0,0.0,36.0,20.0,1.3333333333333337,33.33333333333333,32.608695652173914,25.0,34.61538461538461,24.79338842975206,2.5316455696202533,0.8365440964698792,0.8403891921043396,0.8181770443916321,0.9999998807907104,0.4931648671627044,0.5291286706924438,4,5,5
gemma-4-31B-it (4bit),gemma4_31b_q6k_ref.yaml,4bit,layperson,32,Do you have information about Anatomy,"do u got any info on how the body is put togther, like where all the inside parts are and what they kinda do maybe?","Can you explain basic human anatomy, including where the major internal organs are located and what their main functions are?","Summary : Anatomy is the science that studies the structure of the body. On this page, you'll find links to descriptions and pictures of the human body's parts and organ systems from head to toe.","Yes, I can provide detailed information regarding human anatomy. My capabilities cover several different levels of anatomical study, including:

*   **Gross Anatomy:** The study of structures visible to the naked eye, organized by systems (e.g., skeletal, muscular, nervous, circulatory, respiratory, digestive) or regions (e.g., head/neck, thorax, abdomen).
*   **Microscopic Anatomy (Histology):** The study of tissues and cells using microscopy.
*   **Developmental Anatomy (Embryology):** How structures form and change from conception through adulthood.
*   **Comparative Anatomy:** Comparing the structures of humans with other species.

Whether you need an explanation of how a specific organ works, the location of a particular nerve or muscle, or the structural organization of a body system, please ask your specific question.","The human body is organized into systems of organs that work together to keep you alive. Here is a simplified breakdown of where the major internal parts are located and their primary functions:

### 1. The Chest (Thoracic Cavity)
*   **Heart:** Located in the center-left of your chest. It acts as a pump to send oxygenated blood to your entire body.
*   **Lungs:** Two large organs flanking the heart. They bring oxygen into the body and remove carbon dioxide when you breathe.

### 2. The Upper Abdomen
*   **Liver:** A large organ on the upper right side. it filters toxins from the blood and produces bile for digestion.
*   **Stomach:** A muscular sac on the left side. It breaks down food using acids and enzymes.
*   **Gallbladder:** A small pouch under the liver that stores bile.
*   **Pancreas:** Tucked behind the stomach; it regulates blood sugar (insulin) and helps with digestion.
*   **Spleen:** On the far left; it filters the blood and manages immune responses.

### 3. The Lower Abdomen and Pelvis
*   **Small Intestine:** A long, coiled tube in the center. This is where most nutrient absorption happens.
*   **Large Intestine (Colon):** Wraps around the small intestine. It absorbs water and processes waste into stool.
*   **Kid","Human anatomy is organized into several systems that work together to maintain homeostasis. The major internal organs are primarily housed within two cavities: the **thoracic cavity** (chest) and the **abdominal-pelvic cavity**.

### 1. Thoracic Cavity (Chest)
This area is protected by the rib cage and contains organs responsible for respiration and circulation.

*   **Heart:** Located in the center of the chest, slightly tilted to the left. Its function is to pump blood throughout the body, delivering oxygen and nutrients to tissues and removing waste.
*   **Lungs:** Two large organs flanking the heart. Their primary function is gas exchange—taking in oxygen from the air and releasing carbon dioxide from the blood.

### 2. Abdominal Cavity
Located below the diaphragm, this area houses most of the digestive and filtration systems.

*   **Liver:** Located in the upper right quadrant. It filters toxins from the blood, produces bile for digestion, and stores glucose as glycogen.
*   **Stomach:** A J-shaped organ located in the upper left quadrant. It uses acid and enzymes to break down food mechanically and chemically.
*   **Pancreas:** Tucked behind the stomach. It secretes digestive enzymes into the small intestine and produces hormones like insulin to regulate blood sugar.
*   **Gallbladder:** A small sac under the liver. It stores and concentrates bile produced by the liver until it is needed for fat digestion.",0.4359710082517721,0.5367529065985012,0.5786518038018201,26.23937957103351,22.42232658434715,19.2349781839349,8.823529411764705,8.780487804878048,10.619469026548671,19.11764705882353,17.560975609756095,13.274336283185844,0.0,0.0,0.0,30.76923076923077,38.46153846153847,30.76923076923077,9.75609756097561,5.1020408163265305,3.7037037037037033,14.814814814814817,9.00900900900901,6.6115702479338845,0.8370927572250366,0.8063632249832153,0.8045873641967773,0.9999999403953552,0.5539615154266357,0.6065834164619446,4,4,2
gemma-4-31B-it (4bit),gemma4_31b_q6k_ref.yaml,4bit,incomplete,33,What is (are) Anemia ?,what does it mean when your blood is low or you dont have enough of it?,What does it mean medically when you have low blood volume or not enough blood in your body?,"If you have anemia, your blood does not carry enough oxygen to the rest of your body. The most common cause of anemia is not having enough iron. Your body needs iron to make hemoglobin. Hemoglobin is an iron-rich protein that gives the red color to blood. It carries oxygen from the lungs to the rest of the body. Anemia has three main causes: blood loss, lack of red blood cell production, and high rates of red blood cell destruction. Conditions that may lead to anemia include - Heavy periods - Pregnancy - Ulcers - Colon polyps or colon cancer - Inherited disorders - A diet that does not have enough iron, folic acid or vitamin B12 - Blood disorders such as sickle cell anemia and thalassemia, or cancer - Aplastic anemia, a condition that can be inherited or acquired - G6PD deficiency, a metabolic disorder Anemia can make you feel tired, cold, dizzy, and irritable. You may be short of breath or have a headache. Your doctor will diagnose anemia with a physical exam and blood tests. Treatment depends on the kind of anemia you have. NIH: National Heart, Lung, and Blood Institute","**Anemia** is a medical condition characterized by a lack of enough healthy red blood cells (RBCs) or hemoglobin to carry adequate oxygen to the body's tissues. Hemoglobin is the protein in RBCs that binds to oxygen; when levels are too low, organs and muscles do not receive sufficient oxygen, leading to fatigue and weakness.

### Common Causes
Anemia can be caused by several different mechanisms:
1.  **Blood Loss:** Due to trauma, gastrointestinal bleeding, or menstruation.
2.  **Decreased Production:** The body fails to make enough RBCs due to nutritional deficiencies (e.g., iron, vitamin B12, folate), bone marrow failure, or chronic diseases (such as kidney disease).
3.  **Increased Destruction:** The body destroys RBCs faster than it can replace them (hemolytic anemia), which can be caused by genetic disorders (like sickle cell anemia) or autoimmune reactions.

### Common Types
*   **Iron Deficiency Anemia:** The most common type, occurring when the body lacks iron to produce hemoglobin.
*   **Vitamin Deficiency Anemia:** Caused by a lack of B12 or folate (Megaloblastic/Pernicious anemia).
*   **Aplastic Anemia:** A rare condition where the bone marrow stops producing all types of blood cells.
*   **Sickle Cell Anemia:** A hereditary condition where RBCs are misshapen and block blood flow.","When someone says their ""blood is low,"" they are usually referring to one of two different medical conditions: **anemia** (low red blood cell count/hemoglobin) or **hypovolemia** (low total blood volume).

### 1. Anemia (Low Quality/Capacity)
This is the most common meaning. It doesn't mean you are missing liquid blood, but rather that your blood lacks enough **healthy red blood cells** or **hemoglobin**. Hemoglobin is the protein that carries oxygen from your lungs to the rest of your body.

*   **Causes:** Iron deficiency, vitamin deficiencies (B12 or folate), chronic diseases, or genetic disorders (like sickle cell anemia).
*   **Effect:** Your organs and tissues don’t get enough oxygen, leading to fatigue, shortness of breath, pale skin, and dizziness.

### 2. Hypovolemia (Low Quantity/Volume)
This refers to a physical shortage of the actual fluid volume in your circulatory system. This is often an acute, emergency situation.

*   **Causes:** Severe dehydration, major trauma causing heavy bleeding (hemorrhage), or severe burns.
*   **Effect:** The heart cannot pump enough blood to your organs because there isn't enough fluid filling the vessels. This can lead to a dangerous drop in blood pressure and, if untreated, **hypovolemic shock**, where organs begin to fail due to lack of perfusion.","Medically, having low blood volume is referred to as **hypovolemia**.

Hypovolemia occurs when there is an insufficient amount of fluid (plasma) and red blood cells circulating within the cardiovascular system. This state can lead to several critical physiological consequences:

**1. Reduced Cardiac Output:** When blood volume drops, the heart has less blood to pump with each beat. This decreases the overall output of oxygenated blood sent to vital organs.
**2. Hypotension:** Low blood volume typically leads to a drop in blood pressure because there is less fluid pushing against the walls of the arteries.
**3. Poor Tissue Perfusion:** If the condition becomes severe, tissues and organs do not receive enough oxygen and nutrients, which can lead to organ failure.

### Common Causes
*   **Hemorrhage:** Severe external bleeding or internal bleeding (trauma, gastrointestinal ulcers).
*   **Dehydration:** Excessive loss of fluids through sweating, vomiting, diarrhea, or inadequate intake.
*   **Fluid Shifts:** ""Third-spacing,"" where fluid leaks from the bloodstream into other areas of the body (e.g., severe burns or sepsis).
*   **Plasma Loss:** Conditions that cause plasma to leak out of the vessels.

### Hypovolemic Shock
If hypovolemia becomes extreme, it results in **hypovolemic shock**. This is a life-threatening emergency where the circulatory system fails completely, leading to cellular death",2.7570643566249284,6.671513653152049,1.485192985701545,40.61441206974317,42.16735317811858,34.27400189512301,21.288515406162464,18.68131868131868,11.538461538461538,40.33613445378151,40.65934065934066,27.472527472527474,0.0,0.0,0.0,32.94117647058823,32.94117647058823,12.941176470588236,31.46067415730337,29.166666666666668,11.956521739130435,32.18390804597701,30.939226519337016,12.429378531073446,0.849941074848175,0.8416026830673218,0.8196609020233154,0.9999999403953552,0.4307384788990021,0.3831952214241028,4,4,2
gemma-4-31B-it (4bit),gemma4_31b_q6k_ref.yaml,4bit,overgeneralization,34,What is (are) Anesthesia ?,"what is that stuff doctors use to make you not feel anything or kinda go out durring medical things, like how does it even work and what is it exactly?","What are the medications doctors use to prevent pain or cause sedation during medical procedures, and how do they work?","If you are having surgery, your doctor will give you medicine called an anesthetic. Anesthetics reduce or prevent pain. There are three main types: - Local - numbs one small area of the body. You stay awake and alert. - Regional - blocks pain in an area of the body, such an arm or leg. A common type is epidural anesthesia, which is often used during childbirth. - General - makes you unconscious. You do not feel any pain, and you do not remember the procedure afterwards. You may also get a mild sedative to relax you. You stay awake but may not remember the procedure afterwards. Sedation can be used with or without anesthesia. The type of anesthesia or sedation you get depends on many factors. They include the procedure you are having and your current health.","**Anesthesia** is a medical treatment that prevents patients from feeling pain during procedures. It is achieved by using medications—called anesthetics—to temporarily block sensory nerves or induce unconsciousness.

Depending on the procedure's requirements, anesthesia is categorized into several main types:

1.  **General Anesthesia:** Renders the patient completely unconscious and unresponsive to pain. It affects the entire body and often requires assistance with breathing (such as a ventilator). This is used for major surgeries.
2.  **Regional Anesthesia:** Blocks pain in a specific large area of the body (e.g., an epidural for childbirth or a spinal block for hip surgery), while the patient remains conscious.
3.  **Local Anesthesia:** Numbs a small, specific site (e.g., a dental filling or stitching a laceration) without affecting consciousness.
4.  **Sedation (Conscious Sedation):** A state of relaxation or sleep where the patient remains partially awake and can respond to instructions but feels little to no pain and may have limited memory of the event.

The administration and monitoring of these treatments are managed by specialized healthcare providers known as **anesthesiologists** or **certified registered nurse anesthetists (CRNAs)**.","The ""stuff"" used to prevent pain or induce unconsciousness during medical procedures falls under the broad category of **anesthesia**. Depending on the goal, doctors use different types:

### 1. Local Anesthetics (Numbing)
These are used for small areas (like getting stitches). Examples include lidocaine.
*   **What it is:** A medication applied via injection, cream, or spray.
*   **How it works:** It blocks sodium channels in your nerve membranes. This prevents nerves from sending electrical signals (pain messages) to your brain. The area stays awake, but it cannot ""feel.""

### 2. Regional Anesthesia (Blocking a Section)
This numbs a larger part of the body, such as an entire arm or the lower half of the body (e.g., an epidural during childbirth).
*   **How it works:** Similar to local anesthesia, but injected near a major nerve cluster or the spinal cord to shut down communication between a large region of the body and the brain.

### 3. General Anesthesia (""Going Out"")
This is used for major surgeries where you are completely unconscious and unresponsive.
*   **What it is:** A combination of intravenous (IV) drugs (like propofol) and inhaled gases (like sevoflurane).
*   **How it works:** These medications target receptors in the brain—specifically GABA receptors—which inhibit the activity of neurons. By slowing","Doctors use several classes of medications to manage pain (analgesia) and consciousness (sedation). These drugs target specific receptors in the nervous system to block pain signals or depress brain activity.

### 1. Analgesics (Pain Prevention/Management)
These medications focus on blocking the perception of pain without necessarily causing unconsciousness.

*   **Local Anesthetics (e.g., Lidocaine, Bupivacaine):**
    *   **How they work:** They block sodium channels on nerve membranes. This prevents the nerve from sending electrical impulses (pain signals) to the brain. They act locally at the site of injection.
*   **Opioids (e.g., Morphine, Fentanyl, Hydromorphone):**
    *   **How they work:** They bind to specific opioid receptors ($\mu$-receptors) in the brain, spinal cord, and gastrointestinal tract. This inhibits the transmission of pain signals and alters the emotional response to pain.
*   **NSAIDs (e.g., Ibuprofen, Ketorolac):**
    *   **How they work:** They inhibit cyclooxygenase (COX) enzymes, which reduces the production of prostaglandins—chemicals that trigger inflammation and sensitize pain receptors.

### 2. Sedatives and Anesthetics (Consciousness Control)
These medications reduce anxiety, induce sleep, or create total unconsciousness.

*   **Benzodiazepines (e.",2.78997629485704,3.2235843234389527,0.8096282943571164,41.706702229299694,40.772837567729454,33.033767013364695,15.33101045296167,15.737704918032785,7.829181494661921,36.23693379790941,32.78688524590164,14.946619217081851,0.0,0.0,0.0,36.734693877551024,40.81632653061224,12.244897959183673,23.37662337662337,23.809523809523807,8.823529411764707,28.57142857142857,30.075187969924805,10.256410256410255,0.8597010970115662,0.8407019972801208,0.8027390837669373,1.0,0.3666716814041137,0.5470671057701111,5,4,2
gemma-4-31B-it (4bit),gemma4_31b_q6k_ref.yaml,4bit,typos_grammar,35,What is (are) Aneurysms ?,"What are aneurisims exactly , and what does that even mean in the body ?","What exactly is an aneurysm, and what does it mean when one occurs in the body?","An aneurysm is a bulge or ""ballooning"" in the wall of an artery. Arteries are blood vessels that carry oxygen-rich blood from the heart to other parts of the body. If an aneurysm grows large, it can burst and cause dangerous bleeding or even death. Most aneurysms occur in the aorta, the main artery that runs from the heart through the chest and abdomen. Aneurysms also can happen in arteries in the brain, heart and other parts of the body. If an aneurysm in the brain bursts, it causes a stroke. Aneurysms can develop and become large before causing any symptoms. Often doctors can stop aneurysms from bursting if they find and treat them early. They use imaging tests to find aneurysms. Often aneurysms are found by chance during tests done for other reasons. Medicines and surgery are the two main treatments for aneurysms. NIH: National Heart, Lung, and Blood Institute","An **aneurysm** is an abnormal bulge or ballooning in the wall of a blood vessel. It occurs when a section of an artery wall weakens, causing the pressure of the blood flowing through it to push the wall outward.

If left untreated, an aneurysm can rupture, leading to internal bleeding (hemorrhage), which can be life-threatening depending on its location.

### Common Locations
Aneurysms can occur anywhere in the body, but they most frequently happen in two areas:
1.  **Aortic Aneurysm:** Occurs in the aorta, the main artery that carries blood from the heart to the rest of the body. These typically develop in the thoracic (chest) or abdominal regions.
2.  **Brain (Cerebral) Aneurysm:** Occurs in the arteries supplying blood to the brain. If these leak or burst, they cause a hemorrhagic stroke.

### Causes and Risk Factors
The weakening of the arterial wall is often caused by a combination of factors, including:
*   **Hypertension (High Blood Pressure):** Constant high pressure stresses the vessel walls.
*   **Atherosclerosis:** The buildup of plaque/fats in the arteries.
*   **Smoking:** Damages the lining of the blood vessels.
*   **Genetics:** Family history of connective tissue disorders or previous aneurysms.
*   **Age:** Arteries naturally lose elasticity over time.

***Disclaimer","An **aneurysm** is a localized, abnormal bulging or ballooning of a blood vessel wall. It occurs when a section of an artery becomes weakened, causing the pressure of the blood flowing through it to push the wall outward, similar to how a weak spot on a garden hose might bubble out under high water pressure.

### What this means in the body:

1.  **Structural Weakening:** Arteries have thick, elastic walls designed to handle high-pressure blood flow from the heart. An aneurysm happens when these layers (the intima, media, and adventitia) degrade due to factors like high blood pressure, smoking, genetics, or atherosclerosis (plaque buildup).
2.  **Pressure Dynamics:** Because the weakened area stretches, the diameter of the vessel increases. According to laws of fluid dynamics, as the vessel widens, the wall tension increases, which can make the bulge grow larger over time.
3.  **The Primary Risk:** The main danger of an aneurysm is **rupture**. If the wall becomes too thin and tears, it leads to internal bleeding (hemorrhage), which can be fatal depending on the location.

### Common Locations:
*   **Abdominal Aortic Aneurysm (AAA):** Occurs in the aorta (the largest artery in the body) as it passes through the abdomen.
*   **Cerebral/Brain Aneurysm:** Occurs in the arteries supplying the brain; if these rupture","An **aneurysm** is a localized, abnormal bulging or ballooning of a blood vessel wall. It occurs when a section of an artery wall becomes weakened, allowing the pressure of the blood flowing through it to push the wall outward, creating a sac-like protrusion.

### What happens when an aneurysm occurs?
When an aneurysm develops in the body, it indicates that the structural integrity of the arterial wall has been compromised. The implications depend largely on the location and whether the aneurysm remains stable or ruptures:

1.  **Asymptomatic (Unruptured):** Many aneurysms do not cause symptoms for years because they may be small or slow-growing. They are often discovered incidentally during imaging tests for other conditions.
2.  **Pressure Effects:** As an aneurysm grows larger, it can press against surrounding organs, nerves, or tissues, causing localized pain or dysfunction (e.g., an abdominal aortic aneurysm may cause back or stomach pain).
3.  **Rupture (Medical Emergency):** This is the most critical complication. Because the wall of the aneurysm is thinner and weaker than a healthy artery, it can burst under pressure. A rupture leads to internal bleeding (hemorrhage), which can result in rapid organ failure, stroke, or death depending on the site.

### Common Locations
*   **Aortic Aneurysm:** Occurs in the aorta, the main artery carrying blood from the heart to the rest of the body",8.842031415700585,2.5321251619133776,7.936815614058181,44.86638804117474,41.532200344082845,47.155165109254646,23.026315789473685,16.56050955414013,15.950920245398777,41.44736842105264,28.662420382165603,34.35582822085889,0.0,0.0,0.0,40.0,27.142857142857142,27.142857142857142,28.865979381443296,20.87912087912088,21.11111111111111,33.532934131736525,23.60248447204969,23.75,0.862424373626709,0.8493271470069885,0.8719096183776855,0.9999998211860656,0.7902332544326782,0.8275031447410583,4,4,4
gemma-4-31B-it (4bit),gemma4_31b_q6k_ref.yaml,4bit,ambiguity,36,What is (are) Angina ?,"what is that chest/heart thing people mean when they say angina, like is it just pain or some kind of attack or blood flow problem or what?","What is angina, and does it refer to chest pain caused by reduced blood flow to the heart or to a type of heart attack?","Angina is chest pain or discomfort you feel when there is not enough blood flow to your heart muscle. Your heart muscle needs the oxygen that the blood carries. Angina may feel like pressure or a squeezing pain in your chest. It may feel like indigestion. You may also feel pain in your shoulders, arms, neck, jaw, or back. Angina is a symptom of coronary artery disease (CAD), the most common heart disease. CAD happens when a sticky substance called plaque builds up in the arteries that supply blood to the heart, reducing blood flow. There are three types of angina: - Stable angina is the most common type. It happens when the heart is working harder than usual. Stable angina has a regular pattern. Rest and medicines usually help. - Unstable angina is the most dangerous. It does not follow a pattern and can happen without physical exertion. It does not go away with rest or medicine. It is a sign that you could have a heart attack soon. - Variant angina is rare. It happens when you are resting. Medicines can help. Not all chest pain or discomfort is angina. If you have chest pain, you should see your health care provider. NIH: National Heart, Lung, and Blood Institute","**Angina** (or angina pectoris) is chest pain or discomfort that occurs when your heart muscle does not receive enough oxygen-rich blood. It is not a disease itself, but rather a **symptom** of an underlying heart problem, most commonly coronary artery disease (CAD).

The condition occurs because the coronary arteries—which supply blood to the heart—become narrowed or blocked by plaque (atherosclerosis), restricting blood flow during times when the heart needs more oxygen (such as during exercise or stress).

### Types of Angina
There are three primary types of angina:

1.  **Stable Angina:** The most common form. It typically occurs during physical exertion or emotional stress and follows a predictable pattern. It usually goes away with rest or medication (like nitroglycerin).
2.  **Unstable Angina:** This is a medical emergency. It is unpredictable, can occur at rest, and is often more severe than stable angina. It may signal an impending heart attack.
3.  **Prinzmetal's (Variant) Angina:** A rare form caused by a spasm in a coronary artery rather than a permanent blockage. It typically happens while resting.

### Common Symptoms
*   Pressure, squeezing, burning, or tightness in the chest.
*   Pain that may radiate to the shoulders, arms, neck, jaw, or back.
*   Shortness of breath.
*   Nausea or fatigue.

***","**Angina** is not a disease itself, but rather a **symptom** of an underlying heart problem. Specifically, it is chest pain or discomfort caused by **reduced blood flow to the heart muscle**.

Here is the breakdown of what is happening:

### 1. The Cause (Blood Flow Problem)
The heart muscle needs a constant supply of oxygen-rich blood delivered via the coronary arteries. Angina occurs when these arteries become narrowed or blocked (usually due to plaque buildup called atherosclerosis). When the heart works harder—such as during exercise or stress—it demands more oxygen than the narrowed arteries can provide. This creates a state of **ischemia** (lack of oxygen), which triggers the sensation of pain.

### 2. The Feeling (Not Just ""Pain"")
While often described as ""pain,"" patients frequently describe angina as:
*   Pressure, squeezing, or fullness in the chest.
*   A feeling of a ""heavy weight"" sitting on the chest.
*   Discomfort that may radiate to the shoulders, arms, neck, jaw, or back.
*   Shortness of breath or nausea.

### 3. Is it an ""Attack""?
People often confuse angina with a heart attack, but there is a critical difference:
*   **Stable Angina:** This is predictable. It happens during exertion and goes away with rest or medication (like nitroglycerin). It is a warning sign that the heart isn","**Angina** refers to chest pain or discomfort caused by **reduced blood flow to the heart muscle**, which results in the heart not receiving enough oxygen (ischemia).

It is **not** a heart attack, although they share similar symptoms. The key difference is that angina occurs when blood flow is restricted but not completely blocked; a heart attack (myocardial infarction) occurs when blood flow is completely cut off, leading to permanent damage or death of the heart muscle tissue.",15.320621570445464,11.770069480979425,2.002248625788768,49.46926988953559,45.85436484274834,22.35046840322549,30.446194225721783,24.867724867724867,18.939393939393938,54.06824146981628,46.56084656084656,28.030303030303028,0.0,0.0,0.0,47.72727272727273,38.63636363636363,10.227272727272728,48.27586206896552,36.55913978494624,25.0,48.0,37.569060773480665,14.516129032258066,0.8756393790245056,0.8516054153442383,0.8448869585990906,1.0,0.7251951098442078,0.7440869212150574,5,3,5
gemma-4-31B-it (4bit),gemma4_31b_q6k_ref.yaml,4bit,layperson,37,Do you have information about Angioplasty,"do u have any info on that thing where they go in n kinda open up a blocked blood vessel or heart tube thing, like how it works an if its a big deal?","How does angioplasty work to open a blocked blood vessel or coronary artery, and how serious is the procedure?","Summary : If you have coronary artery disease, the arteries in your heart are narrowed or blocked by a sticky material called plaque. Angioplasty is a procedure to restore blood flow through the artery. You have angioplasty in a hospital. The doctor threads a thin tube through a blood vessel in the arm or groin up to the involved site in the artery. The tube has a tiny balloon on the end. When the tube is in place, the doctor inflates the balloon to push the plaque outward against the wall of the artery. This widens the artery and restores blood flow. Doctors may use angioplasty to - Reduce chest pain caused by reduced blood flow to the heart - Minimize damage to heart muscle from a heart attack Many people go home the day after angioplasty, and are able to return to work within a week of coming home. NIH: National Heart, Lung, and Blood Institute","**Angioplasty**, also known as Percutaneous Coronary Intervention (PCI), is a minimally invasive surgical procedure used to open clogged or narrowed arteries. While most commonly performed on the coronary arteries of the heart, it can be used on arteries leading to the brain, kidneys, or legs.

### How It Works
The primary goal of angioplasty is to restore blood flow to organs or tissues that are not receiving enough oxygen due to **atherosclerosis** (the buildup of plaque).

1.  **Access:** A thin, flexible tube called a catheter is inserted through a blood vessel, usually in the groin (femoral artery) or the wrist (radial artery).
2.  **Guidance:** Using X-ray imaging (fluoroscopy), the doctor guides the catheter to the site of the blockage.
3.  **Inflation:** A small balloon at the tip of the catheter is inflated. This pushes the plaque against the artery wall, widening the passage for blood.
4.  **Stenting:** In most cases, a small metal mesh tube called a **stent** is expanded and left permanently in the artery to act as a scaffold, preventing the vessel from narrowing again. Many modern stents are ""drug-eluting,"" meaning they release medication to prevent scar tissue growth.

### When Is It Used?
*   **Stable Angina:** To relieve chest pain caused by chronic blockages.
*   **Heart Attack (My","Depending on which ""tube"" is blocked (a coronary artery in the heart or a larger artery elsewhere), this procedure is typically called **Angioplasty** (often paired with **Stenting**).

### How It Works
1.  **Access:** A doctor inserts a thin, flexible tube called a catheter into an artery, usually through the wrist or groin. 
2.  **Navigation:** Using X-ray guidance, they thread the catheter to the site of the blockage (the plaque buildup).
3.  **Opening (The Balloon):** At the tip of the catheter is a tiny balloon. Once in place, the balloon is inflated. This pushes the plaque against the walls of the artery, widening the path for blood flow.
4.  **Supporting (The Stent):** In most cases, a small metal mesh tube called a **stent** is expanded at the site. The stent stays there permanently to act as a scaffold, keeping the vessel propped open so it doesn't collapse or clog again.

### Is It a ""Big Deal""?
In medical terms, this is considered a **minimally invasive procedure**, meaning it is not ""open-heart surgery."" There is no large incision and the chest is not opened.

*   **Recovery:** Most patients recover quickly; some go home the same day, while others stay overnight for observation.
*   **Risk Level:** While generally safe, it is still a medical","### How Angioplasty Works

Angioplasty (specifically Percutaneous Coronary Intervention or PCI) is a minimally invasive procedure used to open clogged heart arteries. The process typically follows these steps:

1.  **Access:** A thin, flexible tube called a **catheter** is inserted through a blood vessel, usually in the groin (femoral artery) or the wrist (radial artery).
2.  **Guidance:** Using real-time X-ray imaging (fluoroscopy), the cardiologist guides the catheter to the site of the blockage in the coronary artery.
3.  **Inflation:** At the tip of the catheter is a tiny, deflated balloon. Once positioned across the blockage, the balloon is inflated. This pushes the plaque (fatty deposits) against the arterial walls, widening the passage for blood flow.
4.  **Stenting:** In most cases, a small metal mesh tube called a **stent** is expanded by the balloon and left permanently in place. The stent acts as a scaffold to keep the artery open and prevent it from collapsing or re-narrowing (restenosis).

### Seriousness of the Procedure

In modern medicine, angioplasty is considered a **routine, low-risk procedure**, but like any intervention involving the heart, it carries some level of risk.

*   **General Risk Profile:** For the vast majority of patients, the procedure is safe and highly effective. It is significantly",5.454702306076478,3.454307415919399,3.1400942669349874,43.84924736775797,40.93111903925264,41.63570266462373,20.51282051282051,20.26143790849673,19.14191419141914,39.1025641025641,31.37254901960784,32.34323432343235,0.0,0.0,0.0,37.87878787878788,31.818181818181817,31.818181818181817,30.8641975308642,29.577464788732392,29.577464788732392,34.013605442176875,30.65693430656934,30.65693430656934,0.8549167513847351,0.853018581867218,0.8510178327560425,1.0,0.4293389916419983,0.6521467566490173,3,4,3
gemma-4-31B-it (4bit),gemma4_31b_q6k_ref.yaml,4bit,incomplete,38,What is (are) Animal Bites ?,"what does it mean if some thing bit you, like from an animal or whatever, is that a big deal or just a normal skin thing?","How serious is an animal or insect bite, and how can I tell whether it is just a minor skin reaction or something that needs medical attention?","Wild animals usually avoid people. They might attack, however, if they feel threatened, are sick, or are protecting their young or territory. Attacks by pets are more common. Animal bites rarely are life-threatening, but if they become infected, you can develop serious medical problems. To prevent animal bites and complications from bites - Never pet, handle, or feed unknown animals - Leave snakes alone - Watch your children closely around animals - Vaccinate your cats, ferrets, and dogs against rabies - Spay or neuter your dog to make it less aggressive - Get a tetanus booster if you have not had one recently - Wear boots and long pants when you are in areas with venomous snakes If an animal bites you, clean the wound with soap and water as soon as possible. Get medical attention if necessary. Centers for Disease Control and Prevention","**Animal bites** are injuries caused by an animal's teeth penetrating the skin. These injuries can range from superficial scratches to deep puncture wounds or severe tissue lacerations, depending on the size of the animal and the force used.

Medical concerns associated with animal bites primarily fall into three categories:

1.  **Infection:** The mouth of almost every animal contains bacteria. A bite introduces these pathogens directly into the tissues, which can lead to localized infections (cellulitis) or systemic infections (sepsis). Common bacteria involved include *Pasteurella* species (common in cats/dogs) and *Capnocytophaga*.
2.  **Rabies:** This is a fatal viral zoonotic disease transmitted through the saliva of infected animals (most commonly dogs, bats, raccoons, and foxes). It requires immediate post-exposure prophylaxis (PEP) if suspected.
3.  **Tetanus:** Any break in the skin via a bite creates an environment where tetanus spores (*Clostridium tetani*) can enter the body, necessitating a booster shot if the patient's vaccinations are not up to date.

**Immediate Management typically involves:**
*   Cleaning the wound thoroughly with soap and water.
*   Assessing for nerve or tendon damage.
*   Determining the need for prophylactic antibiotics.
*   Evaluating rabies risk based on the animal's health and location.
*   Updating tetanus vaccination status.","Whether an animal bite is a ""big deal"" depends entirely on the source of the bite, the depth of the wound, and your vaccination status. While some bites may seem like minor skin irritations, many carry significant risks that require medical intervention.

**A bite can be serious for three primary reasons:**

### 1. Infection (Bacteria)
Animals have bacteria in their mouths that can cause severe infections when pushed deep into human tissue.
*   **Dogs/Cats:** Cat bites, in particular, are high-risk because their teeth are thin and sharp, injecting bacteria deep into joints or tendons where it is hard to clean.
*   **Sepsis:** If left untreated, a local infection can enter the bloodstream (sepsis), which is life-threatening.

### 2. Rabies (Viruses)
If the bite was from a wild animal (like a bat, raccoon, or skunk) or an unvaccinated domestic animal, there is a risk of **Rabies**. This virus is nearly 100% fatal if not treated immediately with post-exposure prophylaxis (vaccines).

### 3. Tetanus
Any break in the skin caused by an animal or object outdoors can introduce *Clostridium tetani* spores into the body. If your tetanus shot is not up to date (usually every 5–10 years), you may need a booster.

---

### When to seek immediate medical attention:
Go","***Disclaimer:** I am an AI, not a doctor. If you suspect a life-threatening emergency, call your local emergency services (e.g., 911) immediately.*

The seriousness of an animal or insect bite ranges from a localized nuisance to a critical medical emergency. The severity depends on the species involved, the location of the wound, and the individual's immune response.

### When It Is Likely a Minor Reaction
A bite is generally considered minor if the symptoms remain **localized** to the site of the injury. Signs include:
*   Mild redness and swelling around the puncture.
*   Itching or slight pain/stinging.
*   Small bumps or hives limited to the area of the bite.

Most minor bites can be managed with soap and water, cold compresses, and over-the-counter antihistamines or hydrocortisone cream.

---

### When You Need Immediate Medical Attention
Seek urgent care or go to an Emergency Room if any of the following occur:

#### 1. Signs of Anaphylaxis (Severe Allergic Reaction)
This is a life-threatening emergency regardless of what bit you. Seek help immediately if you experience:
*   Difficulty breathing or wheezing.
*   Swelling of the lips, tongue, or throat.
*   Rapid or weak pulse.
*   Dizziness, fainting, or sudden drop in blood pressure.
*   Nausea or vomiting.

####",1.9638623688456367,0.9624835514115618,2.070803216473756,36.645186675555465,37.81278896471423,34.814845656500275,15.23809523809524,10.493827160493826,10.96774193548387,26.031746031746035,30.246913580246908,23.87096774193548,0.0,0.0,0.0,20.833333333333336,22.22222222222222,11.11111111111111,16.483516483516482,17.77777777777778,9.411764705882351,18.404907975460123,19.753086419753085,10.19108280254777,0.8177239894866943,0.8265618681907654,0.8113879561424255,0.9999999403953552,0.4406617879867553,0.6544499397277832,4,4,2
gemma-4-31B-it (4bit),gemma4_31b_q6k_ref.yaml,4bit,overgeneralization,39,What is (are) Animal Diseases and Your Health ?,"how do health problms from animals or pets even work, like can being around them make pepole sick in genral and affect your health n stuff?","How can diseases or health problems from animals or pets affect people, and can being around them make someone sick or impact overall health?","Animal diseases that people can catch are called zoonoses. Many diseases affecting humans can be traced to animals or animal products. You can get a disease directly from an animal, or indirectly, through the environment. Farm animals can carry diseases. If you touch them or things they have touched, like fencing or buckets, wash your hands thoroughly. Adults should make sure children who visit farms or petting zoos wash up as well. Though they may be cute and cuddly, wild animals may carry germs, viruses, and parasites. Deer and deer mice carry ticks that cause Lyme disease. Some wild animals may carry rabies. Enjoy wildlife from a distance. Pets can also make you sick. Reptiles pose a particular risk. Turtles, snakes and iguanas can transmit Salmonella bacteria to their owners. You can get rabies from an infected dog or toxoplasmosis from handling kitty litter of an infected cat. The chance that your dog or cat will make you sick is small. You can reduce the risk by practicing good hygiene, keeping pet areas clean and keeping your pets' shots up-to-date.","**Animal diseases that affect human health** are primarily referred to as **zoonoses** (or zoonotic diseases). These are infections that are transmitted from animals to humans.

### How Transmission Occurs
Zoonotic diseases can spread through several pathways:
*   **Direct Contact:** Touching an infected animal, including saliva, blood, urine, or feces.
*   **Indirect Contact:** Coming into contact with areas where animals live and roam, or surfaces contaminated by them.
*   **Vector-borne:** Being bitten by insects (like ticks or mosquitoes) that have previously fed on an infected animal.
*   **Foodborne:** Consuming contaminated raw or undercooked animal products (meat, eggs, unpasteurized milk).

### Common Examples of Zoonotic Diseases
1.  **Viral:** Rabies (dogs/bats), Avian Influenza (birds), Ebola (fruit bats/primates), and COVID-19 (suspected wildlife origin).
2.  **Bacterial:** Salmonellosis (*Salmonella*), Lyme disease (ticks/deer), Anthrax (livestock), and Leptospirosis (rodents/dogs).
3.  **Parasitic:** Toxoplasmosis (cats) and Trichinosis (undercooked pork).

### Impact on Human Health
The impact ranges from mild illness to severe systemic failure or death. Because these pathogens evolve in animals, they can sometimes ""jump"" species, leading","Health problems transmitted from animals to humans are called **zoonotic diseases** (or zoonoses). These occur when pathogens—such as bacteria, viruses, parasites, or fungi—jump from an animal species to a human.

Here is a breakdown of how this works and how it affects your health:

### 1. How Transmission Happens
Animals can pass illnesses to people through several different pathways:
*   **Direct Contact:** Touching, kissing, or being bitten/scratched by an infected animal (e.g., Rabies or Cat Scratch Fever).
*   **Indirect Contact:** Touching areas where animals live or leave waste, such as contaminated soil or water (e.g., Toxoplasmosis from cat litter boxes).
*   **Airborne/Droplets:** Breathing in particles containing pathogens, often spread via feces or urine dried into dust (e.g., Psittacosis from birds).
*   **Vector-borne:** An insect acts as a ""middleman,"" biting an animal and then biting a human (e.g., Lyme disease from ticks or Malaria from mosquitoes).
*   **Foodborne:** Eating undercooked meat or unpasteurized dairy products from infected animals (e.g., Salmonella).

### 2. Common Types of Health Issues
Being around animals doesn't automatically make you sick, but there are specific risks depending on the animal:
*   **Bacterial Infections:** Salmonellosis (reptiles/","Diseases that spread from animals to humans are called **zoonoses** (or zoonotic diseases). Being around animals can indeed lead to illness or impact overall health through several different mechanisms:

### 1. Direct Infection (Zoonotic Diseases)
Animals can transmit pathogens—including bacteria, viruses, fungi, and parasites—to humans via direct contact, bites, scratches, or contaminated environments. Common examples include:
*   **Bacterial:** *Salmonella* (reptiles/birds), *Campylobacter* (puppies/kittens), and *Pasteurella* (cat/dog bites).
*   **Viral:** Rabies (mammals) and Avian Influenza (birds).
*   **Parasitic:** Toxoplasmosis (cats), roundworms, and hookworms.
*   **Fungal:** Ringworm (various mammals).

### 2. Vector-Borne Transmission
Pets often bring ""vectors"" into the home—small organisms like fleas, ticks, and mosquitoes—that carry diseases. For example, a dog may carry a tick that transmits **Lyme disease** to its owner.

### 3. Allergic Reactions and Respiratory Impact
For some individuals, exposure to animal dander, saliva, or urine triggers an immune response. This can cause:
*   **Acute symptoms:** Sneezing, itchy eyes, skin rashes, or hives.
*   **Chronic impacts:** Exacerbation of asthma or other",1.5121539471373369,2.074309208786951,1.9539576377027648,37.40340617047391,38.80503407024561,38.53078038776406,13.649851632047476,13.521126760563378,15.757575757575756,30.86053412462908,31.549295774647884,33.939393939393945,0.0,0.0,0.0,22.89156626506024,28.915662650602407,28.915662650602407,27.536231884057973,30.0,34.78260869565217,25.0,29.4478527607362,31.57894736842105,0.8194782733917236,0.8283687233924866,0.8248517513275146,1.0,0.6223942637443542,0.702004075050354,3,4,4
gemma-4-31B-it (4bit),gemma4_31b_q6k_ref.yaml,4bit,typos_grammar,40,What is (are) Ankle Injuries and Disorders ?,"What is/are ankle injurys and disorder's, like what do that even mean for the ankle ?","What do ankle injuries and disorders mean, and what kinds of problems do they include?","Your ankle bone and the ends of your two lower leg bones make up the ankle joint. Your ligaments, which connect bones to one another, stabilize and support it. Your muscles and tendons move it. The most common ankle problems are sprains and fractures. A sprain is an injury to the ligaments. It may take a few weeks to many months to heal completely. A fracture is a break in a bone. You can also injure other parts of the ankle such as tendons, which join muscles to bone, and cartilage, which cushions your joints. Ankle sprains and fractures are common sports injuries.","Ankle injuries and disorders refer to damage or dysfunction affecting the joint where the leg meets the foot, involving the bones (tibia, fibula, and talus), ligaments, tendons, and cartilage. These conditions generally fall into three categories:

### 1. Acute Traumatic Injuries
These occur due to sudden impact or twisting movements:
*   **Sprains:** The most common ankle injury; it involves the stretching or tearing of **ligaments** (the tissues connecting bone to bone). Lateral sprains (outer side) are more frequent than medial sprains.
*   **Fractures:** Breaks in one or more of the ankle bones. This can range from stress fractures (small cracks) to displaced fractures requiring surgery.
*   **Dislocations:** When the bones of the ankle joint are forced out of their normal alignment.

### 2. Chronic Overuse and Tendon Disorders
These develop over time due to repetitive strain or inflammation:
*   **Tendonitis:** Inflammation of the tendons, such as Achilles tendonitis (at the back of the heel) or peroneal tendonitis.
*   **Chronic Ankle Instability:** A condition resulting from repeated sprains that leaves the joint loose and prone to ""giving way.""
*   **Tarsal Tunnel Syndrome:** Compression of the tibial nerve, causing tingling or pain in the foot (similar to Carpal Tunnel in the wrist).

### 3. Degenerative and Systemic Disorders","Ankle injuries and disorders refer to damage or dysfunction affecting the complex joint where your leg meets your foot. The ankle consists of bones (tibia, fibula, and talus), ligaments (which connect bone to bone), tendons (which connect muscle to bone), and cartilage.

When someone refers to an ""ankle injury"" or ""disorder,"" they generally mean one of the following categories:

### 1. Acute Injuries (Trauma)
These occur suddenly due to a specific event, such as a fall or a sports accident.
*   **Sprains:** This is the most common ankle injury. It occurs when the **ligaments** are stretched or torn, usually caused by ""rolling"" the ankle (inversion).
*   **Fractures:** A break in one or more of the ankle bones. These can range from small stress fractures (tiny cracks) to severe breaks requiring surgery.
*   **Dislocations:** When the bones of the joint are forced out of their normal alignment.

### 2. Chronic Disorders (Long-term Issues)
These develop over time due to wear and tear, systemic disease, or repeated minor injuries.
*   **Osteoarthritis:** The wearing down of the protective cartilage in the joint, leading to pain, stiffness, and swelling.
*   **Tendonitis:** Inflammation of the tendons (such as the Achilles tendon), often caused by overuse or repetitive strain.
*   **Chronic Ankle Inst","**Ankle injuries and disorders** refer to damage or dysfunction affecting the joint where the leg meets the foot. This complex area involves several bones (tibia, fibula, and talus), ligaments that provide stability, tendons that enable movement, and cartilage that cushions the joints.

These issues generally fall into two categories: **acute injuries** (sudden trauma) and **chronic disorders** (long-term conditions).

### 1. Acute Injuries
These occur due to sudden physical stress, such as a trip, fall, or sports impact.
*   **Sprains:** The most common injury; occurs when ligaments (the tissues connecting bone to bone) are stretched or torn, typically from ""rolling"" the ankle.
*   **Fractures:** Breaks in one or more of the ankle bones. These can range from hairline cracks (stress fractures) to complete breaks requiring surgery.
*   **Dislocations:** When the bones of the joint are forced out of their normal alignment.
*   **Tendon Tears/Strains:** Damage to the muscles or tendons (such as the Achilles tendon) through overstretching or rupture.

### 2. Chronic Disorders
These develop over time due to wear and tear, systemic disease, or repeated minor injuries.
*   **Osteoarthritis:** Degeneration of the cartilage within the joint, leading to pain, stiffness, and reduced mobility.
*   **Chronic Ankle Instability:** A condition often resulting from",2.842878386492718,2.1613237875696028,2.006370347874756,38.54488328891473,40.59422239903382,39.07178215065335,15.498154981549812,16.84981684981685,15.441176470588236,33.21033210332104,38.09523809523809,34.558823529411775,0.0,0.0,0.0,48.0,52.0,52.0,25.26315789473684,26.53061224489796,26.0,33.10344827586207,35.13513513513514,34.66666666666667,0.8382744193077087,0.8482197523117065,0.8464004397392273,1.0,0.9147992730140686,0.8873625993728638,3,4,2
gemma-4-31B-it (4bit),gemma4_31b_q6k_ref.yaml,4bit,ambiguity,41,What is (are) Ankylosing Spondylitis ?,"What is that long-term thing where your lower back/spine gets really stiff and inflamed over time, maybe even starts sort of fusing together or","What chronic condition causes progressive inflammation and stiffness of the lower back and spine, sometimes leading to fusion of the vertebrae?","Ankylosing spondylitis is a type of arthritis of the spine. It causes inflammation between your vertebrae, which are the bones that make up your spine, and in the joints between your spine and pelvis. In some people, it can affect other joints. AS is more common and more severe in men. It often runs in families. The cause is unknown, but it is likely that both genes and factors in the environment play a role. Early symptoms of AS include back pain and stiffness. These problems often start in late adolescence or early adulthood. Over time, AS can fuse your vertebrae together, limiting movement. Some people have symptoms that come and go. Others have severe, ongoing pain. A diagnosis of AS is based on your medical history and a physical examination. You may also have imaging or blood tests. AS has no cure, but medicines can relieve symptoms and may keep the disease from getting worse. Eating a healthy diet, not smoking, and exercising can also help. In rare cases, you may need surgery to straighten the spine. NIH: National Institute of Arthritis and Musculoskeletal and Skin Disease","**Ankylosing spondylitis (AS)** is a chronic, inflammatory type of arthritis that primarily affects the spine and sacroiliac joints (where the spine meets the pelvis).

Key characteristics include:

*   **Inflammation:** It begins as inflammation in the joints and ligaments, causing pain and stiffness. 
*   **Fusion:** Over time, prolonged inflammation can lead to the formation of bony growths (syndesmophytes), which may cause some or all of the vertebrae to fuse together. This process is called **ankylosis**, resulting in a rigid spine (often referred to as ""bamboo spine"" on X-rays).
*   **Primary Targets:** While it most commonly affects the lower back and hips, it can also impact other joints, the eyes (uveitis), and internal organs like the heart or lungs.
*   **Genetic Link:** There is a strong association with the genetic marker **HLA-B27**, although not everyone with this gene develops the condition.

The primary symptoms are chronic low back pain and morning stiffness that typically improves with exercise but worsens with rest. Treatment generally focuses on managing pain through physical therapy and medications such as NSAIDs or biologics (TNF inhibitors).","The condition you are describing is **Ankylosing Spondylitis (AS)**.

It is a chronic inflammatory disease primarily affecting the axial skeleton (the spine and sacroiliac joints). Key characteristics include:

*   **Inflammation:** It begins with inflammation in the sacroiliac joints (where the spine meets the pelvis) and can spread up the spinal column.
*   **Fusion:** Over time, the body may attempt to heal the inflammation by growing new bone across the joints. This process leads to ""syndesmophytes"" (bony growths), which can eventually cause the vertebrae to fuse together—a phenomenon often referred to as **""Bamboo Spine.""**
*   **Stiffness:** Patients typically experience significant stiffness in the morning or after periods of inactivity, which generally improves with movement and exercise.

***Disclaimer:** I am an AI, not a doctor. If you suspect you have this condition, please consult a healthcare professional for a proper diagnosis.*","The chronic condition described is **ankylosing spondylitis** (AS).

It is a type of inflammatory arthritis that primarily affects the sacroiliac joints and the spine. Over time, the persistent inflammation can lead to the formation of syndesmophytes (bony growths), which cause the vertebrae to fuse together—a process often referred to as ""bamboo spine.""",4.568284945673621,2.103840366065422,1.3104688662785189,41.63020193188809,35.98260083917597,19.835795993448528,19.04761904761905,14.23728813559322,14.479638009049776,38.0952380952381,30.508474576271187,24.43438914027149,0.0,0.0,0.0,21.91780821917808,19.17808219178082,12.32876712328767,23.52941176470588,27.450980392156865,47.368421052631575,22.69503546099291,22.58064516129032,19.565217391304348,0.8454307317733765,0.8423898220062256,0.843723475933075,1.0,0.48198401927948,0.5267860889434814,4,5,5
gemma-4-31B-it (4bit),gemma4_31b_q6k_ref.yaml,4bit,layperson,42,What is (are) Anthrax ?,"what is that bad infection thing people can get from animals or weird powder in the mail,, like what even is it and how does a person catch it?","What is anthrax, and how can a person become infected with it from animals or contaminated powder in the mail?","Anthrax is a disease caused by Bacillus anthracis, a germ that lives in soil. Many people know about it from the 2001 bioterror attacks. In the attacks, someone purposely spread anthrax through the U.S. mail. This killed five people and made 22 sick. Anthrax is rare. It affects animals such as cattle, sheep, and goats more often than people. People can get anthrax from contact with infected animals, wool, meat, or hides. It can cause three forms of disease in people. They are - Cutaneous, which affects the skin. People with cuts or open sores can get it if they touch the bacteria. - Inhalation, which affects the lungs. You can get this if you breathe in spores of the bacteria. - Gastrointestinal, which affects the digestive system. You can get it by eating infected meat. Antibiotics often cure anthrax if it is diagnosed early. But many people don't know they have anthrax until it is too late to treat. A vaccine to prevent anthrax is available for people in the military and others at high risk. NIH: National Institute of Allergy and Infectious Diseases","**Anthrax** is a serious infectious disease caused by gram-positive, spore-forming bacteria known as *Bacillus anthracis*. It primarily affects livestock and other herbivores, but it can be transmitted to humans (zoonosis).

The bacteria produce spores that can survive in the environment—such as soil—for many years. When these spores enter the body through a cut in the skin, inhalation, or ingestion, they germinate into active bacteria that release toxins, damaging tissues and suppressing the immune system.

There are three primary forms of anthrax in humans:

1.  **Cutaneous Anthrax:** The most common form; occurs when spores enter a break in the skin, resulting in a painless skin sore with a black center (eschar).
2.  **Inhalation Anthrax:** Occurs when spores are inhaled into the lungs. This is the most severe form and can lead to respiratory failure and septic shock if not treated immediately.
3.  **Gastrointestinal Anthrax:** A rare form occurring after eating contaminated meat from an infected animal, leading to nausea, vomiting, and severe abdominal pain.

Anthrax is typically treated with antibiotics (such as ciprofloxacin or doxycycline), though treatment for inhalation anthrax often requires intensive supportive care.","The ""bad infection"" you are referring to is **Anthrax**, caused by the bacterium *Bacillus anthracis*.

### What is it?
Anthrax is an infectious disease caused by spore-forming bacteria. These spores are highly resilient and can survive for long periods in the environment (soil) or as dried powders. It primarily affects livestock but can be transmitted to humans.

### How do people catch it?
There are three primary ways a person can contract anthrax, depending on how the spores enter the body:

1.  **Cutaneous (Skin):** This is the most common form. Spores enter through a cut or scrape on the skin. This often happens to people handling infected animals or contaminated animal products (like wool or hides). It typically results in a painless sore with a black center.
2.  **Inhalation (Lungs):** This occurs when spores are breathed into the lungs. This is the method associated with ""powder in the mail"" (bioterrorism), where concentrated spores are aerosolized and inhaled. This form is severe and potentially fatal if not treated immediately.
3.  **Gastrointestinal (Digestive tract):** This occurs when a person eats raw or undercooked meat from an animal that had anthrax.

***Disclaimer:** I am an AI, not a doctor. If you suspect exposure to any infectious agent, seek immediate professional medical attention.*","**Anthrax** is a serious infectious disease caused by gram-positive, spore-forming bacteria known as *Bacillus anthracis*. These bacteria produce toxins that damage tissues and can be fatal if left untreated.

A person can become infected through three primary routes of exposure:

### 1. Infection from Animals (Cutaneous Anthrax)
This occurs primarily through direct contact with infected livestock (such as cattle, sheep, or goats).
*   **Transmission:** Spores enter the body through cuts, scratches, or abrasions on the skin while handling infected animal carcasses, hides, wool, or raw meat.
*   **Result:** This typically leads to **cutaneous anthrax**, characterized by a painless skin sore with a black center (eschar).

### 2. Contaminated Powder/Inhalation (Inhalational Anthrax)
This occurs when spores are aerosolized—meaning they are suspended in the air—and breathed into the lungs.
*   **Transmission:** If contaminated powder (containing concentrated spores) is opened from an envelope or package, the fine particles can be inhaled deep into the lungs.
*   **Result:** This leads to **inhalational anthrax**, which is the most severe form of the disease. It often begins with flu-like symptoms before progressing to severe respiratory failure and septic shock.

### 3. Ingestion (Gastrointestinal Anthrax)
Though less common, infection can occur by eating undercooked meat from",2.975896833758552,2.430435063591573,5.560411965168984,42.19455960379571,42.007899634621296,43.7839726683159,18.023255813953487,18.836565096952903,17.92717086834734,39.53488372093023,37.673130193905806,39.21568627450981,0.0,0.0,0.0,24.285714285714285,21.428571428571427,24.285714285714285,22.666666666666664,19.230769230769237,22.972972972972972,23.448275862068964,20.27027027027027,23.611111111111114,0.8482035994529724,0.8524780869483948,0.8423618078231812,1.0,0.3414725661277771,0.7698999643325806,4,5,4
gemma-4-31B-it (4bit),gemma4_31b_q6k_ref.yaml,4bit,incomplete,43,Do you have information about Antibiotic Resistance,Do you have any info on when germs kinda stop responding to medicine and what that means?,"What does it mean when germs stop responding to medicines, and how does this happen?","Summary : Antibiotics are medicines that fight bacterial infections. Used properly, they can save lives. But there is a growing problem of antibiotic resistance. It happens when bacteria change and become able to resist the effects of an antibiotic. Using antibiotics can lead to resistance. Each time you take antibiotics, sensitive bacteria are killed. But resistant germs may be left to grow and multiply. They can spread to other people. They can also cause infections that certain antibiotics cannot cure. Methicillin-resistant Staphylococcus aureus (MRSA) is one example. It causes infections that are resistant to several common antibiotics. To help prevent antibiotic resistance - Don't use antibiotics for viruses like colds or flu. Antibiotics don't work on viruses. - Don't pressure your doctor to give you an antibiotic. - When you take antibiotics, follow the directions carefully. Finish your medicine even if you feel better. If you stop treatment too soon, some bacteria may survive and re-infect you. - Don't save antibiotics for later or use someone else's prescription. Centers for Disease Control and Prevention","**Antibiotic resistance** occurs when bacteria evolve mechanisms to protect themselves from the effects of antibiotics, making standard treatments ineffective. This is a global public health threat because it makes common infections harder to treat and increases the risk of death.

### How It Happens
Resistance happens through natural selection. When bacteria are exposed to an antibiotic, those with genetic mutations that allow them to survive remain alive while others die. These surviving ""superbugs"" then multiply and spread their resistant genes to other bacteria.

Common biological mechanisms include:
*   **Efflux pumps:** Pumping the antibiotic out of the bacterial cell before it can work.
*   **Enzyme production:** Creating enzymes (like beta-lactamases) that chemically break down the drug.
*   **Target modification:** Changing the structure of the protein or cell wall that the antibiotic targets so the drug cannot bind to it.

### Primary Causes
1.  **Overuse/Misuse:** Taking antibiotics for viral infections (like the cold or flu), which they cannot cure.
2.  **Incorrect Usage:** Not finishing a prescribed course of antibiotics, allowing partially treated bacteria to develop resistance.
3.  **Agricultural Use:** Using antibiotics in livestock for growth promotion rather than treating illness.
4.  **Poor Infection Control:** Lack of hygiene and sanitation in hospitals and communities allows resistant strains to spread.

### Examples of Resistant Bacteria
Some well-known examples include:
*   **MRSA**","When germs (bacteria) stop responding to medicines—specifically antibiotics—it is called **antibiotic resistance**.

### When does this happen?
Resistance occurs through a process of natural selection and genetic mutation. It happens in several ways:

1.  **Overuse:** Taking antibiotics for viral infections (like the common cold or flu), which they cannot cure.
2.  **Misuse/Incorrect Use:** Not finishing a prescribed course of antibiotics. If some bacteria survive because the medication was stopped early, those survivors can develop mutations that make them resistant to that drug.
3.  **Agricultural Use:** Using antibiotics in livestock to promote growth rather than treat illness.
4.  **Natural Mutation:** Bacteria evolve rapidly; occasionally, a random mutation allows a bacterium to ""ignore"" an antibiotic's attack. These resistant bacteria then multiply and spread.

### What does it mean?
When bacteria become resistant, it means the standard medications used to kill them no longer work effectively. This leads to several critical consequences:

*   **Harder-to-Treat Infections:** Doctors must use ""last resort"" drugs, which may be more expensive, have harsher side effects, or be less effective.
*   **Longer Illnesses:** Because the first few lines of treatment fail, patients stay sick longer and face a higher risk of complications.
*   **Increased Risk for Surgery:** Many modern medical procedures (such as organ transplants, chemotherapy, and joint replacements)","When germs (bacteria, viruses, fungi, or parasites) stop responding to medicines, it is called **antimicrobial resistance** (specifically *antibiotic resistance* in the case of bacteria). This means that the drugs designed to kill these microorganisms no longer work effectively, making infections harder—and sometimes impossible—to treat.

### How It Happens
Resistance occurs through a process of natural selection and genetic adaptation:

1.  **Genetic Mutation:** Random mutations occur in the DNA of the germ during reproduction. Some of these mutations may accidentally provide a defense mechanism against a specific drug.
2.  **Selective Pressure:** When a person takes an antimicrobial drug, the medicine kills the vulnerable germs. However, if some germs have a mutation that makes them resistant, they survive while their competitors die off.
3.  **Proliferation:** The surviving resistant germs multiply rapidly, passing their protective genes to their offspring. 
4.  **Horizontal Gene Transfer:** Bacteria can also share their ""resistance instructions"" directly with other bacteria via small pieces of DNA called plasmids, allowing resistance to spread even between different species of germs.

### Mechanisms of Resistance
Germs use several biological strategies to defeat medicines, including:
*   **Efflux Pumps:** Pumping the medicine out of the cell before it can take effect.
*   **Enzymatic Destruction:** Producing enzymes (like beta-lactamases) that chemically break down the medication.
*   **Target Modification",2.029062276621834,1.983263948775893,0.8520028746937264,46.25220689023802,45.020412534344615,38.21269937759039,17.789757412398924,13.978494623655916,10.41095890410959,35.57951482479785,36.55913978494624,29.04109589041096,0.0,0.0,0.0,33.33333333333333,33.33333333333333,24.731182795698924,30.097087378640776,29.245283018867923,23.958333333333336,31.632653061224485,31.155778894472363,24.33862433862434,0.8407502174377441,0.8398717641830444,0.8276286125183105,1.0,0.3930296003818512,0.2827795445919037,4,3,3
gemma-4-31B-it (4bit),gemma4_31b_q6k_ref.yaml,4bit,overgeneralization,44,Do you have information about Antibiotics,"do you have any info on meds people take when theyre sick, like the stuff for infections and other health problems in general?","What medications are commonly used to treat illnesses, including infections and other general health conditions?","Summary : Antibiotics are powerful medicines that fight bacterial infections. Used properly, antibiotics can save lives. They either kill bacteria or keep them from reproducing. Your body's natural defenses can usually take it from there. Antibiotics do not fight infections caused by viruses, such as - Colds - Flu - Most coughs and bronchitis - Sore throats, unless caused by strep If a virus is making you sick, taking antibiotics may do more harm than good. Using antibiotics when you don't need them, or not using them properly, can add to antibiotic resistance. This happens when bacteria change and become able to resist the effects of an antibiotic. When you take antibiotics, follow the directions carefully. It is important to finish your medicine even if you feel better. If you stop treatment too soon, some bacteria may survive and re-infect you. Do not save antibiotics for later or use someone else's prescription. Centers for Disease Control and Prevention","**Antibiotics** are powerful medicines used to treat infections caused by **bacteria**. They work by either killing the bacteria or making it difficult for them to grow and multiply.

Here is a concise overview of essential information regarding antibiotics:

### 1. What they Treat (and what they DON'T)
*   **Effective against:** Bacterial infections (e.g., strep throat, urinary tract infections (UTIs), bacterial pneumonia).
*   **Ineffective against:** Viral infections. This means antibiotics **do not work** for the common cold, influenza (the flu), most sore throats, or COVID-19. Using them for viruses does not cure the illness and can cause harm.

### 2. Common Types/Classes
Different antibiotics target different types of bacteria:
*   **Penicillins:** Used for various mild to moderate infections (e.g., Amoxicillin).
*   **Cephalosporins:** Broad-spectrum drugs often used for skin and respiratory infections.
*   **Macrolides:** Often used for people allergic to penicillin (e.g., Azithromycin).
*   **Fluoroquinolones:** Stronger medications typically reserved for more severe infections like certain pneumonias.
*   **Tetracyclines:** Frequently used for acne and specific tick-borne illnesses.

### 3. The Danger of Antibiotic Resistance
One of the biggest threats to global health is **antibiotic","Medications used to treat sicknesses and health problems are categorized by their function—what they target and how they work. Here is an overview of the most common classes of medications:

### 1. Anti-Infectives (Treating Infections)
These drugs target pathogens such as bacteria, viruses, fungi, or parasites. It is critical to use these only under professional guidance to avoid resistance.

*   **Antibiotics:** Used exclusively for **bacterial infections** (e.g., strep throat, UTIs). Examples include Penicillins, Amoxicillin, and Azithromycin. *They do not work on viruses.*
*   **Antivirals:** Used to treat **viral infections**. Some prevent replication (like Oseltamivir for flu) or manage chronic conditions (like antiretrovirals for HIV).
*   **Antifungals:** Used for fungal infections (e.g., athlete's foot or yeast infections), such as Fluconazole.

### 2. Symptom Management (Over-the-Counter/OTC)
These do not cure the underlying infection but reduce discomfort while the body heals.

*   **Analgesics & Antipyretics:** Reduce pain and fever. Common examples are Acetaminophen (Tylenol) and NSAIDs like Ibuprofen (Advil/Motrin) or Naproxen.
*   **Decongestants & Expectorants:** Clear nasal passages or thin","Medications used to treat illnesses vary depending on the cause of the condition (e.g., bacterial, viral, fungal) or the physiological system affected. Common categories include:

### 1. Anti-Infectives
These target pathogens that cause infection:
*   **Antibiotics:** Used for **bacterial infections**. Examples include Penicillins (Amoxicillin), Cephalosporins, and Macrolides (Azithromycin). They do not work against viruses.
*   **Antivirals:** Used for **viral infections**, such as Influenza (Oseltamivir) or HIV/AIDS (ART therapy).
*   **Antifungals:** Used for **fungal infections**, such as Fluconazole or Nystatin.
*   **Antiparasitics:** Used for parasites, such as Ivermectin or Metronidazole.

### 2. Symptom Management & General Health
These address symptoms rather than curing an underlying infection:
*   **Analgesics (Pain Relievers):** Including Acetaminophen (Tylenol) and NSAIDs like Ibuprofen (Advil) or Naproxen.
*   **Antipyretics:** Medications specifically used to reduce fever (often overlapping with analgesics).
*   **Antitussives and Expectorants:** Used for coughs; antitussives suppress coughing, while expectorants help clear mucus from airways.
*   **Decongestants and",1.925987489788685,1.8781662400798145,1.334824283137465,41.295275349544816,35.37036614902921,32.96019778650862,16.615384615384617,10.158730158730158,10.273972602739727,34.46153846153847,25.396825396825403,18.493150684931507,0.0,0.0,0.0,28.947368421052637,9.210526315789473,6.578947368421052,28.947368421052637,11.11111111111111,9.25925925925926,28.947368421052637,10.071942446043163,7.692307692307692,0.821925163269043,0.8053488731384277,0.7923983931541443,1.0,0.5710306763648987,0.4803089499473572,3,3,2
gemma-4-31B-it (4bit),gemma4_31b_q6k_ref.yaml,4bit,typos_grammar,45,Do you have information about Antidepressants,do u have any infoormation abot anti depressnts and how they work maybe?,"How do antidepressants work, and what information should I know about them?","Summary : Antidepressants are medicines that treat depression. Your doctor can prescribe them for you. They work to balance some of the natural chemicals in our brains. It may take several weeks for them to help. There are several types of antidepressants. You and your doctor may have to try a few before finding what works best for you. Antidepressants may cause mild side effects that usually do not last long. These may include headache, nausea, sleep problems, restlessness, and sexual problems. Tell your doctor if you have any side effects. You should also let your doctor know if you take any other medicines, vitamins, or herbal supplements. It is important to keep taking your medicines, even if you feel better. Do not stop taking your medicines without talking to your doctor. You often need to stop antidepressants gradually. NIH: National Institute of Mental Health","Antidepressants are medications used primarily to treat clinical depression, but they are also frequently prescribed for anxiety disorders, obsessive-compulsive disorder (OCD), post-traumatic stress disorder (PTSD), and chronic pain.

They work by balancing neurotransmitters—chemicals in the brain that affect mood, emotion, and sleep. The most common classes include:

### 1. Selective Serotonin Reuptake Inhibitors (SSRIs)
These are typically the first line of treatment because they generally have fewer side effects than older antidepressants. They increase levels of serotonin in the brain.
*   **Examples:** Fluoxetine (Prozac), Sertraline (Zoloft), Escitalopram (Lexapro).

### 2. Serotonin-Norepinephrine Reuptake Inhibitors (SNRIs)
These block the reabsorption of both serotonin and norepinephrine.
*   **Examples:** Venlafaxine (Effexor), Duloxetine (Cymbalta).

### 3. Atypical Antidepressants
These do not fit neatly into other categories and may target different combinations of neurotransmitters (such as dopamine).
*   **Example:** Bupropion (Wellbutrin)—often used if weight gain or sexual dysfunction is a concern with SSRIs.

### 4. Tricyclic Antidepressants (TCAs)
An older class of medication. While effective, they tend to cause more significant side effects","*Disclaimer: I am an AI, not a doctor. Please consult a licensed healthcare provider or psychiatrist for personalized medical advice.*

Antidepressants are medications used to treat depressive disorders, anxiety disorders, and sometimes chronic pain. They primarily work by altering the balance of **neurotransmitters**—chemical messengers in the brain that regulate mood, emotion, and sleep.

The most common types of antidepressants and their mechanisms are as follows:

### 1. Selective Serotonin Reuptake Inhibitors (SSRIs)
These are typically the first line of treatment because they generally have fewer side effects.
*   **How they work:** They block the reabsorption (reuptake) of **serotonin** into neurons. This increases the amount of serotonin available in the synaptic gap between neurons, improving the transmission of messages that stabilize mood.
*   **Examples:** Fluoxetine (Prozac), Sertraline (Zoloft), Escitalopram (Lexapro).

### 2. Serotonin-Norepinephrine Reuptake Inhibitors (SNRIs)
*   **How they work:** Similar to SSRIs, but they target two neurotransmitters instead of one: **serotonin** and **norepinephrine**. Norepinephrine is associated with alertness and energy.
*   **Examples:** Venlafaxine (Effexor), Duloxetine (Cymbalta).

### 3. Atypical Antidepressants","***Disclaimer:** I am an AI, not a doctor. Please consult a licensed healthcare provider or psychiatrist for personalized medical advice.*

### How Antidepressants Work
Most antidepressants target **neurotransmitters**, which are chemical messengers in the brain that regulate mood, emotion, and sleep. The primary neurotransmitters involved are serotonin, norepinephrine, and dopamine.

While depression is complex, it is often associated with imbalances or inefficient processing of these chemicals. Antidepressants generally work by increasing the availability of these chemicals in the synaptic gap (the space between neurons), enhancing communication between brain cells.

#### Common Types of Antidepressants:
1.  **SSRIs (Selective Serotonin Reuptake Inhibitors):** These block the reabsorption (reuptake) of serotonin into neurons, making more serotonin available to improve mood. *(Examples: Fluoxetine, Sertraline)*.
2.  **SNRIs (Serotonin-Norepinephrine Reuptake Inhibitors):** These block the reuptake of both serotonin and norepinephrine. *(Examples: Venlafaxine, Duloxetine)*.
3.  **NDRIs (Norepinephrine-Dopamine Reuptake Inhibitors):** These primarily affect dopamine and norepinephrine; they are often used when patients want to avoid sexual side effects common with SSRIs. *(Example: Bupropion)*.
4.  **Tricyclics (TCAs) & MAO",1.6571577229979026,1.77741030159706,0.9308669185596492,38.11149841482585,36.754608805957815,35.54416899223137,14.666666666666666,12.83783783783784,11.333333333333334,26.666666666666668,20.27027027027027,21.333333333333336,0.0,0.0,0.0,20.0,13.333333333333334,16.666666666666664,25.0,17.77777777777778,21.73913043478261,22.222222222222225,15.23809523809524,18.867924528301884,0.81654292345047,0.8101701140403748,0.8100973963737488,1.0,0.7713297009468079,0.8308412432670593,3,3,2
gemma-4-31B-it (4bit),gemma4_31b_q6k_ref.yaml,4bit,ambiguity,46,Do you have information about Antioxidants,Do you know much about those things people take or eat that are supposed to help with damage or aging or like cell stuff?,What supplements or foods are thought to help reduce cellular damage and slow aging?,"Summary : Antioxidants are man-made or natural substances that may prevent or delay some types of cell damage. Antioxidants are found in many foods, including fruits and vegetables. They are also available as dietary supplements. Examples of antioxidants include - Beta-carotene - Lutein - Lycopene - Selenium - Vitamin A - Vitamin C - Vitamin E Vegetables and fruits are rich sources of antioxidants. There is good evidence that eating a diet with lots of vegetables and fruits is healthy and lowers risks of certain diseases. But it isn't clear whether this is because of the antioxidants, something else in the foods, or other factors. High-dose supplements of antioxidants may be linked to health risks in some cases. For example, high doses of beta-carotene may increase the risk of lung cancer in smokers. High doses of vitamin E may increase risks of prostate cancer and one type of stroke. Antioxidant supplements may also interact with some medicines. To minimize risk, tell you of your health care providers about any antioxidants you use. NIH: National Center for Complementary and Integrative Health","**Antioxidants** are molecules that fight free radicals in your body. Free radicals are unstable atoms that can damage cells, causing oxidative stress, which is linked to aging and various diseases (such as cancer, heart disease, and neurodegenerative disorders).

### How They Work
When an antioxidant neutralizes a free radical, it prevents the molecule from stealing electrons from other cells, thereby protecting DNA, proteins, and cell membranes from damage.

### Types of Antioxidants
1.  **Endogenous Antioxidants:** These are produced naturally by the human body. Examples include **glutathione**, superoxide dismutase, and catalase.
2.  **Exogenous Antioxidants:** These are obtained through diet or supplements. Common examples include:
    *   **Vitamin C:** Found in citrus fruits, bell peppers, and strawberries.
    *   **Vitamin E:** Found in nuts, seeds, and vegetable oils.
    *   **Beta-Carotene/Vitamin A:** Found in carrots, sweet potatoes, and leafy greens.
    *   **Selenium:** A mineral found in Brazil nuts and seafood.
    *   **Polyphenols/Flavonoids:** Found in green tea, dark chocolate, berries, and red wine.

### Health Benefits
A diet rich in antioxidants is generally associated with:
*   Reduced risk of chronic inflammation.
*   Better cardiovascular health.
*   Protection against UV skin damage.
*   Support for immune","People typically refer to these as **nutraceuticals**, **anti-aging supplements**, or **cellular health boosters**. These substances generally fall into several categories aimed at reducing oxidative stress, supporting mitochondrial function, or influencing cellular longevity pathways.

Here is an overview of the most common types of ""cell stuff"" people use for anti-aging and repair:

### 1. Antioxidants (Fighting Oxidative Stress)
Oxidative stress occurs when unstable molecules called free radicals damage cells, proteins, and DNA. Antioxidants neutralize these molecules.
*   **Vitamin C & E:** Basic nutrients that protect cell membranes.
*   **Glutathione:** Often called the ""master antioxidant,"" it helps detoxify the liver and protects mitochondria.
*   **Coenzyme Q10 (CoQ10):** Essential for energy production in the mitochondria; often taken for heart health and skin elasticity.
*   **Resveratrol & Quercetin:** Polyphenols found in grapes and onions thought to activate ""longevity genes.""

### 2. NAD+ Boosters (Cellular Energy and Repair)
NAD+ is a coenzyme found in all living cells and is crucial for DNA repair and energy metabolism. Levels decline as we age.
*   **NMN (Nicotinamide Mononucleotide)** and **NR (Nicotinamide Riboside):** Precursors that the body converts into NAD+ to potentially improve cellular efficiency and repair damaged DNA.","To reduce cellular damage (oxidative stress) and potentially slow biological aging, focus is typically placed on **antioxidants**, **anti-inflammatory agents**, and compounds that support **mitochondrial health**.

### 1. Key Nutrients and Supplements
*   **Omega-3 Fatty Acids:** Found in fish oil and algae; these reduce systemic inflammation and protect cell membranes.
*   **Coenzyme Q10 (CoQ10):** Essential for mitochondrial energy production and protecting cells from oxidative damage.
*   **Resveratrol & Quercetin:** Polyphenols found in grapes and onions that activate sirtuins (proteins linked to longevity) and act as senolytics (clearing damaged ""zombie"" cells).
*   **Curcumin:** The active compound in turmeric with potent anti-inflammatory properties.
*   **Vitamins C and E:** Classic antioxidants that neutralize free radicals. Vitamin C supports collagen synthesis, while Vitamin E protects lipid membranes.
*   **NAD+ Precursors (NMN/NR):** These are currently being studied for their ability to restore NAD levels, which decline with age and are critical for DNA repair.

### 2. Anti-Aging Foods
A diet rich in whole, unprocessed foods provides synergistic effects that isolated supplements often lack:
*   **Berries (Blueberries, Raspberries):** High in anthocyanins and flavonoids that protect the brain and heart from oxidative stress.
*   **",1.0843640447550635,0.9723447311030426,0.8938985983322923,40.76061685576316,33.96443059371684,33.981997834670594,15.652173913043477,12.643678160919542,13.18051575931232,34.20289855072464,22.41379310344828,23.49570200573066,0.0,0.0,0.0,25.0,12.5,19.444444444444446,24.324324324324326,16.9811320754717,21.53846153846154,24.657534246575345,14.400000000000002,20.437956204379564,0.8269641995429993,0.8117226958274841,0.8090524077415466,1.0,0.5183303952217102,0.4278152287006378,3,3,2
gemma-4-31B-it (4bit),gemma4_31b_q6k_ref.yaml,4bit,layperson,47,What is (are) Anxiety ?,"what is it called when a person gets all nervouse n worked up for no real reason, like heart racing, cant calm down, mind wont stop etc and is that just a normal thing or some kinda problem?","What is it called when someone suddenly feels very nervous or worked up for no clear reason, with symptoms like a racing heart, inability to calm down, and a mind that will not stop, and is this normal or could it indicate an anxiety or panic disorder?","Fear and anxiety are part of life. You may feel anxious before you take a test or walk down a dark street. This kind of anxiety is useful - it can make you more alert or careful. It usually ends soon after you are out of the situation that caused it. But for millions of people in the United States, the anxiety does not go away, and gets worse over time. They may have chest pains or nightmares. They may even be afraid to leave home. These people have anxiety disorders. Types include - Panic disorder - Obsessive-compulsive disorder - Post-traumatic stress disorder - Phobias - Generalized anxiety disorder Treatment can involve medicines, therapy or both. NIH: National Institute of Mental Health","**Anxiety** is a natural response to stress that involves feelings of tension, worried thoughts, and physical changes like increased blood pressure. While occasional anxiety is a normal part of the human experience—such as feeling nervous before an exam or a job interview—it becomes a clinical disorder when these feelings are persistent, excessive, and interfere with daily functioning.

### 1. Normal vs. Pathological Anxiety
*   **Normal Anxiety:** A temporary reaction to a specific threat or stressful event. It often acts as a survival mechanism (the ""fight-or-flight"" response), alerting the body to danger.
*   **Anxiety Disorders:** Chronic conditions where the anxiety is disproportionate to the actual danger, occurs without an obvious trigger, or persists long after a stressor has passed.

### 2. Common Symptoms
Anxiety manifests through emotional, cognitive, and physical symptoms:
*   **Emotional/Cognitive:** Excessive worry, irritability, restlessness, a sense of impending doom, or difficulty concentrating.
*   **Physical:** Rapid heartbeat (tachycardia), shortness of breath, sweating, trembling, muscle tension, fatigue, and gastrointestinal distress.

### 3. Types of Anxiety Disorders
There are several clinically recognized types of anxiety disorders, including:
*   **Generalized Anxiety Disorder (GAD):** Persistent and excessive worry about various different things (e.g., health, work, social interactions).
*   **Panic Disorder:** Characterized by","***Disclaimer:** I am an AI, not a doctor. If you are experiencing these symptoms, please consult a healthcare professional for an accurate diagnosis.*

The experience you are describing—racing heart, inability to calm down, racing thoughts, and intense nervousness without an obvious trigger—is most commonly referred to as an **anxiety attack** or, if more severe and physical, a **panic attack**.

### What is happening?
These sensations occur when the body's ""fight-or-flight"" response (the sympathetic nervous system) activates at the wrong time. This releases hormones like adrenaline and cortisol into your bloodstream, which physically speeds up your heart rate and puts your brain in a state of high alert, even if there is no actual danger present.

### Is this ""normal"" or a ""problem""?
Whether this is a one-time occurrence or a clinical issue depends on frequency and impact:

1.  **Occasional/Normal Response:** It is common for people to experience periods of heightened anxiety due to accumulated stress, lack of sleep, too much caffeine, or subconscious worries. In these cases, it is generally considered a normal human reaction to stress.
2.  **A Clinical Problem:** If these episodes happen frequently, occur ""out of the blue,"" interfere with your daily life, or cause you to worry about when the next one will happen, it may be classified as an **Anxiety Disorder**, such as:
    *   **Panic Disorder","The experience you described—a sudden onset of intense nervousness, a racing heart (tachycardia), mental restlessness (""racing thoughts""), and difficulty calming down without an obvious trigger—is characteristic of a **panic attack** or an **acute anxiety episode**.

### Is this ""normal"" or a sign of a disorder?

Whether these symptoms indicate a clinical disorder depends on their frequency, duration, and impact on your daily life:

1.  **Occasional Episodes:** It is relatively common for people to experience isolated episodes of high anxiety during periods of extreme stress, sleep deprivation, or significant life changes. In these cases, it may be a situational reaction rather than a chronic disorder.
2.  **Panic Disorder:** If these attacks occur unexpectedly (without a specific trigger) and lead to a persistent fear of having another attack, it may indicate **Panic Disorder**. 
3.  **Anxiety Disorders:** If these feelings are accompanied by constant worry, tension, or avoidance behaviors in other areas of life, they may be signs of **Generalized Anxiety Disorder (GAD)** or another related condition.
4.  **Medical Mimics:** Certain physical health issues can mimic these symptoms, including hyperthyroidism, hypoglycemia (low blood sugar), cardiac arrhythmias, or reactions to stimulants (like excessive caffeine).

***Disclaimer:** I am an AI, not a doctor. Because symptoms like a racing heart can overlap with cardiovascular or endocrine issues, it is important to consult a healthcare provider for a",0.9314665547856308,1.2155284394883046,0.6144622127798066,34.43114799922859,31.939326873178164,33.966954343908114,13.651877133105804,10.69182389937107,13.8801261829653,24.573378839590443,26.41509433962264,30.283911671924287,0.0,0.0,0.0,19.230769230769237,21.153846153846157,21.153846153846157,10.989010989010987,13.580246913580249,12.643678160919542,13.986013986013983,16.54135338345865,15.827338129496404,0.8283084630966187,0.8175880908966064,0.8191789984703064,0.9999999403953552,0.4932754039764404,0.5499238967895508,3,3,4
gemma-4-31B-it (4bit),gemma4_31b_q6k_ref.yaml,4bit,incomplete,48,What is (are) Aortic Aneurysm ?,"what is that aneurysm thing in the big artery, like what does it mean?","What is an aneurysm in a major artery, and what does it mean?","An aneurysm is a bulge or ""ballooning"" in the wall of an artery. Arteries are blood vessels that carry oxygen-rich blood from the heart to other parts of the body. If an aneurysm grows large, it can burst and cause dangerous bleeding or even death. Most aneurysms are in the aorta, the main artery that runs from the heart through the chest and abdomen. There are two types of aortic aneurysm: - Thoracic aortic aneurysms - these occur in the part of the aorta running through the chest - Abdominal aortic aneurysms - these occur in the part of the aorta running through the abdomen Most aneurysms are found during tests done for other reasons. Some people are at high risk for aneurysms. It is important for them to get screening, because aneurysms can develop and become large before causing any symptoms Screening is recommended for people between the ages of 65 and 75 if they have a family history, or if they are men who have smoked. Doctors use imaging tests to find aneurysms. Medicines and surgery are the two main treatments. NIH: National Heart, Lung, and Blood Institute","An **aortic aneurysm** is a weakened, bulging area in the wall of the aorta, which is the main artery that carries oxygenated blood from the heart to the rest of the body.

When a section of the aortic wall weakens, the pressure of the pumping blood causes it to balloon outward. If an aneurysm grows too large, it risks rupturing (bursting), which can lead to life-threatening internal bleeding.

Aortic aneurysms are categorized by their location:

1.  **Abdominal Aortic Aneurysm (AAA):** Occurs in the part of the aorta that passes through the abdomen. This is the most common type.
2.  **Thoracic Aortic Aneurysm (TAA):** Occurs in the part of the aorta within the chest cavity.

### Key Facts:
*   **Causes:** Common risk factors include smoking, high blood pressure (hypertension), atherosclerosis (hardening of the arteries), genetic conditions (such as Marfan syndrome), or trauma.
*   **Symptoms:** Many aneurysms are ""silent"" and cause no symptoms until they rupture. Some may cause deep aching pain in the back or abdomen.
*   **Treatment:** Depending on the size and growth rate, treatment ranges from regular monitoring (""watchful waiting"") and medication to surgical repair using stents or grafts.

***Disclaimer:** I am an AI, not a doctor. If you suspect you have a medical condition, please consult","An **aneurysm** occurs when a section of an artery wall weakens, causing the vessel to bulge or balloon outward. 

Think of it like a weak spot in a garden hose; because the blood pressure inside the artery pushes against the walls, the weakened area stretches and expands into a bubble-like shape.

Here are the key details regarding where they occur and why they matter:

### Common Locations
While they can happen anywhere, they most commonly occur in two areas:
*   **Aortic Aneurysm:** This happens in the aorta, the ""big artery"" (the largest in the body) that carries blood from your heart to the rest of your organs. These usually occur either in the chest (**thoracic**) or the abdomen (**abdominal**).
*   **Brain (Cerebral) Aneurysm:** These occur in the arteries supplying blood to the brain.

### Why It Is Dangerous
The primary concern with an aneurysm is that as the arterial wall stretches, it becomes thinner and weaker. If the pressure becomes too great for the weakened wall to hold, the aneurysm can **rupture**.
*   If a large aortic aneurysm ruptures, it causes massive internal bleeding.
*   If a brain aneurysm ruptures, it causes a hemorrhagic stroke (bleeding in the brain).

### Causes and Risk Factors
Several factors can weaken the walls of an artery, including:
*   **High Blood Pressure (Hypertension):** Constant","An **aneurysm** is a localized, abnormal bulging or ballooning of a blood vessel wall. It occurs when a section of an arterial wall becomes weakened, allowing the pressure of the blood flowing through the artery to push the wall outward.

### What it means for the patient:
When an aneurysm develops in a major artery (such as the aorta), it indicates that the structural integrity of the vessel has been compromised. The primary clinical concerns are:

1.  **Risk of Rupture:** Because the wall of the aneurysm is thinner and weaker than a healthy artery, there is a risk that it may burst (rupture). A rupture leads to severe internal bleeding, which can be life-threatening.
2.  **Thrombosis (Clotting):** Blood flow often becomes turbulent within the bulge, which can lead to the formation of blood clots. These clots can break loose and travel downstream (embolism), potentially blocking blood flow to vital organs or limbs.
3.  **Pressure/Compression:** Depending on its location, a large aneurysm may press against surrounding nerves or organs, causing localized pain or dysfunction.

### Common Locations
*   **Abdominal Aortic Aneurysm (AAA):** Occurs in the part of the main artery (aorta) that passes through the abdomen.
*   **Thoracic Aortic Aneurysm:** Occurs in the part of the aorta passing through the chest.
*   **Cerebral",11.921659238568404,4.137552821394245,6.818108229083839,47.10130448414805,42.46084528787453,43.48400567620314,24.85549132947977,18.443804034582136,16.76300578034682,41.618497109826585,38.04034582132565,35.83815028901734,0.0,0.0,0.0,32.05128205128205,26.923076923076923,28.205128205128204,28.735632183908045,21.649484536082475,23.91304347826087,30.303030303030305,24.000000000000004,25.882352941176467,0.8692328333854675,0.8515215516090393,0.8529134392738342,0.9999998807907104,0.7426072359085083,0.7854549884796143,4,4,4
gemma-4-31B-it (4bit),gemma4_31b_q6k_ref.yaml,4bit,overgeneralization,49,What is (are) Aphasia ?,"what does it usually mean when some1 suddenly has big problems talking or getting words out and maybe not understanding stuff right, is that like a general brain/language issue or just speech trouble?","What does sudden difficulty speaking, finding words, or understanding language usually indicate, and how can you tell whether it is a language problem in the brain or a speech problem?","Aphasia is a disorder caused by damage to the parts of the brain that control language. It can make it hard for you to read, write, and say what you mean to say. It is most common in adults who have had a stroke. Brain tumors, infections, injuries, and dementia can also cause it. The type of problem you have and how bad it is depends on which part of your brain is damaged and how much damage there is. There are four main types: - Expressive aphasia - you know what you want to say, but you have trouble saying or writing what you mean - Receptive aphasia - you hear the voice or see the print, but you can't make sense of the words - Anomic aphasia - you have trouble using the correct word for objects, places, or events - Global aphasia - you can't speak, understand speech, read, or write Some people recover from aphasia without treatment. Most, however, need language therapy as soon as possible. NIH: National Institute of Neurological Disorders and Stroke","**Aphasia** is an acquired communication disorder caused by damage to the portions of the brain that control language—typically in the left hemisphere. It impairs a person's ability to process language, affecting their capacity to speak, write, and understand both spoken and written words.

It is important to note that aphasia affects **communication**, not intelligence; the individual's cognitive abilities often remain intact despite their inability to express thoughts or comprehend speech.

### Common Causes
*   **Stroke:** The most common cause, resulting from a lack of blood flow to language centers.
*   **Traumatic Brain Injury (TBI):** Severe head trauma.
*   **Brain Tumors:** Growth pressing on language-processing areas.
*   **Neurodegenerative Diseases:** Such as Alzheimer’s disease (Primary Progressive Aphasia).

### Main Types of Aphasia
The type of aphasia depends on which area of the brain is damaged:

1.  **Broca’s Aphasia (Expressive Aphasia):** Damage to the frontal lobe. The person knows what they want to say but struggles to produce the words. Speech is typically labored, slow, and telegraphic (e.g., ""Walk dog"" instead of ""I am walking the dog"").
2.  **Wernicke’s Aphasia (Receptive Aphasia):** Damage to the temporal lobe. The person can speak fluently and","***Disclaimer:** I am an AI, not a doctor. If someone is currently experiencing these symptoms, **call emergency services (such as 911) immediately**, as this can be a sign of a life-threatening medical emergency.*

When someone suddenly develops difficulty speaking, finding words, or understanding language, it typically indicates a **neurological event affecting the brain's language centers**, rather than a simple ""speech trouble"" (which often refers to mechanical issues with the muscles used for speaking).

These symptoms generally fall into two categories of language impairment known as **aphasia**:

1.  **Expressive Aphasia (Broca’s Area):** The person knows what they want to say but cannot get the words out or struggle to form sentences.
2.  **Receptive Aphasia (Wernicke’s Area):** The person may speak fluently, but the words don't make sense, and they have significant trouble understanding spoken or written language.

### Common Causes of Sudden Onset
Because these symptoms appeared **suddenly**, they are treated as a medical emergency until proven otherwise. Potential causes include:

*   **Stroke:** An interruption of blood flow to the parts of the brain responsible for language (usually in the left hemisphere). This is the most common cause of sudden onset aphasia.
*   **TIA (Transient Ischemic Attack):** Often called a ""mini-stroke,"" where symptoms appear suddenly but","**Disclaimer:** *I am an AI, not a doctor. If someone is experiencing these symptoms right now, call emergency services (such as 911) immediately, as this may be a sign of a stroke.*

### What These Symptoms Indicate
Sudden difficulty speaking, finding words, or understanding language typically indicates **aphasia**, which occurs when there is damage to the language-processing centers of the brain. The most common cause for a sudden onset is a **stroke** (ischemic or hemorrhagic), but other causes include traumatic brain injury, tumors, or severe infections (encephalitis).

### Language Problem vs. Speech Problem
It is critical to distinguish between a **language disorder (Aphasia)** and a **speech/motor disorder (Dysarthria)**.

#### 1. Language Problems (Aphasia)
This is a cognitive failure involving the brain's ability to process symbols and meaning. It is a ""software"" issue.
*   **Expressive Aphasia (Broca’s):** The person knows what they want to say but cannot produce the words or struggles to find them (""tip-of-the-tongue"" phenomenon). They may speak in short, fragmented phrases.
*   **Receptive Aphasia (Wernicke’s):** The person can speak fluently, but the words may be nonsensical (""word salad""), and they cannot understand spoken or written language from others.
*",7.862770195019231,3.947544472507572,2.8862528527102422,41.98345663994981,38.123346547608186,38.96079745502809,25.958702064896755,15.909090909090908,20.178041543026705,38.3480825958702,31.25,36.795252225519285,0.0,0.0,0.0,37.333333333333336,25.333333333333336,28.000000000000004,34.5679012345679,21.83908045977012,27.631578947368425,35.8974358974359,23.45679012345679,27.814569536423843,0.8525737524032593,0.8433060646057129,0.8444551825523376,1.0,0.2442886382341385,0.2962547242641449,3,4,4
